series_id,geo_id,geo_name,ref_date,value,unit
bi_emoney.float_funds,0000,Indonesia (national),2013-01-01,255.70299854200002,IDR billion
bi_emoney.float_funds,0000,Indonesia (national),2013-02-01,272.861075203,IDR billion
bi_emoney.float_funds,0000,Indonesia (national),2013-03-01,279.243046604,IDR billion
bi_emoney.float_funds,0000,Indonesia (national),2013-04-01,270.131733076,IDR billion
bi_emoney.float_funds,0000,Indonesia (national),2013-05-01,269.84646499799993,IDR billion
bi_emoney.float_funds,0000,Indonesia (national),2013-06-01,282.154297483,IDR billion
bi_emoney.float_funds,0000,Indonesia (national),2013-07-01,310.966945037,IDR billion
bi_emoney.float_funds,0000,Indonesia (national),2013-08-01,313.92583368016,IDR billion
bi_emoney.float_funds,0000,Indonesia (national),2013-09-01,304.54150873400005,IDR billion
bi_emoney.float_funds,0000,Indonesia (national),2013-10-01,317.632166563,IDR billion
bi_emoney.float_funds,0000,Indonesia (national),2013-11-01,336.46598892500003,IDR billion
bi_emoney.float_funds,0000,Indonesia (national),2013-12-01,345.48266733099996,IDR billion
bi_emoney.float_funds,0000,Indonesia (national),2014-01-01,354.174299305,IDR billion
bi_emoney.float_funds,0000,Indonesia (national),2014-02-01,347.948486823,IDR billion
bi_emoney.float_funds,0000,Indonesia (national),2014-03-01,374.273820122,IDR billion
bi_emoney.float_funds,0000,Indonesia (national),2014-04-01,384.039983053,IDR billion
bi_emoney.float_funds,0000,Indonesia (national),2014-05-01,406.02732818299995,IDR billion
bi_emoney.float_funds,0000,Indonesia (national),2014-06-01,437.60739005500005,IDR billion
bi_emoney.float_funds,0000,Indonesia (national),2014-07-01,469.6250120539999,IDR billion
bi_emoney.float_funds,0000,Indonesia (national),2014-08-01,469.380087603,IDR billion
bi_emoney.float_funds,0000,Indonesia (national),2014-09-01,490.30449895600003,IDR billion
bi_emoney.float_funds,0000,Indonesia (national),2014-10-01,464.417143162,IDR billion
bi_emoney.float_funds,0000,Indonesia (national),2014-11-01,486.268181127,IDR billion
bi_emoney.float_funds,0000,Indonesia (national),2014-12-01,494.3536905300001,IDR billion
bi_emoney.float_funds,0000,Indonesia (national),2015-01-01,515.3114644960001,IDR billion
bi_emoney.float_funds,0000,Indonesia (national),2015-02-01,501.995630154,IDR billion
bi_emoney.float_funds,0000,Indonesia (national),2015-03-01,530.551616355,IDR billion
bi_emoney.float_funds,0000,Indonesia (national),2015-04-01,533.198855659,IDR billion
bi_emoney.float_funds,0000,Indonesia (national),2015-05-01,735.4803823599999,IDR billion
bi_emoney.float_funds,0000,Indonesia (national),2015-06-01,697.971940595,IDR billion
bi_emoney.float_funds,0000,Indonesia (national),2015-07-01,647.9507136750001,IDR billion
bi_emoney.float_funds,0000,Indonesia (national),2015-08-01,652.8819109579998,IDR billion
bi_emoney.float_funds,0000,Indonesia (national),2015-09-01,672.9400446310001,IDR billion
bi_emoney.float_funds,0000,Indonesia (national),2015-10-01,675.217951633,IDR billion
bi_emoney.float_funds,0000,Indonesia (national),2015-11-01,698.8811968229999,IDR billion
bi_emoney.float_funds,0000,Indonesia (national),2015-12-01,737.786088539,IDR billion
bi_emoney.float_funds,0000,Indonesia (national),2016-01-01,718.1009242059998,IDR billion
bi_emoney.float_funds,0000,Indonesia (national),2016-02-01,781.5730763619999,IDR billion
bi_emoney.float_funds,0000,Indonesia (national),2016-03-01,793.389385508,IDR billion
bi_emoney.float_funds,0000,Indonesia (national),2016-04-01,804.3600635509999,IDR billion
bi_emoney.float_funds,0000,Indonesia (national),2016-05-01,836.288561402,IDR billion
bi_emoney.float_funds,0000,Indonesia (national),2016-06-01,874.537714139,IDR billion
bi_emoney.float_funds,0000,Indonesia (national),2016-07-01,808.5892155150002,IDR billion
bi_emoney.float_funds,0000,Indonesia (national),2016-08-01,897.1654680030001,IDR billion
bi_emoney.float_funds,0000,Indonesia (national),2016-09-01,907.611917067,IDR billion
bi_emoney.float_funds,0000,Indonesia (national),2016-10-01,928.131191792,IDR billion
bi_emoney.float_funds,0000,Indonesia (national),2016-11-01,939.1074138399999,IDR billion
bi_emoney.float_funds,0000,Indonesia (national),2016-12-01,982.3602809419999,IDR billion
bi_emoney.float_funds,0000,Indonesia (national),2017-01-01,917.222293123,IDR billion
bi_emoney.float_funds,0000,Indonesia (national),2017-02-01,933.92228603,IDR billion
bi_emoney.float_funds,0000,Indonesia (national),2017-03-01,984.9295142669997,IDR billion
bi_emoney.float_funds,0000,Indonesia (national),2017-04-01,984.8723750449999,IDR billion
bi_emoney.float_funds,0000,Indonesia (national),2017-05-01,1046.7486306209996,IDR billion
bi_emoney.float_funds,0000,Indonesia (national),2017-06-01,1211.7017982300003,IDR billion
bi_emoney.float_funds,0000,Indonesia (national),2017-07-01,1263.6099194230003,IDR billion
bi_emoney.float_funds,0000,Indonesia (national),2017-08-01,1472.218503491,IDR billion
bi_emoney.float_funds,0000,Indonesia (national),2017-09-01,1538.9068211550004,IDR billion
bi_emoney.float_funds,0000,Indonesia (national),2017-10-01,1728.0267149439997,IDR billion
bi_emoney.float_funds,0000,Indonesia (national),2017-11-01,2032.4256162119996,IDR billion
bi_emoney.float_funds,0000,Indonesia (national),2017-12-01,2421.0944136289995,IDR billion
bi_emoney.float_funds,0000,Indonesia (national),2018-01-01,2180.0923447540004,IDR billion
bi_emoney.float_funds,0000,Indonesia (national),2018-02-01,2246.3687770700003,IDR billion
bi_emoney.float_funds,0000,Indonesia (national),2018-03-01,2410.72458375,IDR billion
bi_emoney.float_funds,0000,Indonesia (national),2018-04-01,2325.001588873,IDR billion
bi_emoney.float_funds,0000,Indonesia (national),2018-05-01,2343.2347252699997,IDR billion
bi_emoney.float_funds,0000,Indonesia (national),2018-06-01,2666.1403412170007,IDR billion
bi_emoney.float_funds,0000,Indonesia (national),2018-07-01,2759.1805731609998,IDR billion
bi_emoney.float_funds,0000,Indonesia (national),2018-08-01,2911.069743218,IDR billion
bi_emoney.float_funds,0000,Indonesia (national),2018-09-01,2966.775439839,IDR billion
bi_emoney.float_funds,0000,Indonesia (national),2018-10-01,3065.3218573973395,IDR billion
bi_emoney.float_funds,0000,Indonesia (national),2018-11-01,3759.082251673999,IDR billion
bi_emoney.float_funds,0000,Indonesia (national),2018-12-01,4033.0082785489503,IDR billion
bi_emoney.float_funds,0000,Indonesia (national),2019-01-01,4342.1735215591,IDR billion
bi_emoney.float_funds,0000,Indonesia (national),2019-02-01,4403.310581482,IDR billion
bi_emoney.float_funds,0000,Indonesia (national),2019-03-01,4416.39841293286,IDR billion
bi_emoney.float_funds,0000,Indonesia (national),2019-04-01,4813.30687248148,IDR billion
bi_emoney.float_funds,0000,Indonesia (national),2019-05-01,5386.078949999999,IDR billion
bi_emoney.float_funds,0000,Indonesia (national),2019-06-01,5514.863496531999,IDR billion
bi_emoney.float_funds,0000,Indonesia (national),2019-07-01,5674.0973699999995,IDR billion
bi_emoney.float_funds,0000,Indonesia (national),2019-08-01,5819.61,IDR billion
bi_emoney.float_funds,0000,Indonesia (national),2019-09-01,5158.767330000001,IDR billion
bi_emoney.float_funds,0000,Indonesia (national),2019-10-01,6441.907649999999,IDR billion
bi_emoney.float_funds,0000,Indonesia (national),2019-11-01,6367.520939999999,IDR billion
bi_emoney.float_funds,0000,Indonesia (national),2019-12-01,6142.712010000001,IDR billion
bi_emoney.float_funds,0000,Indonesia (national),2020-01-01,6823.72316,IDR billion
bi_emoney.float_funds,0000,Indonesia (national),2020-02-01,7277.21883,IDR billion
bi_emoney.float_funds,0000,Indonesia (national),2020-03-01,7688.77731,IDR billion
bi_emoney.float_funds,0000,Indonesia (national),2020-04-01,8106.938419999999,IDR billion
bi_emoney.float_funds,0000,Indonesia (national),2020-05-01,8721.138899999998,IDR billion
bi_emoney.float_funds,0000,Indonesia (national),2020-06-01,9274.088479999995,IDR billion
bi_emoney.float_funds,0000,Indonesia (national),2020-07-01,6608.325149999999,IDR billion
bi_emoney.float_funds,0000,Indonesia (national),2020-08-01,6683.833160000001,IDR billion
bi_emoney.float_funds,0000,Indonesia (national),2020-09-01,6838.255619999999,IDR billion
bi_emoney.float_funds,0000,Indonesia (national),2020-10-01,7509.438649999999,IDR billion
bi_emoney.float_funds,0000,Indonesia (national),2020-11-01,7365.566064300003,IDR billion
bi_emoney.float_funds,0000,Indonesia (national),2020-12-01,7893.32131,IDR billion
bi_emoney.float_funds,0000,Indonesia (national),2021-01-01,7657.345740000002,IDR billion
bi_emoney.float_funds,0000,Indonesia (national),2021-02-01,7706.4794900000015,IDR billion
bi_emoney.float_funds,0000,Indonesia (national),2021-03-01,7438.291640000001,IDR billion
bi_emoney.float_funds,0000,Indonesia (national),2021-04-01,7690.10612,IDR billion
bi_emoney.float_funds,0000,Indonesia (national),2021-05-01,7945.791590000001,IDR billion
bi_emoney.float_funds,0000,Indonesia (national),2021-06-01,8091.829389999998,IDR billion
bi_emoney.float_funds,0000,Indonesia (national),2021-07-01,8296.167270000002,IDR billion
bi_emoney.float_funds,0000,Indonesia (national),2021-08-01,7842.9861,IDR billion
bi_emoney.float_funds,0000,Indonesia (national),2021-09-01,8216.982039999997,IDR billion
bi_emoney.float_funds,0000,Indonesia (national),2021-10-01,8390.37239,IDR billion
bi_emoney.float_funds,0000,Indonesia (national),2021-11-01,8399.02458,IDR billion
bi_emoney.float_funds,0000,Indonesia (national),2021-12-01,11111.52567,IDR billion
bi_emoney.float_funds,0000,Indonesia (national),2022-01-01,10644.548556764004,IDR billion
bi_emoney.float_funds,0000,Indonesia (national),2022-02-01,13441.673510998002,IDR billion
bi_emoney.float_funds,0000,Indonesia (national),2022-03-01,11179.020137613,IDR billion
bi_emoney.float_funds,0000,Indonesia (national),2022-04-01,9940.338473267,IDR billion
bi_emoney.float_funds,0000,Indonesia (national),2022-05-01,9413.220480645998,IDR billion
bi_emoney.float_funds,0000,Indonesia (national),2022-06-01,9363.952610039998,IDR billion
bi_emoney.float_funds,0000,Indonesia (national),2022-07-01,9861.577313849999,IDR billion
bi_emoney.float_funds,0000,Indonesia (national),2022-08-01,9499.601011921006,IDR billion
bi_emoney.float_funds,0000,Indonesia (national),2022-09-01,9776.948149726999,IDR billion
bi_emoney.float_funds,0000,Indonesia (national),2022-10-01,9768.811583357,IDR billion
bi_emoney.float_funds,0000,Indonesia (national),2022-11-01,10135.857261596004,IDR billion
bi_emoney.float_funds,0000,Indonesia (national),2022-12-01,10606.468592904996,IDR billion
bi_emoney.float_funds,0000,Indonesia (national),2023-01-01,10597.536993753003,IDR billion
bi_emoney.float_funds,0000,Indonesia (national),2023-02-01,10788.741423151001,IDR billion
bi_emoney.float_funds,0000,Indonesia (national),2023-03-01,11433.83,IDR billion
bi_emoney.float_funds,0000,Indonesia (national),2023-04-01,11106.522982435003,IDR billion
bi_emoney.float_funds,0000,Indonesia (national),2023-05-01,11196.05178,IDR billion
bi_emoney.float_funds,0000,Indonesia (national),2023-06-01,11455.552024475002,IDR billion
bi_emoney.float_funds,0000,Indonesia (national),2023-07-01,11303.990529528002,IDR billion
bi_emoney.float_funds,0000,Indonesia (national),2023-08-01,11327.143920413004,IDR billion
bi_emoney.float_funds,0000,Indonesia (national),2023-09-01,11527.063957587,IDR billion
bi_emoney.float_funds,0000,Indonesia (national),2023-10-01,11660.274465357003,IDR billion
bi_emoney.float_funds,0000,Indonesia (national),2023-11-01,11887.189537505,IDR billion
bi_emoney.float_funds,0000,Indonesia (national),2023-12-01,12388.835920041996,IDR billion
bi_emoney.float_funds,0000,Indonesia (national),2024-01-01,12078.991192996002,IDR billion
bi_emoney.float_funds,0000,Indonesia (national),2024-02-01,12356.422733049998,IDR billion
bi_emoney.float_funds,0000,Indonesia (national),2024-03-01,12995.421786018,IDR billion
bi_emoney.float_funds,0000,Indonesia (national),2024-04-01,12874.0509271,IDR billion
bi_emoney.float_funds,0000,Indonesia (national),2024-05-01,12821.086512518,IDR billion
bi_emoney.float_funds,0000,Indonesia (national),2024-06-01,13025.820488245994,IDR billion
bi_emoney.float_funds,0000,Indonesia (national),2024-07-01,13016.868902511007,IDR billion
bi_emoney.float_funds,0000,Indonesia (national),2024-08-01,13225.177512109,IDR billion
bi_emoney.float_funds,0000,Indonesia (national),2024-09-01,13134.042665821002,IDR billion
bi_emoney.float_funds,0000,Indonesia (national),2024-10-01,13247.374816852995,IDR billion
bi_emoney.float_funds,0000,Indonesia (national),2024-11-01,13766.529228796997,IDR billion
bi_emoney.float_funds,0000,Indonesia (national),2024-12-01,14205.365371580998,IDR billion
bi_emoney.float_funds,0000,Indonesia (national),2025-01-01,13991.591286933994,IDR billion
bi_emoney.float_funds,0000,Indonesia (national),2025-02-01,14474.868142125,IDR billion
bi_emoney.float_funds,0000,Indonesia (national),2025-03-01,15564.857188579994,IDR billion
bi_emoney.float_funds,0000,Indonesia (national),2025-04-01,14522.857297035996,IDR billion
bi_emoney.float_funds,0000,Indonesia (national),2025-05-01,14812.04054429,IDR billion
bi_emoney.float_funds,0000,Indonesia (national),2025-06-01,14854.323470011996,IDR billion
bi_emoney.float_funds,0000,Indonesia (national),2025-07-01,15045.093129792,IDR billion
bi_emoney.float_funds,0000,Indonesia (national),2025-08-01,15325.528106613956,IDR billion
bi_emoney.float_funds,0000,Indonesia (national),2025-09-01,15514.631662275,IDR billion
bi_emoney.float_funds,0000,Indonesia (national),2025-10-01,15864.823551456007,IDR billion
bi_emoney.float_funds,0000,Indonesia (national),2025-11-01,16442.715635312998,IDR billion
bi_emoney.float_funds,0000,Indonesia (national),2025-12-01,17163.315011708015,IDR billion
bi_emoney.float_funds,0000,Indonesia (national),2026-01-01,17120.50195682098,IDR billion
bi_emoney.float_funds,0000,Indonesia (national),2026-02-01,17706.25523,IDR billion
bi_emoney.float_funds,0000,Indonesia (national),2026-03-01,17966.4231292369,IDR billion
bi_emoney.float_funds,0000,Indonesia (national),2026-04-01,16239.2933473632,IDR billion
bi_emoney.float_funds,0000,Indonesia (national),2026-05-01,18220.4691604941,IDR billion
bi_emoney.float_funds,0000,Indonesia (national),2026-06-01,18417.114,IDR billion
bi_emoney.float_funds_bank,0000,Indonesia (national),2013-01-01,218.01340674300002,IDR billion
bi_emoney.float_funds_bank,0000,Indonesia (national),2013-02-01,219.254746835,IDR billion
bi_emoney.float_funds_bank,0000,Indonesia (national),2013-03-01,225.41147996900003,IDR billion
bi_emoney.float_funds_bank,0000,Indonesia (national),2013-04-01,225.408834206,IDR billion
bi_emoney.float_funds_bank,0000,Indonesia (national),2013-05-01,226.1697585029999,IDR billion
bi_emoney.float_funds_bank,0000,Indonesia (national),2013-06-01,240.326288627,IDR billion
bi_emoney.float_funds_bank,0000,Indonesia (national),2013-07-01,264.88532060200004,IDR billion
bi_emoney.float_funds_bank,0000,Indonesia (national),2013-08-01,261.79006283416,IDR billion
bi_emoney.float_funds_bank,0000,Indonesia (national),2013-09-01,263.08847428,IDR billion
bi_emoney.float_funds_bank,0000,Indonesia (national),2013-10-01,274.275590347,IDR billion
bi_emoney.float_funds_bank,0000,Indonesia (national),2013-11-01,286.136828066,IDR billion
bi_emoney.float_funds_bank,0000,Indonesia (national),2013-12-01,293.65909090699995,IDR billion
bi_emoney.float_funds_bank,0000,Indonesia (national),2014-01-01,300.59418055599997,IDR billion
bi_emoney.float_funds_bank,0000,Indonesia (national),2014-02-01,313.071320015,IDR billion
bi_emoney.float_funds_bank,0000,Indonesia (national),2014-03-01,321.92774856200003,IDR billion
bi_emoney.float_funds_bank,0000,Indonesia (national),2014-04-01,329.80915188200004,IDR billion
bi_emoney.float_funds_bank,0000,Indonesia (national),2014-05-01,338.81479448799996,IDR billion
bi_emoney.float_funds_bank,0000,Indonesia (national),2014-06-01,362.465737879,IDR billion
bi_emoney.float_funds_bank,0000,Indonesia (national),2014-07-01,378.87980569699994,IDR billion
bi_emoney.float_funds_bank,0000,Indonesia (national),2014-08-01,386.627292494,IDR billion
bi_emoney.float_funds_bank,0000,Indonesia (national),2014-09-01,386.61779913000004,IDR billion
bi_emoney.float_funds_bank,0000,Indonesia (national),2014-10-01,391.374131926,IDR billion
bi_emoney.float_funds_bank,0000,Indonesia (national),2014-11-01,417.320186283,IDR billion
bi_emoney.float_funds_bank,0000,Indonesia (national),2014-12-01,422.64317449200007,IDR billion
bi_emoney.float_funds_bank,0000,Indonesia (national),2015-01-01,431.89620411800007,IDR billion
bi_emoney.float_funds_bank,0000,Indonesia (national),2015-02-01,440.965437703,IDR billion
bi_emoney.float_funds_bank,0000,Indonesia (national),2015-03-01,472.92966677799996,IDR billion
bi_emoney.float_funds_bank,0000,Indonesia (national),2015-04-01,474.1899983569999,IDR billion
bi_emoney.float_funds_bank,0000,Indonesia (national),2015-05-01,486.30587317799996,IDR billion
bi_emoney.float_funds_bank,0000,Indonesia (national),2015-06-01,511.953525538,IDR billion
bi_emoney.float_funds_bank,0000,Indonesia (national),2015-07-01,540.7188888570001,IDR billion
bi_emoney.float_funds_bank,0000,Indonesia (national),2015-08-01,537.8339290659999,IDR billion
bi_emoney.float_funds_bank,0000,Indonesia (national),2015-09-01,559.3882896530001,IDR billion
bi_emoney.float_funds_bank,0000,Indonesia (national),2015-10-01,564.309189671,IDR billion
bi_emoney.float_funds_bank,0000,Indonesia (national),2015-11-01,584.1581778539999,IDR billion
bi_emoney.float_funds_bank,0000,Indonesia (national),2015-12-01,629.659109162,IDR billion
bi_emoney.float_funds_bank,0000,Indonesia (national),2016-01-01,610.2902713809999,IDR billion
bi_emoney.float_funds_bank,0000,Indonesia (national),2016-02-01,636.0994649299998,IDR billion
bi_emoney.float_funds_bank,0000,Indonesia (national),2016-03-01,645.927096998,IDR billion
bi_emoney.float_funds_bank,0000,Indonesia (national),2016-04-01,659.48867201,IDR billion
bi_emoney.float_funds_bank,0000,Indonesia (national),2016-05-01,689.509156273,IDR billion
bi_emoney.float_funds_bank,0000,Indonesia (national),2016-06-01,802.2546948209999,IDR billion
bi_emoney.float_funds_bank,0000,Indonesia (national),2016-07-01,736.7348870890003,IDR billion
bi_emoney.float_funds_bank,0000,Indonesia (national),2016-08-01,725.4956428220001,IDR billion
bi_emoney.float_funds_bank,0000,Indonesia (national),2016-09-01,736.8597074740001,IDR billion
bi_emoney.float_funds_bank,0000,Indonesia (national),2016-10-01,748.863052387,IDR billion
bi_emoney.float_funds_bank,0000,Indonesia (national),2016-11-01,762.5224660599999,IDR billion
bi_emoney.float_funds_bank,0000,Indonesia (national),2016-12-01,784.2711854049999,IDR billion
bi_emoney.float_funds_bank,0000,Indonesia (national),2017-01-01,729.463377008,IDR billion
bi_emoney.float_funds_bank,0000,Indonesia (national),2017-02-01,753.673817697,IDR billion
bi_emoney.float_funds_bank,0000,Indonesia (national),2017-03-01,764.4933831649997,IDR billion
bi_emoney.float_funds_bank,0000,Indonesia (national),2017-04-01,768.0948490069999,IDR billion
bi_emoney.float_funds_bank,0000,Indonesia (national),2017-05-01,812.2918419229997,IDR billion
bi_emoney.float_funds_bank,0000,Indonesia (national),2017-06-01,899.7806466080003,IDR billion
bi_emoney.float_funds_bank,0000,Indonesia (national),2017-07-01,874.1966977030004,IDR billion
bi_emoney.float_funds_bank,0000,Indonesia (national),2017-08-01,931.3978987690001,IDR billion
bi_emoney.float_funds_bank,0000,Indonesia (national),2017-09-01,1065.8507994120005,IDR billion
bi_emoney.float_funds_bank,0000,Indonesia (national),2017-10-01,1342.9733511249997,IDR billion
bi_emoney.float_funds_bank,0000,Indonesia (national),2017-11-01,1499.5757962229995,IDR billion
bi_emoney.float_funds_bank,0000,Indonesia (national),2017-12-01,1561.0509790719998,IDR billion
bi_emoney.float_funds_bank,0000,Indonesia (national),2018-01-01,1568.0959051300001,IDR billion
bi_emoney.float_funds_bank,0000,Indonesia (national),2018-02-01,1614.9648967510002,IDR billion
bi_emoney.float_funds_bank,0000,Indonesia (national),2018-03-01,1660.7904227640001,IDR billion
bi_emoney.float_funds_bank,0000,Indonesia (national),2018-04-01,1634.814687096,IDR billion
bi_emoney.float_funds_bank,0000,Indonesia (national),2018-05-01,1711.9199525029996,IDR billion
bi_emoney.float_funds_bank,0000,Indonesia (national),2018-06-01,1884.5937858390007,IDR billion
bi_emoney.float_funds_bank,0000,Indonesia (national),2018-07-01,1889.0364300069998,IDR billion
bi_emoney.float_funds_bank,0000,Indonesia (national),2018-08-01,1898.921234214,IDR billion
bi_emoney.float_funds_bank,0000,Indonesia (national),2018-09-01,1913.7327096519998,IDR billion
bi_emoney.float_funds_bank,0000,Indonesia (national),2018-10-01,1955.3290984659996,IDR billion
bi_emoney.float_funds_bank,0000,Indonesia (national),2018-11-01,2358.997612221999,IDR billion
bi_emoney.float_funds_bank,0000,Indonesia (national),2018-12-01,2564.472608671,IDR billion
bi_emoney.float_funds_bank,0000,Indonesia (national),2019-01-01,2543.963860946,IDR billion
bi_emoney.float_funds_bank,0000,Indonesia (national),2019-02-01,2610.517681579,IDR billion
bi_emoney.float_funds_bank,0000,Indonesia (national),2019-03-01,2601.0974829419997,IDR billion
bi_emoney.float_funds_bank,0000,Indonesia (national),2019-04-01,2613.790356522001,IDR billion
bi_emoney.float_funds_bank,0000,Indonesia (national),2019-05-01,2902.1693499999997,IDR billion
bi_emoney.float_funds_bank,0000,Indonesia (national),2019-06-01,2952.719787490999,IDR billion
bi_emoney.float_funds_bank,0000,Indonesia (national),2019-07-01,2749.0928099999996,IDR billion
bi_emoney.float_funds_bank,0000,Indonesia (national),2019-08-01,2640.3799999999997,IDR billion
bi_emoney.float_funds_bank,0000,Indonesia (national),2019-09-01,2686.390140000001,IDR billion
bi_emoney.float_funds_bank,0000,Indonesia (national),2019-10-01,2691.8618699999997,IDR billion
bi_emoney.float_funds_bank,0000,Indonesia (national),2019-11-01,2663.4354899999994,IDR billion
bi_emoney.float_funds_bank,0000,Indonesia (national),2019-12-01,2811.720620000001,IDR billion
bi_emoney.float_funds_bank,0000,Indonesia (national),2020-01-01,2731.0355999999997,IDR billion
bi_emoney.float_funds_bank,0000,Indonesia (national),2020-02-01,2762.430739999999,IDR billion
bi_emoney.float_funds_bank,0000,Indonesia (national),2020-03-01,2694.99114,IDR billion
bi_emoney.float_funds_bank,0000,Indonesia (national),2020-04-01,2658.110489999999,IDR billion
bi_emoney.float_funds_bank,0000,Indonesia (national),2020-05-01,2650.8918699999986,IDR billion
bi_emoney.float_funds_bank,0000,Indonesia (national),2020-06-01,2787.2276699999957,IDR billion
bi_emoney.float_funds_bank,0000,Indonesia (national),2020-07-01,2830.77101,IDR billion
bi_emoney.float_funds_bank,0000,Indonesia (national),2020-08-01,2846.308740000001,IDR billion
bi_emoney.float_funds_bank,0000,Indonesia (national),2020-09-01,2861.8495199999993,IDR billion
bi_emoney.float_funds_bank,0000,Indonesia (national),2020-10-01,2917.342249999998,IDR billion
bi_emoney.float_funds_bank,0000,Indonesia (national),2020-11-01,2936.394980000001,IDR billion
bi_emoney.float_funds_bank,0000,Indonesia (national),2020-12-01,3016.6794599999985,IDR billion
bi_emoney.float_funds_bank,0000,Indonesia (national),2021-01-01,2943.1399699999993,IDR billion
bi_emoney.float_funds_bank,0000,Indonesia (national),2021-02-01,2966.6698800000004,IDR billion
bi_emoney.float_funds_bank,0000,Indonesia (national),2021-03-01,2992.47221,IDR billion
bi_emoney.float_funds_bank,0000,Indonesia (national),2021-04-01,3022.9419000000007,IDR billion
bi_emoney.float_funds_bank,0000,Indonesia (national),2021-05-01,3058.813159999999,IDR billion
bi_emoney.float_funds_bank,0000,Indonesia (national),2021-06-01,3057.872220000002,IDR billion
bi_emoney.float_funds_bank,0000,Indonesia (national),2021-07-01,3123.2828500000014,IDR billion
bi_emoney.float_funds_bank,0000,Indonesia (national),2021-08-01,3179.448229999999,IDR billion
bi_emoney.float_funds_bank,0000,Indonesia (national),2021-09-01,3215.50987,IDR billion
bi_emoney.float_funds_bank,0000,Indonesia (national),2021-10-01,3264.188369999999,IDR billion
bi_emoney.float_funds_bank,0000,Indonesia (national),2021-11-01,3246.382029999999,IDR billion
bi_emoney.float_funds_bank,0000,Indonesia (national),2021-12-01,5678.8498899999995,IDR billion
bi_emoney.float_funds_bank,0000,Indonesia (national),2022-01-01,5355.052512958005,IDR billion
bi_emoney.float_funds_bank,0000,Indonesia (national),2022-02-01,7747.135420997999,IDR billion
bi_emoney.float_funds_bank,0000,Indonesia (national),2022-03-01,5533.145777613001,IDR billion
bi_emoney.float_funds_bank,0000,Indonesia (national),2022-04-01,3657.8768032670014,IDR billion
bi_emoney.float_funds_bank,0000,Indonesia (national),2022-05-01,3588.992070646,IDR billion
bi_emoney.float_funds_bank,0000,Indonesia (national),2022-06-01,3626.80737004,IDR billion
bi_emoney.float_funds_bank,0000,Indonesia (national),2022-07-01,3621.29865385,IDR billion
bi_emoney.float_funds_bank,0000,Indonesia (national),2022-08-01,3542.5783719210076,IDR billion
bi_emoney.float_funds_bank,0000,Indonesia (national),2022-09-01,3522.402969726998,IDR billion
bi_emoney.float_funds_bank,0000,Indonesia (national),2022-10-01,3531.5841533569974,IDR billion
bi_emoney.float_funds_bank,0000,Indonesia (national),2022-11-01,3586.9166815960025,IDR billion
bi_emoney.float_funds_bank,0000,Indonesia (national),2022-12-01,3651.0701629049972,IDR billion
bi_emoney.float_funds_bank,0000,Indonesia (national),2023-01-01,3621.9989237530035,IDR billion
bi_emoney.float_funds_bank,0000,Indonesia (national),2023-02-01,3632.449913151,IDR billion
bi_emoney.float_funds_bank,0000,Indonesia (national),2023-03-01,4065.8199999999997,IDR billion
bi_emoney.float_funds_bank,0000,Indonesia (national),2023-04-01,3737.6602724350014,IDR billion
bi_emoney.float_funds_bank,0000,Indonesia (national),2023-05-01,3710.6090799999993,IDR billion
bi_emoney.float_funds_bank,0000,Indonesia (national),2023-06-01,3878.8668244750024,IDR billion
bi_emoney.float_funds_bank,0000,Indonesia (national),2023-07-01,3858.1565695280005,IDR billion
bi_emoney.float_funds_bank,0000,Indonesia (national),2023-08-01,3831.101290413005,IDR billion
bi_emoney.float_funds_bank,0000,Indonesia (national),2023-09-01,3907.484157586995,IDR billion
bi_emoney.float_funds_bank,0000,Indonesia (national),2023-10-01,3929.4807653570006,IDR billion
bi_emoney.float_funds_bank,0000,Indonesia (national),2023-11-01,3951.645837504999,IDR billion
bi_emoney.float_funds_bank,0000,Indonesia (national),2023-12-01,4091.040210041996,IDR billion
bi_emoney.float_funds_bank,0000,Indonesia (national),2024-01-01,4017.9756229960003,IDR billion
bi_emoney.float_funds_bank,0000,Indonesia (national),2024-02-01,4017.945023049995,IDR billion
bi_emoney.float_funds_bank,0000,Indonesia (national),2024-03-01,4127.8608760179995,IDR billion
bi_emoney.float_funds_bank,0000,Indonesia (national),2024-04-01,4198.4774770999975,IDR billion
bi_emoney.float_funds_bank,0000,Indonesia (national),2024-05-01,4183.532222517999,IDR billion
bi_emoney.float_funds_bank,0000,Indonesia (national),2024-06-01,4259.787978245993,IDR billion
bi_emoney.float_funds_bank,0000,Indonesia (national),2024-07-01,4269.696952511005,IDR billion
bi_emoney.float_funds_bank,0000,Indonesia (national),2024-08-01,4292.226162108989,IDR billion
bi_emoney.float_funds_bank,0000,Indonesia (national),2024-09-01,4292.284705821001,IDR billion
bi_emoney.float_funds_bank,0000,Indonesia (national),2024-10-01,4308.605476852994,IDR billion
bi_emoney.float_funds_bank,0000,Indonesia (national),2024-11-01,4359.164728797001,IDR billion
bi_emoney.float_funds_bank,0000,Indonesia (national),2024-12-01,4442.467641581003,IDR billion
bi_emoney.float_funds_bank,0000,Indonesia (national),2025-01-01,4470.663606934,IDR billion
bi_emoney.float_funds_bank,0000,Indonesia (national),2025-02-01,4461.923952125002,IDR billion
bi_emoney.float_funds_bank,0000,Indonesia (national),2025-03-01,4813.406938579999,IDR billion
bi_emoney.float_funds_bank,0000,Indonesia (national),2025-04-01,4605.351897036,IDR billion
bi_emoney.float_funds_bank,0000,Indonesia (national),2025-05-01,4633.344354290006,IDR billion
bi_emoney.float_funds_bank,0000,Indonesia (national),2025-06-01,4684.647090011998,IDR billion
bi_emoney.float_funds_bank,0000,Indonesia (national),2025-07-01,4693.556259792,IDR billion
bi_emoney.float_funds_bank,0000,Indonesia (national),2025-08-01,4683.265007172957,IDR billion
bi_emoney.float_funds_bank,0000,Indonesia (national),2025-09-01,4723.208662274999,IDR billion
bi_emoney.float_funds_bank,0000,Indonesia (national),2025-10-01,4774.653551456007,IDR billion
bi_emoney.float_funds_bank,0000,Indonesia (national),2025-11-01,4800.011635312998,IDR billion
bi_emoney.float_funds_bank,0000,Indonesia (national),2025-12-01,4916.535011708014,IDR billion
bi_emoney.float_funds_bank,0000,Indonesia (national),2026-01-01,4895.958956820979,IDR billion
bi_emoney.float_funds_bank,0000,Indonesia (national),2026-02-01,4924.50023,IDR billion
bi_emoney.float_funds_bank,0000,Indonesia (national),2026-03-01,5150.8571292369,IDR billion
bi_emoney.float_funds_bank,0000,Indonesia (national),2026-04-01,5090.575347363199,IDR billion
bi_emoney.float_funds_bank,0000,Indonesia (national),2026-05-01,5098.529160494099,IDR billion
bi_emoney.float_funds_bank,0000,Indonesia (national),2026-06-01,5155.016000000001,IDR billion
bi_emoney.float_funds_nonbank,0000,Indonesia (national),2013-01-01,37.689591799,IDR billion
bi_emoney.float_funds_nonbank,0000,Indonesia (national),2013-02-01,53.606328368,IDR billion
bi_emoney.float_funds_nonbank,0000,Indonesia (national),2013-03-01,53.831566634999994,IDR billion
bi_emoney.float_funds_nonbank,0000,Indonesia (national),2013-04-01,44.72289887,IDR billion
bi_emoney.float_funds_nonbank,0000,Indonesia (national),2013-05-01,43.676706495000005,IDR billion
bi_emoney.float_funds_nonbank,0000,Indonesia (national),2013-06-01,41.828008856000004,IDR billion
bi_emoney.float_funds_nonbank,0000,Indonesia (national),2013-07-01,46.081624434999995,IDR billion
bi_emoney.float_funds_nonbank,0000,Indonesia (national),2013-08-01,52.135770846,IDR billion
bi_emoney.float_funds_nonbank,0000,Indonesia (national),2013-09-01,41.453034454000004,IDR billion
bi_emoney.float_funds_nonbank,0000,Indonesia (national),2013-10-01,43.35657621600001,IDR billion
bi_emoney.float_funds_nonbank,0000,Indonesia (national),2013-11-01,50.329160859000005,IDR billion
bi_emoney.float_funds_nonbank,0000,Indonesia (national),2013-12-01,51.823576424,IDR billion
bi_emoney.float_funds_nonbank,0000,Indonesia (national),2014-01-01,53.58011874900001,IDR billion
bi_emoney.float_funds_nonbank,0000,Indonesia (national),2014-02-01,34.87716680799999,IDR billion
bi_emoney.float_funds_nonbank,0000,Indonesia (national),2014-03-01,52.346071560000006,IDR billion
bi_emoney.float_funds_nonbank,0000,Indonesia (national),2014-04-01,54.230831171,IDR billion
bi_emoney.float_funds_nonbank,0000,Indonesia (national),2014-05-01,67.212533695,IDR billion
bi_emoney.float_funds_nonbank,0000,Indonesia (national),2014-06-01,75.14165217600001,IDR billion
bi_emoney.float_funds_nonbank,0000,Indonesia (national),2014-07-01,90.745206357,IDR billion
bi_emoney.float_funds_nonbank,0000,Indonesia (national),2014-08-01,82.752795109,IDR billion
bi_emoney.float_funds_nonbank,0000,Indonesia (national),2014-09-01,103.686699826,IDR billion
bi_emoney.float_funds_nonbank,0000,Indonesia (national),2014-10-01,73.04301123600001,IDR billion
bi_emoney.float_funds_nonbank,0000,Indonesia (national),2014-11-01,68.94799484400001,IDR billion
bi_emoney.float_funds_nonbank,0000,Indonesia (national),2014-12-01,71.71051603800001,IDR billion
bi_emoney.float_funds_nonbank,0000,Indonesia (national),2015-01-01,83.41526037800003,IDR billion
bi_emoney.float_funds_nonbank,0000,Indonesia (national),2015-02-01,61.030192451000005,IDR billion
bi_emoney.float_funds_nonbank,0000,Indonesia (national),2015-03-01,57.62194957700002,IDR billion
bi_emoney.float_funds_nonbank,0000,Indonesia (national),2015-04-01,59.00885730200001,IDR billion
bi_emoney.float_funds_nonbank,0000,Indonesia (national),2015-05-01,249.17450918199998,IDR billion
bi_emoney.float_funds_nonbank,0000,Indonesia (national),2015-06-01,186.01841505699997,IDR billion
bi_emoney.float_funds_nonbank,0000,Indonesia (national),2015-07-01,107.23182481799998,IDR billion
bi_emoney.float_funds_nonbank,0000,Indonesia (national),2015-08-01,115.047981892,IDR billion
bi_emoney.float_funds_nonbank,0000,Indonesia (national),2015-09-01,113.55175497799999,IDR billion
bi_emoney.float_funds_nonbank,0000,Indonesia (national),2015-10-01,110.908761962,IDR billion
bi_emoney.float_funds_nonbank,0000,Indonesia (national),2015-11-01,114.72301896899998,IDR billion
bi_emoney.float_funds_nonbank,0000,Indonesia (national),2015-12-01,108.12697937699998,IDR billion
bi_emoney.float_funds_nonbank,0000,Indonesia (national),2016-01-01,107.81065282499998,IDR billion
bi_emoney.float_funds_nonbank,0000,Indonesia (national),2016-02-01,145.47361143200004,IDR billion
bi_emoney.float_funds_nonbank,0000,Indonesia (national),2016-03-01,147.46228851,IDR billion
bi_emoney.float_funds_nonbank,0000,Indonesia (national),2016-04-01,144.87139154099998,IDR billion
bi_emoney.float_funds_nonbank,0000,Indonesia (national),2016-05-01,146.779405129,IDR billion
bi_emoney.float_funds_nonbank,0000,Indonesia (national),2016-06-01,72.28301931799999,IDR billion
bi_emoney.float_funds_nonbank,0000,Indonesia (national),2016-07-01,71.85432842599998,IDR billion
bi_emoney.float_funds_nonbank,0000,Indonesia (national),2016-08-01,171.669825181,IDR billion
bi_emoney.float_funds_nonbank,0000,Indonesia (national),2016-09-01,170.752209593,IDR billion
bi_emoney.float_funds_nonbank,0000,Indonesia (national),2016-10-01,179.26813940499997,IDR billion
bi_emoney.float_funds_nonbank,0000,Indonesia (national),2016-11-01,176.58494778,IDR billion
bi_emoney.float_funds_nonbank,0000,Indonesia (national),2016-12-01,198.08909553700005,IDR billion
bi_emoney.float_funds_nonbank,0000,Indonesia (national),2017-01-01,187.75891611500003,IDR billion
bi_emoney.float_funds_nonbank,0000,Indonesia (national),2017-02-01,180.248468333,IDR billion
bi_emoney.float_funds_nonbank,0000,Indonesia (national),2017-03-01,220.436131102,IDR billion
bi_emoney.float_funds_nonbank,0000,Indonesia (national),2017-04-01,216.77752603800005,IDR billion
bi_emoney.float_funds_nonbank,0000,Indonesia (national),2017-05-01,234.456788698,IDR billion
bi_emoney.float_funds_nonbank,0000,Indonesia (national),2017-06-01,311.92115162199997,IDR billion
bi_emoney.float_funds_nonbank,0000,Indonesia (national),2017-07-01,389.4132217199999,IDR billion
bi_emoney.float_funds_nonbank,0000,Indonesia (national),2017-08-01,540.820604722,IDR billion
bi_emoney.float_funds_nonbank,0000,Indonesia (national),2017-09-01,473.056021743,IDR billion
bi_emoney.float_funds_nonbank,0000,Indonesia (national),2017-10-01,385.05336381899997,IDR billion
bi_emoney.float_funds_nonbank,0000,Indonesia (national),2017-11-01,532.849819989,IDR billion
bi_emoney.float_funds_nonbank,0000,Indonesia (national),2017-12-01,860.0434345569998,IDR billion
bi_emoney.float_funds_nonbank,0000,Indonesia (national),2018-01-01,611.9964396240001,IDR billion
bi_emoney.float_funds_nonbank,0000,Indonesia (national),2018-02-01,631.403880319,IDR billion
bi_emoney.float_funds_nonbank,0000,Indonesia (national),2018-03-01,749.9341609859999,IDR billion
bi_emoney.float_funds_nonbank,0000,Indonesia (national),2018-04-01,690.186901777,IDR billion
bi_emoney.float_funds_nonbank,0000,Indonesia (national),2018-05-01,631.314772767,IDR billion
bi_emoney.float_funds_nonbank,0000,Indonesia (national),2018-06-01,781.546555378,IDR billion
bi_emoney.float_funds_nonbank,0000,Indonesia (national),2018-07-01,870.144143154,IDR billion
bi_emoney.float_funds_nonbank,0000,Indonesia (national),2018-08-01,1012.1485090040001,IDR billion
bi_emoney.float_funds_nonbank,0000,Indonesia (national),2018-09-01,1053.042730187,IDR billion
bi_emoney.float_funds_nonbank,0000,Indonesia (national),2018-10-01,1109.99275893134,IDR billion
bi_emoney.float_funds_nonbank,0000,Indonesia (national),2018-11-01,1400.084639452,IDR billion
bi_emoney.float_funds_nonbank,0000,Indonesia (national),2018-12-01,1468.53566987795,IDR billion
bi_emoney.float_funds_nonbank,0000,Indonesia (national),2019-01-01,1798.2096606131001,IDR billion
bi_emoney.float_funds_nonbank,0000,Indonesia (national),2019-02-01,1792.792899903,IDR billion
bi_emoney.float_funds_nonbank,0000,Indonesia (national),2019-03-01,1815.3009299908604,IDR billion
bi_emoney.float_funds_nonbank,0000,Indonesia (national),2019-04-01,2199.5165159594794,IDR billion
bi_emoney.float_funds_nonbank,0000,Indonesia (national),2019-05-01,2483.9095999999995,IDR billion
bi_emoney.float_funds_nonbank,0000,Indonesia (national),2019-06-01,2562.143709041,IDR billion
bi_emoney.float_funds_nonbank,0000,Indonesia (national),2019-07-01,2925.00456,IDR billion
bi_emoney.float_funds_nonbank,0000,Indonesia (national),2019-08-01,3179.23,IDR billion
bi_emoney.float_funds_nonbank,0000,Indonesia (national),2019-09-01,2472.3771899999997,IDR billion
bi_emoney.float_funds_nonbank,0000,Indonesia (national),2019-10-01,3750.0457799999995,IDR billion
bi_emoney.float_funds_nonbank,0000,Indonesia (national),2019-11-01,3704.08545,IDR billion
bi_emoney.float_funds_nonbank,0000,Indonesia (national),2019-12-01,3330.99139,IDR billion
bi_emoney.float_funds_nonbank,0000,Indonesia (national),2020-01-01,4092.68756,IDR billion
bi_emoney.float_funds_nonbank,0000,Indonesia (national),2020-02-01,4514.788090000001,IDR billion
bi_emoney.float_funds_nonbank,0000,Indonesia (national),2020-03-01,4993.78617,IDR billion
bi_emoney.float_funds_nonbank,0000,Indonesia (national),2020-04-01,5448.8279299999995,IDR billion
bi_emoney.float_funds_nonbank,0000,Indonesia (national),2020-05-01,6070.2470299999995,IDR billion
bi_emoney.float_funds_nonbank,0000,Indonesia (national),2020-06-01,6486.860809999999,IDR billion
bi_emoney.float_funds_nonbank,0000,Indonesia (national),2020-07-01,3777.554139999999,IDR billion
bi_emoney.float_funds_nonbank,0000,Indonesia (national),2020-08-01,3837.52442,IDR billion
bi_emoney.float_funds_nonbank,0000,Indonesia (national),2020-09-01,3976.4060999999997,IDR billion
bi_emoney.float_funds_nonbank,0000,Indonesia (national),2020-10-01,4592.096400000001,IDR billion
bi_emoney.float_funds_nonbank,0000,Indonesia (national),2020-11-01,4429.171084300002,IDR billion
bi_emoney.float_funds_nonbank,0000,Indonesia (national),2020-12-01,4876.641850000002,IDR billion
bi_emoney.float_funds_nonbank,0000,Indonesia (national),2021-01-01,4714.205770000002,IDR billion
bi_emoney.float_funds_nonbank,0000,Indonesia (national),2021-02-01,4739.809610000001,IDR billion
bi_emoney.float_funds_nonbank,0000,Indonesia (national),2021-03-01,4445.819430000001,IDR billion
bi_emoney.float_funds_nonbank,0000,Indonesia (national),2021-04-01,4667.16422,IDR billion
bi_emoney.float_funds_nonbank,0000,Indonesia (national),2021-05-01,4886.978430000002,IDR billion
bi_emoney.float_funds_nonbank,0000,Indonesia (national),2021-06-01,5033.957169999996,IDR billion
bi_emoney.float_funds_nonbank,0000,Indonesia (national),2021-07-01,5172.88442,IDR billion
bi_emoney.float_funds_nonbank,0000,Indonesia (national),2021-08-01,4663.537870000001,IDR billion
bi_emoney.float_funds_nonbank,0000,Indonesia (national),2021-09-01,5001.472169999997,IDR billion
bi_emoney.float_funds_nonbank,0000,Indonesia (national),2021-10-01,5126.1840200000015,IDR billion
bi_emoney.float_funds_nonbank,0000,Indonesia (national),2021-11-01,5152.6425500000005,IDR billion
bi_emoney.float_funds_nonbank,0000,Indonesia (national),2021-12-01,5432.675780000001,IDR billion
bi_emoney.float_funds_nonbank,0000,Indonesia (national),2022-01-01,5289.496043806,IDR billion
bi_emoney.float_funds_nonbank,0000,Indonesia (national),2022-02-01,5694.538090000003,IDR billion
bi_emoney.float_funds_nonbank,0000,Indonesia (national),2022-03-01,5645.87436,IDR billion
bi_emoney.float_funds_nonbank,0000,Indonesia (national),2022-04-01,6282.461669999999,IDR billion
bi_emoney.float_funds_nonbank,0000,Indonesia (national),2022-05-01,5824.228409999998,IDR billion
bi_emoney.float_funds_nonbank,0000,Indonesia (national),2022-06-01,5737.145239999998,IDR billion
bi_emoney.float_funds_nonbank,0000,Indonesia (national),2022-07-01,6240.278659999999,IDR billion
bi_emoney.float_funds_nonbank,0000,Indonesia (national),2022-08-01,5957.022639999998,IDR billion
bi_emoney.float_funds_nonbank,0000,Indonesia (national),2022-09-01,6254.545180000001,IDR billion
bi_emoney.float_funds_nonbank,0000,Indonesia (national),2022-10-01,6237.227430000002,IDR billion
bi_emoney.float_funds_nonbank,0000,Indonesia (national),2022-11-01,6548.940580000001,IDR billion
bi_emoney.float_funds_nonbank,0000,Indonesia (national),2022-12-01,6955.398429999998,IDR billion
bi_emoney.float_funds_nonbank,0000,Indonesia (national),2023-01-01,6975.53807,IDR billion
bi_emoney.float_funds_nonbank,0000,Indonesia (national),2023-02-01,7156.291510000001,IDR billion
bi_emoney.float_funds_nonbank,0000,Indonesia (national),2023-03-01,7368.01,IDR billion
bi_emoney.float_funds_nonbank,0000,Indonesia (national),2023-04-01,7368.862710000001,IDR billion
bi_emoney.float_funds_nonbank,0000,Indonesia (national),2023-05-01,7485.4427000000005,IDR billion
bi_emoney.float_funds_nonbank,0000,Indonesia (national),2023-06-01,7576.6852,IDR billion
bi_emoney.float_funds_nonbank,0000,Indonesia (national),2023-07-01,7445.833960000002,IDR billion
bi_emoney.float_funds_nonbank,0000,Indonesia (national),2023-08-01,7496.042629999999,IDR billion
bi_emoney.float_funds_nonbank,0000,Indonesia (national),2023-09-01,7619.579800000004,IDR billion
bi_emoney.float_funds_nonbank,0000,Indonesia (national),2023-10-01,7730.793700000002,IDR billion
bi_emoney.float_funds_nonbank,0000,Indonesia (national),2023-11-01,7935.543700000002,IDR billion
bi_emoney.float_funds_nonbank,0000,Indonesia (national),2023-12-01,8297.79571,IDR billion
bi_emoney.float_funds_nonbank,0000,Indonesia (national),2024-01-01,8061.015570000001,IDR billion
bi_emoney.float_funds_nonbank,0000,Indonesia (national),2024-02-01,8338.477710000003,IDR billion
bi_emoney.float_funds_nonbank,0000,Indonesia (national),2024-03-01,8867.56091,IDR billion
bi_emoney.float_funds_nonbank,0000,Indonesia (national),2024-04-01,8675.573450000002,IDR billion
bi_emoney.float_funds_nonbank,0000,Indonesia (national),2024-05-01,8637.554290000002,IDR billion
bi_emoney.float_funds_nonbank,0000,Indonesia (national),2024-06-01,8766.032510000001,IDR billion
bi_emoney.float_funds_nonbank,0000,Indonesia (national),2024-07-01,8747.171950000002,IDR billion
bi_emoney.float_funds_nonbank,0000,Indonesia (national),2024-08-01,8932.95135000001,IDR billion
bi_emoney.float_funds_nonbank,0000,Indonesia (national),2024-09-01,8841.75796,IDR billion
bi_emoney.float_funds_nonbank,0000,Indonesia (national),2024-10-01,8938.76934,IDR billion
bi_emoney.float_funds_nonbank,0000,Indonesia (national),2024-11-01,9407.364499999996,IDR billion
bi_emoney.float_funds_nonbank,0000,Indonesia (national),2024-12-01,9762.897729999995,IDR billion
bi_emoney.float_funds_nonbank,0000,Indonesia (national),2025-01-01,9520.927679999993,IDR billion
bi_emoney.float_funds_nonbank,0000,Indonesia (national),2025-02-01,10012.944189999998,IDR billion
bi_emoney.float_funds_nonbank,0000,Indonesia (national),2025-03-01,10751.450249999994,IDR billion
bi_emoney.float_funds_nonbank,0000,Indonesia (national),2025-04-01,9917.505399999996,IDR billion
bi_emoney.float_funds_nonbank,0000,Indonesia (national),2025-05-01,10178.696189999993,IDR billion
bi_emoney.float_funds_nonbank,0000,Indonesia (national),2025-06-01,10169.676379999997,IDR billion
bi_emoney.float_funds_nonbank,0000,Indonesia (national),2025-07-01,10351.53687,IDR billion
bi_emoney.float_funds_nonbank,0000,Indonesia (national),2025-08-01,10642.263099441,IDR billion
bi_emoney.float_funds_nonbank,0000,Indonesia (national),2025-09-01,10791.423,IDR billion
bi_emoney.float_funds_nonbank,0000,Indonesia (national),2025-10-01,11090.17,IDR billion
bi_emoney.float_funds_nonbank,0000,Indonesia (national),2025-11-01,11642.704,IDR billion
bi_emoney.float_funds_nonbank,0000,Indonesia (national),2025-12-01,12246.78,IDR billion
bi_emoney.float_funds_nonbank,0000,Indonesia (national),2026-01-01,12224.543,IDR billion
bi_emoney.float_funds_nonbank,0000,Indonesia (national),2026-02-01,12781.755,IDR billion
bi_emoney.float_funds_nonbank,0000,Indonesia (national),2026-03-01,12815.566,IDR billion
bi_emoney.float_funds_nonbank,0000,Indonesia (national),2026-04-01,11148.718,IDR billion
bi_emoney.float_funds_nonbank,0000,Indonesia (national),2026-05-01,13121.94,IDR billion
bi_emoney.float_funds_nonbank,0000,Indonesia (national),2026-06-01,13262.098,IDR billion
bi_emoney.instruments,0000,Indonesia (national),2009-01-01,0.576264,million units
bi_emoney.instruments,0000,Indonesia (national),2009-02-01,1.151832,million units
bi_emoney.instruments,0000,Indonesia (national),2009-03-01,1.423515,million units
bi_emoney.instruments,0000,Indonesia (national),2009-04-01,1.532272,million units
bi_emoney.instruments,0000,Indonesia (national),2009-05-01,1.75395,million units
bi_emoney.instruments,0000,Indonesia (national),2009-06-01,1.861955,million units
bi_emoney.instruments,0000,Indonesia (national),2009-07-01,1.857743,million units
bi_emoney.instruments,0000,Indonesia (national),2009-08-01,2.032859,million units
bi_emoney.instruments,0000,Indonesia (national),2009-09-01,2.313068,million units
bi_emoney.instruments,0000,Indonesia (national),2009-10-01,2.558329,million units
bi_emoney.instruments,0000,Indonesia (national),2009-11-01,2.878604,million units
bi_emoney.instruments,0000,Indonesia (national),2009-12-01,3.016272,million units
bi_emoney.instruments,0000,Indonesia (national),2010-01-01,3.207828,million units
bi_emoney.instruments,0000,Indonesia (national),2010-02-01,3.335234,million units
bi_emoney.instruments,0000,Indonesia (national),2010-03-01,3.503356,million units
bi_emoney.instruments,0000,Indonesia (national),2010-04-01,3.757335,million units
bi_emoney.instruments,0000,Indonesia (national),2010-05-01,4.024801,million units
bi_emoney.instruments,0000,Indonesia (national),2010-06-01,4.860142,million units
bi_emoney.instruments,0000,Indonesia (national),2010-07-01,5.365412,million units
bi_emoney.instruments,0000,Indonesia (national),2010-08-01,6.049007,million units
bi_emoney.instruments,0000,Indonesia (national),2010-09-01,6.444619,million units
bi_emoney.instruments,0000,Indonesia (national),2010-10-01,6.727843,million units
bi_emoney.instruments,0000,Indonesia (national),2010-11-01,7.314991,million units
bi_emoney.instruments,0000,Indonesia (national),2010-12-01,7.914018,million units
bi_emoney.instruments,0000,Indonesia (national),2011-01-01,8.428687,million units
bi_emoney.instruments,0000,Indonesia (national),2011-02-01,8.767341,million units
bi_emoney.instruments,0000,Indonesia (national),2011-03-01,9.400205,million units
bi_emoney.instruments,0000,Indonesia (national),2011-04-01,9.809494,million units
bi_emoney.instruments,0000,Indonesia (national),2011-05-01,10.196197,million units
bi_emoney.instruments,0000,Indonesia (national),2011-06-01,10.715036,million units
bi_emoney.instruments,0000,Indonesia (national),2011-07-01,10.853193,million units
bi_emoney.instruments,0000,Indonesia (national),2011-08-01,11.295213,million units
bi_emoney.instruments,0000,Indonesia (national),2011-09-01,11.708064,million units
bi_emoney.instruments,0000,Indonesia (national),2011-10-01,12.130185,million units
bi_emoney.instruments,0000,Indonesia (national),2011-11-01,12.831293,million units
bi_emoney.instruments,0000,Indonesia (national),2011-12-01,14.299726,million units
bi_emoney.instruments,0000,Indonesia (national),2012-01-01,14.550985,million units
bi_emoney.instruments,0000,Indonesia (national),2012-02-01,15.210901,million units
bi_emoney.instruments,0000,Indonesia (national),2012-03-01,15.6453,million units
bi_emoney.instruments,0000,Indonesia (national),2012-04-01,15.986978,million units
bi_emoney.instruments,0000,Indonesia (national),2012-05-01,16.24009,million units
bi_emoney.instruments,0000,Indonesia (national),2012-06-01,16.960775,million units
bi_emoney.instruments,0000,Indonesia (national),2012-07-01,17.927915,million units
bi_emoney.instruments,0000,Indonesia (national),2012-08-01,18.908615,million units
bi_emoney.instruments,0000,Indonesia (national),2012-09-01,19.561502,million units
bi_emoney.instruments,0000,Indonesia (national),2012-10-01,20.4645680828041,million units
bi_emoney.instruments,0000,Indonesia (national),2012-11-01,21.205926,million units
bi_emoney.instruments,0000,Indonesia (national),2012-12-01,21.869946,million units
bi_emoney.instruments,0000,Indonesia (national),2013-01-01,22.418799,million units
bi_emoney.instruments,0000,Indonesia (national),2013-02-01,23.058594,million units
bi_emoney.instruments,0000,Indonesia (national),2013-03-01,24.069229,million units
bi_emoney.instruments,0000,Indonesia (national),2013-04-01,24.921761,million units
bi_emoney.instruments,0000,Indonesia (national),2013-05-01,25.651434,million units
bi_emoney.instruments,0000,Indonesia (national),2013-06-01,26.283201,million units
bi_emoney.instruments,0000,Indonesia (national),2013-07-01,27.113304,million units
bi_emoney.instruments,0000,Indonesia (national),2013-08-01,27.125391,million units
bi_emoney.instruments,0000,Indonesia (national),2013-09-01,27.998312,million units
bi_emoney.instruments,0000,Indonesia (national),2013-10-01,28.483099,million units
bi_emoney.instruments,0000,Indonesia (national),2013-11-01,28.756751,million units
bi_emoney.instruments,0000,Indonesia (national),2013-12-01,36.225373,million units
bi_emoney.instruments,0000,Indonesia (national),2014-01-01,36.483012,million units
bi_emoney.instruments,0000,Indonesia (national),2014-02-01,36.816353,million units
bi_emoney.instruments,0000,Indonesia (national),2014-03-01,29.88451,million units
bi_emoney.instruments,0000,Indonesia (national),2014-04-01,30.485077,million units
bi_emoney.instruments,0000,Indonesia (national),2014-05-01,30.928088,million units
bi_emoney.instruments,0000,Indonesia (national),2014-06-01,31.598904,million units
bi_emoney.instruments,0000,Indonesia (national),2014-07-01,32.389604,million units
bi_emoney.instruments,0000,Indonesia (national),2014-08-01,33.325231,million units
bi_emoney.instruments,0000,Indonesia (national),2014-09-01,33.686956,million units
bi_emoney.instruments,0000,Indonesia (national),2014-10-01,34.271403,million units
bi_emoney.instruments,0000,Indonesia (national),2014-11-01,34.831783,million units
bi_emoney.instruments,0000,Indonesia (national),2014-12-01,35.738233,million units
bi_emoney.instruments,0000,Indonesia (national),2015-01-01,35.901312,million units
bi_emoney.instruments,0000,Indonesia (national),2015-02-01,36.5962,million units
bi_emoney.instruments,0000,Indonesia (national),2015-03-01,37.995797,million units
bi_emoney.instruments,0000,Indonesia (national),2015-04-01,38.847376,million units
bi_emoney.instruments,0000,Indonesia (national),2015-05-01,39.541902,million units
bi_emoney.instruments,0000,Indonesia (national),2015-06-01,40.301411,million units
bi_emoney.instruments,0000,Indonesia (national),2015-07-01,41.154921,million units
bi_emoney.instruments,0000,Indonesia (national),2015-08-01,41.917154,million units
bi_emoney.instruments,0000,Indonesia (national),2015-09-01,42.714621,million units
bi_emoney.instruments,0000,Indonesia (national),2015-10-01,43.496256,million units
bi_emoney.instruments,0000,Indonesia (national),2015-11-01,44.540498,million units
bi_emoney.instruments,0000,Indonesia (national),2015-12-01,34.314795,million units
bi_emoney.instruments,0000,Indonesia (national),2016-01-01,35.084652,million units
bi_emoney.instruments,0000,Indonesia (national),2016-02-01,35.876523,million units
bi_emoney.instruments,0000,Indonesia (national),2016-03-01,36.813643,million units
bi_emoney.instruments,0000,Indonesia (national),2016-04-01,37.372532,million units
bi_emoney.instruments,0000,Indonesia (national),2016-05-01,38.350023,million units
bi_emoney.instruments,0000,Indonesia (national),2016-06-01,39.575555,million units
bi_emoney.instruments,0000,Indonesia (national),2016-07-01,40.875095,million units
bi_emoney.instruments,0000,Indonesia (national),2016-08-01,43.087252,million units
bi_emoney.instruments,0000,Indonesia (national),2016-09-01,45.045204,million units
bi_emoney.instruments,0000,Indonesia (national),2016-10-01,46.587285,million units
bi_emoney.instruments,0000,Indonesia (national),2016-11-01,49.410753,million units
bi_emoney.instruments,0000,Indonesia (national),2016-12-01,51.20458,million units
bi_emoney.instruments,0000,Indonesia (national),2017-01-01,52.70335,million units
bi_emoney.instruments,0000,Indonesia (national),2017-02-01,53.953303,million units
bi_emoney.instruments,0000,Indonesia (national),2017-03-01,56.056861,million units
bi_emoney.instruments,0000,Indonesia (national),2017-04-01,57.768225,million units
bi_emoney.instruments,0000,Indonesia (national),2017-05-01,60.130482,million units
bi_emoney.instruments,0000,Indonesia (national),2017-06-01,63.707377,million units
bi_emoney.instruments,0000,Indonesia (national),2017-07-01,69.457592,million units
bi_emoney.instruments,0000,Indonesia (national),2017-08-01,68.841316,million units
bi_emoney.instruments,0000,Indonesia (national),2017-09-01,71.783618,million units
bi_emoney.instruments,0000,Indonesia (national),2017-10-01,75.846689,million units
bi_emoney.instruments,0000,Indonesia (national),2017-11-01,113.722577,million units
bi_emoney.instruments,0000,Indonesia (national),2017-12-01,90.003848,million units
bi_emoney.instruments,0000,Indonesia (national),2018-01-01,97.163539,million units
bi_emoney.instruments,0000,Indonesia (national),2018-02-01,103.707405,million units
bi_emoney.instruments,0000,Indonesia (national),2018-03-01,109.775772,million units
bi_emoney.instruments,0000,Indonesia (national),2018-04-01,113.837552,million units
bi_emoney.instruments,0000,Indonesia (national),2018-05-01,118.65097,million units
bi_emoney.instruments,0000,Indonesia (national),2018-06-01,125.182806,million units
bi_emoney.instruments,0000,Indonesia (national),2018-07-01,131.806962,million units
bi_emoney.instruments,0000,Indonesia (national),2018-08-01,135.812593,million units
bi_emoney.instruments,0000,Indonesia (national),2018-09-01,142.477296,million units
bi_emoney.instruments,0000,Indonesia (national),2018-10-01,144.361292,million units
bi_emoney.instruments,0000,Indonesia (national),2018-11-01,152.073288,million units
bi_emoney.instruments,0000,Indonesia (national),2018-12-01,167.205578,million units
bi_emoney.instruments,0000,Indonesia (national),2019-01-01,173.825919,million units
bi_emoney.instruments,0000,Indonesia (national),2019-02-01,189.222546,million units
bi_emoney.instruments,0000,Indonesia (national),2019-03-01,199.174153,million units
bi_emoney.instruments,0000,Indonesia (national),2019-04-01,197.413945,million units
bi_emoney.instruments,0000,Indonesia (national),2019-05-01,198.79078600000003,million units
bi_emoney.instruments,0000,Indonesia (national),2019-06-01,209.891847,million units
bi_emoney.instruments,0000,Indonesia (national),2019-07-01,232.348971,million units
bi_emoney.instruments,0000,Indonesia (national),2019-08-01,250.477938,million units
bi_emoney.instruments,0000,Indonesia (national),2019-09-01,257.078749,million units
bi_emoney.instruments,0000,Indonesia (national),2019-10-01,269.340218,million units
bi_emoney.instruments,0000,Indonesia (national),2019-11-01,277.925012,million units
bi_emoney.instruments,0000,Indonesia (national),2019-12-01,292.29932,million units
bi_emoney.instruments,0000,Indonesia (national),2020-01-01,313.785298,million units
bi_emoney.instruments,0000,Indonesia (national),2020-02-01,319.294014,million units
bi_emoney.instruments,0000,Indonesia (national),2020-03-01,330.391364,million units
bi_emoney.instruments,0000,Indonesia (national),2020-04-01,412.05586999999997,million units
bi_emoney.instruments,0000,Indonesia (national),2020-05-01,346.881617,million units
bi_emoney.instruments,0000,Indonesia (national),2020-06-01,353.58767,million units
bi_emoney.instruments,0000,Indonesia (national),2020-07-01,359.670019,million units
bi_emoney.instruments,0000,Indonesia (national),2020-08-01,376.142547,million units
bi_emoney.instruments,0000,Indonesia (national),2020-09-01,393.904001,million units
bi_emoney.instruments,0000,Indonesia (national),2020-10-01,410.656671,million units
bi_emoney.instruments,0000,Indonesia (national),2020-11-01,420.412942,million units
bi_emoney.instruments,0000,Indonesia (national),2020-12-01,432.28138,million units
bi_emoney.instruments,0000,Indonesia (national),2021-01-01,442.612567,million units
bi_emoney.instruments,0000,Indonesia (national),2021-02-01,456.736475,million units
bi_emoney.instruments,0000,Indonesia (national),2021-03-01,470.811351,million units
bi_emoney.instruments,0000,Indonesia (national),2021-04-01,483.354024,million units
bi_emoney.instruments,0000,Indonesia (national),2021-05-01,498.202416,million units
bi_emoney.instruments,0000,Indonesia (national),2021-06-01,511.254525,million units
bi_emoney.instruments,0000,Indonesia (national),2021-07-01,495.280424,million units
bi_emoney.instruments,0000,Indonesia (national),2021-08-01,513.968693,million units
bi_emoney.instruments,0000,Indonesia (national),2021-09-01,530.66451,million units
bi_emoney.instruments,0000,Indonesia (national),2021-10-01,544.192781,million units
bi_emoney.instruments,0000,Indonesia (national),2021-11-01,558.959664,million units
bi_emoney.instruments,0000,Indonesia (national),2021-12-01,575.323419,million units
bi_emoney.instruments,0000,Indonesia (national),2022-01-01,583.3416119999999,million units
bi_emoney.instruments,0000,Indonesia (national),2022-02-01,594.170222,million units
bi_emoney.instruments,0000,Indonesia (national),2022-03-01,604.413623,million units
bi_emoney.instruments,0000,Indonesia (national),2022-04-01,620.7820750000001,million units
bi_emoney.instruments,0000,Indonesia (national),2022-05-01,632.9555869999999,million units
bi_emoney.instruments,0000,Indonesia (national),2022-06-01,728.3726260000001,million units
bi_emoney.instruments,0000,Indonesia (national),2022-07-01,803.990597,million units
bi_emoney.instruments,0000,Indonesia (national),2022-08-01,892.547152,million units
bi_emoney.instruments,0000,Indonesia (national),2022-09-01,985.642548,million units
bi_emoney.instruments,0000,Indonesia (national),2022-10-01,1028.643594,million units
bi_emoney.instruments,0000,Indonesia (national),2022-11-01,772.5656660000001,million units
bi_emoney.instruments,0000,Indonesia (national),2022-12-01,730.7010379999999,million units
bi_emoney.instruments,0000,Indonesia (national),2023-01-01,709.074721,million units
bi_emoney.instruments,0000,Indonesia (national),2023-02-01,742.926784,million units
bi_emoney.instruments,0000,Indonesia (national),2023-03-01,745.813419,million units
bi_emoney.instruments,0000,Indonesia (national),2023-04-01,744.589565,million units
bi_emoney.instruments,0000,Indonesia (national),2023-05-01,754.634318,million units
bi_emoney.instruments,0000,Indonesia (national),2023-06-01,756.193282,million units
bi_emoney.instruments,0000,Indonesia (national),2023-07-01,769.128341,million units
bi_emoney.instruments,0000,Indonesia (national),2023-08-01,777.358573,million units
bi_emoney.instruments,0000,Indonesia (national),2023-09-01,782.859101,million units
bi_emoney.instruments,0000,Indonesia (national),2023-10-01,794.643692,million units
bi_emoney.instruments,0000,Indonesia (national),2023-11-01,801.003871,million units
bi_emoney.instruments,0000,Indonesia (national),2023-12-01,809.783312,million units
bi_emoney.instruments,0000,Indonesia (national),2024-01-01,820.20368,million units
bi_emoney.instruments,0000,Indonesia (national),2024-02-01,828.402568,million units
bi_emoney.instruments,0000,Indonesia (national),2024-03-01,843.360894,million units
bi_emoney.instruments,0000,Indonesia (national),2024-04-01,852.061343,million units
bi_emoney.instruments,0000,Indonesia (national),2024-05-01,861.4334299999999,million units
bi_emoney.instruments,0000,Indonesia (national),2024-06-01,869.556027,million units
bi_emoney.instruments,0000,Indonesia (national),2024-07-01,878.4493329999999,million units
bi_emoney.instruments,0000,Indonesia (national),2024-08-01,887.797058,million units
bi_emoney.instruments,0000,Indonesia (national),2024-09-01,893.6154750000001,million units
bi_emoney.instruments,0000,Indonesia (national),2024-10-01,906.494941,million units
bi_emoney.instruments,0000,Indonesia (national),2024-11-01,911.8834009999999,million units
bi_emoney.instruments,0000,Indonesia (national),2024-12-01,922.069268,million units
bi_emoney.instruments,0000,Indonesia (national),2025-01-01,931.485096,million units
bi_emoney.instruments,0000,Indonesia (national),2025-02-01,941.433801,million units
bi_emoney.instruments,0000,Indonesia (national),2025-03-01,953.362896,million units
bi_emoney.instruments,0000,Indonesia (national),2025-04-01,964.5791509999999,million units
bi_emoney.instruments,0000,Indonesia (national),2025-05-01,975.045409,million units
bi_emoney.instruments,0000,Indonesia (national),2025-06-01,985.284153,million units
bi_emoney.instruments,0000,Indonesia (national),2025-07-01,1004.02394,million units
bi_emoney.instruments,0000,Indonesia (national),2025-08-01,1020.0148239999993,million units
bi_emoney.instruments,0000,Indonesia (national),2025-09-01,1031.750997,million units
bi_emoney.instruments,0000,Indonesia (national),2025-10-01,1043.275558,million units
bi_emoney.instruments,0000,Indonesia (national),2025-11-01,1058.2401350000018,million units
bi_emoney.instruments,0000,Indonesia (national),2025-12-01,1065.4418389999998,million units
bi_emoney.instruments,0000,Indonesia (national),2026-01-01,1072.602551,million units
bi_emoney.instruments,0000,Indonesia (national),2026-02-01,1067.73214,million units
bi_emoney.instruments,0000,Indonesia (national),2026-03-01,1052.8973059999998,million units
bi_emoney.instruments,0000,Indonesia (national),2026-04-01,1052.816368,million units
bi_emoney.instruments,0000,Indonesia (national),2026-05-01,1111.7420849999999,million units
bi_emoney.instruments,0000,Indonesia (national),2026-06-01,1117.77194,million units
bi_emoney.instruments_chip,0000,Indonesia (national),2013-01-01,9.391467,million units
bi_emoney.instruments_chip,0000,Indonesia (national),2013-02-01,9.607338,million units
bi_emoney.instruments_chip,0000,Indonesia (national),2013-03-01,9.85277,million units
bi_emoney.instruments_chip,0000,Indonesia (national),2013-04-01,10.200723164387465,million units
bi_emoney.instruments_chip,0000,Indonesia (national),2013-05-01,10.418588388366011,million units
bi_emoney.instruments_chip,0000,Indonesia (national),2013-06-01,10.595689465843972,million units
bi_emoney.instruments_chip,0000,Indonesia (national),2013-07-01,10.849754191276274,million units
bi_emoney.instruments_chip,0000,Indonesia (national),2013-08-01,11.17391811339804,million units
bi_emoney.instruments_chip,0000,Indonesia (national),2013-09-01,11.393645689052821,million units
bi_emoney.instruments_chip,0000,Indonesia (national),2013-10-01,11.619413636969036,million units
bi_emoney.instruments_chip,0000,Indonesia (national),2013-11-01,11.804946834584932,million units
bi_emoney.instruments_chip,0000,Indonesia (national),2013-12-01,14.944157806259131,million units
bi_emoney.instruments_chip,0000,Indonesia (national),2014-01-01,15.078354942648426,million units
bi_emoney.instruments_chip,0000,Indonesia (national),2014-02-01,15.233537743630412,million units
bi_emoney.instruments_chip,0000,Indonesia (national),2014-03-01,12.427941,million units
bi_emoney.instruments_chip,0000,Indonesia (national),2014-04-01,12.81236,million units
bi_emoney.instruments_chip,0000,Indonesia (national),2014-05-01,13.097669,million units
bi_emoney.instruments_chip,0000,Indonesia (national),2014-06-01,13.481489,million units
bi_emoney.instruments_chip,0000,Indonesia (national),2014-07-01,13.817059,million units
bi_emoney.instruments_chip,0000,Indonesia (national),2014-08-01,14.332131,million units
bi_emoney.instruments_chip,0000,Indonesia (national),2014-09-01,14.643884,million units
bi_emoney.instruments_chip,0000,Indonesia (national),2014-10-01,15.4425114318102,million units
bi_emoney.instruments_chip,0000,Indonesia (national),2014-11-01,15.263172,million units
bi_emoney.instruments_chip,0000,Indonesia (national),2014-12-01,15.798407,million units
bi_emoney.instruments_chip,0000,Indonesia (national),2015-01-01,15.977859679845224,million units
bi_emoney.instruments_chip,0000,Indonesia (national),2015-02-01,16.288356653781403,million units
bi_emoney.instruments_chip,0000,Indonesia (national),2015-03-01,17.344996135452195,million units
bi_emoney.instruments_chip,0000,Indonesia (national),2015-04-01,17.691688,million units
bi_emoney.instruments_chip,0000,Indonesia (national),2015-05-01,17.96192,million units
bi_emoney.instruments_chip,0000,Indonesia (national),2015-06-01,18.281497,million units
bi_emoney.instruments_chip,0000,Indonesia (national),2015-07-01,18.686883,million units
bi_emoney.instruments_chip,0000,Indonesia (national),2015-08-01,18.976011,million units
bi_emoney.instruments_chip,0000,Indonesia (national),2015-09-01,19.28022285296838,million units
bi_emoney.instruments_chip,0000,Indonesia (national),2015-10-01,19.599181,million units
bi_emoney.instruments_chip,0000,Indonesia (national),2015-11-01,19.927965,million units
bi_emoney.instruments_chip,0000,Indonesia (national),2015-12-01,20.356878,million units
bi_emoney.instruments_chip,0000,Indonesia (national),2016-01-01,20.688759,million units
bi_emoney.instruments_chip,0000,Indonesia (national),2016-02-01,21.034729,million units
bi_emoney.instruments_chip,0000,Indonesia (national),2016-03-01,21.424449,million units
bi_emoney.instruments_chip,0000,Indonesia (national),2016-04-01,21.817264,million units
bi_emoney.instruments_chip,0000,Indonesia (national),2016-05-01,22.235614644114047,million units
bi_emoney.instruments_chip,0000,Indonesia (national),2016-06-01,22.70577867162106,million units
bi_emoney.instruments_chip,0000,Indonesia (national),2016-07-01,23.13150496796006,million units
bi_emoney.instruments_chip,0000,Indonesia (national),2016-08-01,24.423758837321234,million units
bi_emoney.instruments_chip,0000,Indonesia (national),2016-09-01,25.762237955042906,million units
bi_emoney.instruments_chip,0000,Indonesia (national),2016-10-01,26.27490728936474,million units
bi_emoney.instruments_chip,0000,Indonesia (national),2016-11-01,25.87424177516291,million units
bi_emoney.instruments_chip,0000,Indonesia (national),2016-12-01,26.381753753098856,million units
bi_emoney.instruments_chip,0000,Indonesia (national),2017-01-01,26.935969567454798,million units
bi_emoney.instruments_chip,0000,Indonesia (national),2017-02-01,27.34044561896033,million units
bi_emoney.instruments_chip,0000,Indonesia (national),2017-03-01,27.067217410091683,million units
bi_emoney.instruments_chip,0000,Indonesia (national),2017-04-01,26.770359409842506,million units
bi_emoney.instruments_chip,0000,Indonesia (national),2017-05-01,27.95695017411502,million units
bi_emoney.instruments_chip,0000,Indonesia (national),2017-06-01,30.319991777319935,million units
bi_emoney.instruments_chip,0000,Indonesia (national),2017-07-01,32.80381353596391,million units
bi_emoney.instruments_chip,0000,Indonesia (national),2017-08-01,33.848082171308974,million units
bi_emoney.instruments_chip,0000,Indonesia (national),2017-09-01,35.71714325833355,million units
bi_emoney.instruments_chip,0000,Indonesia (national),2017-10-01,37.738792389696364,million units
bi_emoney.instruments_chip,0000,Indonesia (national),2017-11-01,39.993014630917756,million units
bi_emoney.instruments_chip,0000,Indonesia (national),2017-12-01,40.909378523734645,million units
bi_emoney.instruments_chip,0000,Indonesia (national),2018-01-01,41.990073265677324,million units
bi_emoney.instruments_chip,0000,Indonesia (national),2018-02-01,42.09658087729165,million units
bi_emoney.instruments_chip,0000,Indonesia (national),2018-03-01,44.164673,million units
bi_emoney.instruments_chip,0000,Indonesia (national),2018-04-01,44.538485,million units
bi_emoney.instruments_chip,0000,Indonesia (national),2018-05-01,45.203349,million units
bi_emoney.instruments_chip,0000,Indonesia (national),2018-06-01,45.958715,million units
bi_emoney.instruments_chip,0000,Indonesia (national),2018-07-01,45.76788334198312,million units
bi_emoney.instruments_chip,0000,Indonesia (national),2018-08-01,47.4124734695753,million units
bi_emoney.instruments_chip,0000,Indonesia (national),2018-09-01,48.329084,million units
bi_emoney.instruments_chip,0000,Indonesia (national),2018-10-01,48.62704349279321,million units
bi_emoney.instruments_chip,0000,Indonesia (national),2018-11-01,48.23971130296276,million units
bi_emoney.instruments_chip,0000,Indonesia (national),2018-12-01,55.482306877529524,million units
bi_emoney.instruments_chip,0000,Indonesia (national),2019-01-01,50.67828821549085,million units
bi_emoney.instruments_chip,0000,Indonesia (national),2019-02-01,58.61398382254735,million units
bi_emoney.instruments_chip,0000,Indonesia (national),2019-03-01,59.28980680393467,million units
bi_emoney.instruments_chip,0000,Indonesia (national),2019-04-01,53.746387,million units
bi_emoney.instruments_chip,0000,Indonesia (national),2019-05-01,55.078839,million units
bi_emoney.instruments_chip,0000,Indonesia (national),2019-06-01,55.83456,million units
bi_emoney.instruments_chip,0000,Indonesia (national),2019-07-01,56.246157,million units
bi_emoney.instruments_chip,0000,Indonesia (national),2019-08-01,57.090028,million units
bi_emoney.instruments_chip,0000,Indonesia (national),2019-09-01,57.977455,million units
bi_emoney.instruments_chip,0000,Indonesia (national),2019-10-01,58.695009,million units
bi_emoney.instruments_chip,0000,Indonesia (national),2019-11-01,59.523376,million units
bi_emoney.instruments_chip,0000,Indonesia (national),2019-12-01,60.343126,million units
bi_emoney.instruments_chip,0000,Indonesia (national),2020-01-01,61.149954,million units
bi_emoney.instruments_chip,0000,Indonesia (national),2020-02-01,61.277401,million units
bi_emoney.instruments_chip,0000,Indonesia (national),2020-03-01,62.164473,million units
bi_emoney.instruments_chip,0000,Indonesia (national),2020-04-01,62.996734,million units
bi_emoney.instruments_chip,0000,Indonesia (national),2020-05-01,63.388519,million units
bi_emoney.instruments_chip,0000,Indonesia (national),2020-06-01,63.601124,million units
bi_emoney.instruments_chip,0000,Indonesia (national),2020-07-01,64.554652,million units
bi_emoney.instruments_chip,0000,Indonesia (national),2020-08-01,65.155916,million units
bi_emoney.instruments_chip,0000,Indonesia (national),2020-09-01,66.016052,million units
bi_emoney.instruments_chip,0000,Indonesia (national),2020-10-01,66.650617,million units
bi_emoney.instruments_chip,0000,Indonesia (national),2020-11-01,67.511946,million units
bi_emoney.instruments_chip,0000,Indonesia (national),2020-12-01,68.403814,million units
bi_emoney.instruments_chip,0000,Indonesia (national),2021-01-01,69.187887,million units
bi_emoney.instruments_chip,0000,Indonesia (national),2021-02-01,69.811381,million units
bi_emoney.instruments_chip,0000,Indonesia (national),2021-03-01,70.847616,million units
bi_emoney.instruments_chip,0000,Indonesia (national),2021-04-01,72.019935,million units
bi_emoney.instruments_chip,0000,Indonesia (national),2021-05-01,73.341272,million units
bi_emoney.instruments_chip,0000,Indonesia (national),2021-06-01,74.107346,million units
bi_emoney.instruments_chip,0000,Indonesia (national),2021-07-01,75.035511,million units
bi_emoney.instruments_chip,0000,Indonesia (national),2021-08-01,73.250373,million units
bi_emoney.instruments_chip,0000,Indonesia (national),2021-09-01,74.009445,million units
bi_emoney.instruments_chip,0000,Indonesia (national),2021-10-01,74.779855,million units
bi_emoney.instruments_chip,0000,Indonesia (national),2021-11-01,76.459282,million units
bi_emoney.instruments_chip,0000,Indonesia (national),2021-12-01,79.576206,million units
bi_emoney.instruments_chip,0000,Indonesia (national),2022-01-01,80.687895,million units
bi_emoney.instruments_chip,0000,Indonesia (national),2022-02-01,81.186196,million units
bi_emoney.instruments_chip,0000,Indonesia (national),2022-03-01,82.134506,million units
bi_emoney.instruments_chip,0000,Indonesia (national),2022-04-01,80.777264,million units
bi_emoney.instruments_chip,0000,Indonesia (national),2022-05-01,84.532838,million units
bi_emoney.instruments_chip,0000,Indonesia (national),2022-06-01,84.914471,million units
bi_emoney.instruments_chip,0000,Indonesia (national),2022-07-01,85.592818,million units
bi_emoney.instruments_chip,0000,Indonesia (national),2022-08-01,86.403766,million units
bi_emoney.instruments_chip,0000,Indonesia (national),2022-09-01,87.438244,million units
bi_emoney.instruments_chip,0000,Indonesia (national),2022-10-01,88.50619,million units
bi_emoney.instruments_chip,0000,Indonesia (national),2022-11-01,89.094502,million units
bi_emoney.instruments_chip,0000,Indonesia (national),2022-12-01,90.180183,million units
bi_emoney.instruments_chip,0000,Indonesia (national),2023-01-01,90.74628,million units
bi_emoney.instruments_chip,0000,Indonesia (national),2023-02-01,91.590313,million units
bi_emoney.instruments_chip,0000,Indonesia (national),2023-03-01,93.046216,million units
bi_emoney.instruments_chip,0000,Indonesia (national),2023-04-01,93.787962,million units
bi_emoney.instruments_chip,0000,Indonesia (national),2023-05-01,94.252224,million units
bi_emoney.instruments_chip,0000,Indonesia (national),2023-06-01,95.114784,million units
bi_emoney.instruments_chip,0000,Indonesia (national),2023-07-01,96.035034,million units
bi_emoney.instruments_chip,0000,Indonesia (national),2023-08-01,96.811547,million units
bi_emoney.instruments_chip,0000,Indonesia (national),2023-09-01,94.971551,million units
bi_emoney.instruments_chip,0000,Indonesia (national),2023-10-01,99.001084,million units
bi_emoney.instruments_chip,0000,Indonesia (national),2023-11-01,99.684081,million units
bi_emoney.instruments_chip,0000,Indonesia (national),2023-12-01,100.89826,million units
bi_emoney.instruments_chip,0000,Indonesia (national),2024-01-01,104.620689,million units
bi_emoney.instruments_chip,0000,Indonesia (national),2024-02-01,105.292981,million units
bi_emoney.instruments_chip,0000,Indonesia (national),2024-03-01,106.422954,million units
bi_emoney.instruments_chip,0000,Indonesia (national),2024-04-01,107.1395,million units
bi_emoney.instruments_chip,0000,Indonesia (national),2024-05-01,107.705027,million units
bi_emoney.instruments_chip,0000,Indonesia (national),2024-06-01,108.766306,million units
bi_emoney.instruments_chip,0000,Indonesia (national),2024-07-01,109.655588,million units
bi_emoney.instruments_chip,0000,Indonesia (national),2024-08-01,110.463905,million units
bi_emoney.instruments_chip,0000,Indonesia (national),2024-09-01,111.373017,million units
bi_emoney.instruments_chip,0000,Indonesia (national),2024-10-01,112.279977,million units
bi_emoney.instruments_chip,0000,Indonesia (national),2024-11-01,113.054003,million units
bi_emoney.instruments_chip,0000,Indonesia (national),2024-12-01,114.607537,million units
bi_emoney.instruments_chip,0000,Indonesia (national),2025-01-01,115.124789,million units
bi_emoney.instruments_chip,0000,Indonesia (national),2025-02-01,116.282603,million units
bi_emoney.instruments_chip,0000,Indonesia (national),2025-03-01,117.44331,million units
bi_emoney.instruments_chip,0000,Indonesia (national),2025-04-01,118.173556,million units
bi_emoney.instruments_chip,0000,Indonesia (national),2025-05-01,119.028654,million units
bi_emoney.instruments_chip,0000,Indonesia (national),2025-06-01,120.018791,million units
bi_emoney.instruments_chip,0000,Indonesia (national),2025-07-01,121.825918,million units
bi_emoney.instruments_chip,0000,Indonesia (national),2025-08-01,122.656924,million units
bi_emoney.instruments_chip,0000,Indonesia (national),2025-09-01,123.672515,million units
bi_emoney.instruments_chip,0000,Indonesia (national),2025-10-01,125.252204,million units
bi_emoney.instruments_chip,0000,Indonesia (national),2025-11-01,126.359568,million units
bi_emoney.instruments_chip,0000,Indonesia (national),2025-12-01,127.549797,million units
bi_emoney.instruments_chip,0000,Indonesia (national),2026-01-01,128.400121,million units
bi_emoney.instruments_chip,0000,Indonesia (national),2026-02-01,129.376427,million units
bi_emoney.instruments_chip,0000,Indonesia (national),2026-03-01,130.491129,million units
bi_emoney.instruments_chip,0000,Indonesia (national),2026-04-01,131.189941,million units
bi_emoney.instruments_chip,0000,Indonesia (national),2026-05-01,132.313721,million units
bi_emoney.instruments_chip,0000,Indonesia (national),2026-06-01,132.926153,million units
bi_emoney.instruments_server,0000,Indonesia (national),2013-01-01,13.027332,million units
bi_emoney.instruments_server,0000,Indonesia (national),2013-02-01,13.451256,million units
bi_emoney.instruments_server,0000,Indonesia (national),2013-03-01,14.216459,million units
bi_emoney.instruments_server,0000,Indonesia (national),2013-04-01,14.721037835612535,million units
bi_emoney.instruments_server,0000,Indonesia (national),2013-05-01,15.23284561163399,million units
bi_emoney.instruments_server,0000,Indonesia (national),2013-06-01,15.687511534156027,million units
bi_emoney.instruments_server,0000,Indonesia (national),2013-07-01,16.263549808723727,million units
bi_emoney.instruments_server,0000,Indonesia (national),2013-08-01,15.95147288660196,million units
bi_emoney.instruments_server,0000,Indonesia (national),2013-09-01,16.60466631094718,million units
bi_emoney.instruments_server,0000,Indonesia (national),2013-10-01,16.86368536303096,million units
bi_emoney.instruments_server,0000,Indonesia (national),2013-11-01,16.95180416541507,million units
bi_emoney.instruments_server,0000,Indonesia (national),2013-12-01,21.28121519374087,million units
bi_emoney.instruments_server,0000,Indonesia (national),2014-01-01,21.404657057351574,million units
bi_emoney.instruments_server,0000,Indonesia (national),2014-02-01,21.582815256369585,million units
bi_emoney.instruments_server,0000,Indonesia (national),2014-03-01,17.456569,million units
bi_emoney.instruments_server,0000,Indonesia (national),2014-04-01,17.672717,million units
bi_emoney.instruments_server,0000,Indonesia (national),2014-05-01,17.830419,million units
bi_emoney.instruments_server,0000,Indonesia (national),2014-06-01,18.117415,million units
bi_emoney.instruments_server,0000,Indonesia (national),2014-07-01,18.572545,million units
bi_emoney.instruments_server,0000,Indonesia (national),2014-08-01,18.9931,million units
bi_emoney.instruments_server,0000,Indonesia (national),2014-09-01,19.043072,million units
bi_emoney.instruments_server,0000,Indonesia (national),2014-10-01,18.8288915681898,million units
bi_emoney.instruments_server,0000,Indonesia (national),2014-11-01,19.568611,million units
bi_emoney.instruments_server,0000,Indonesia (national),2014-12-01,19.939826,million units
bi_emoney.instruments_server,0000,Indonesia (national),2015-01-01,19.92345232015477,million units
bi_emoney.instruments_server,0000,Indonesia (national),2015-02-01,20.307843346218604,million units
bi_emoney.instruments_server,0000,Indonesia (national),2015-03-01,20.650800864547808,million units
bi_emoney.instruments_server,0000,Indonesia (national),2015-04-01,21.155688,million units
bi_emoney.instruments_server,0000,Indonesia (national),2015-05-01,21.579982,million units
bi_emoney.instruments_server,0000,Indonesia (national),2015-06-01,22.019914,million units
bi_emoney.instruments_server,0000,Indonesia (national),2015-07-01,22.468038,million units
bi_emoney.instruments_server,0000,Indonesia (national),2015-08-01,22.941143,million units
bi_emoney.instruments_server,0000,Indonesia (national),2015-09-01,23.434398147031622,million units
bi_emoney.instruments_server,0000,Indonesia (national),2015-10-01,23.897075,million units
bi_emoney.instruments_server,0000,Indonesia (national),2015-11-01,24.612533,million units
bi_emoney.instruments_server,0000,Indonesia (national),2015-12-01,13.957917,million units
bi_emoney.instruments_server,0000,Indonesia (national),2016-01-01,14.395893,million units
bi_emoney.instruments_server,0000,Indonesia (national),2016-02-01,14.841794,million units
bi_emoney.instruments_server,0000,Indonesia (national),2016-03-01,15.389194,million units
bi_emoney.instruments_server,0000,Indonesia (national),2016-04-01,15.555268,million units
bi_emoney.instruments_server,0000,Indonesia (national),2016-05-01,16.11440835588595,million units
bi_emoney.instruments_server,0000,Indonesia (national),2016-06-01,16.869776328378943,million units
bi_emoney.instruments_server,0000,Indonesia (national),2016-07-01,17.743590032039947,million units
bi_emoney.instruments_server,0000,Indonesia (national),2016-08-01,18.66349316267877,million units
bi_emoney.instruments_server,0000,Indonesia (national),2016-09-01,19.282966044957092,million units
bi_emoney.instruments_server,0000,Indonesia (national),2016-10-01,20.312377710635268,million units
bi_emoney.instruments_server,0000,Indonesia (national),2016-11-01,23.536511224837085,million units
bi_emoney.instruments_server,0000,Indonesia (national),2016-12-01,24.822826246901148,million units
bi_emoney.instruments_server,0000,Indonesia (national),2017-01-01,25.7673804325452,million units
bi_emoney.instruments_server,0000,Indonesia (national),2017-02-01,26.612857381039667,million units
bi_emoney.instruments_server,0000,Indonesia (national),2017-03-01,28.989643589908322,million units
bi_emoney.instruments_server,0000,Indonesia (national),2017-04-01,30.99786559015749,million units
bi_emoney.instruments_server,0000,Indonesia (national),2017-05-01,32.17353182588499,million units
bi_emoney.instruments_server,0000,Indonesia (national),2017-06-01,33.38738522268007,million units
bi_emoney.instruments_server,0000,Indonesia (national),2017-07-01,36.653778464036094,million units
bi_emoney.instruments_server,0000,Indonesia (national),2017-08-01,34.99323382869103,million units
bi_emoney.instruments_server,0000,Indonesia (national),2017-09-01,36.066474741666454,million units
bi_emoney.instruments_server,0000,Indonesia (national),2017-10-01,38.10789661030363,million units
bi_emoney.instruments_server,0000,Indonesia (national),2017-11-01,73.72956236908225,million units
bi_emoney.instruments_server,0000,Indonesia (national),2017-12-01,49.09446947626536,million units
bi_emoney.instruments_server,0000,Indonesia (national),2018-01-01,55.173465734322676,million units
bi_emoney.instruments_server,0000,Indonesia (national),2018-02-01,61.61082412270835,million units
bi_emoney.instruments_server,0000,Indonesia (national),2018-03-01,65.611099,million units
bi_emoney.instruments_server,0000,Indonesia (national),2018-04-01,69.299067,million units
bi_emoney.instruments_server,0000,Indonesia (national),2018-05-01,73.447621,million units
bi_emoney.instruments_server,0000,Indonesia (national),2018-06-01,79.224091,million units
bi_emoney.instruments_server,0000,Indonesia (national),2018-07-01,86.03907865801689,million units
bi_emoney.instruments_server,0000,Indonesia (national),2018-08-01,88.4001195304247,million units
bi_emoney.instruments_server,0000,Indonesia (national),2018-09-01,94.148212,million units
bi_emoney.instruments_server,0000,Indonesia (national),2018-10-01,95.73424850720677,million units
bi_emoney.instruments_server,0000,Indonesia (national),2018-11-01,103.83357669703724,million units
bi_emoney.instruments_server,0000,Indonesia (national),2018-12-01,111.72327112247049,million units
bi_emoney.instruments_server,0000,Indonesia (national),2019-01-01,123.14763078450912,million units
bi_emoney.instruments_server,0000,Indonesia (national),2019-02-01,130.60856217745265,million units
bi_emoney.instruments_server,0000,Indonesia (national),2019-03-01,139.8843461960653,million units
bi_emoney.instruments_server,0000,Indonesia (national),2019-04-01,143.667558,million units
bi_emoney.instruments_server,0000,Indonesia (national),2019-05-01,143.711947,million units
bi_emoney.instruments_server,0000,Indonesia (national),2019-06-01,154.057287,million units
bi_emoney.instruments_server,0000,Indonesia (national),2019-07-01,176.102814,million units
bi_emoney.instruments_server,0000,Indonesia (national),2019-08-01,193.38791,million units
bi_emoney.instruments_server,0000,Indonesia (national),2019-09-01,199.101294,million units
bi_emoney.instruments_server,0000,Indonesia (national),2019-10-01,210.645209,million units
bi_emoney.instruments_server,0000,Indonesia (national),2019-11-01,218.401636,million units
bi_emoney.instruments_server,0000,Indonesia (national),2019-12-01,231.956194,million units
bi_emoney.instruments_server,0000,Indonesia (national),2020-01-01,252.635344,million units
bi_emoney.instruments_server,0000,Indonesia (national),2020-02-01,258.016613,million units
bi_emoney.instruments_server,0000,Indonesia (national),2020-03-01,268.226891,million units
bi_emoney.instruments_server,0000,Indonesia (national),2020-04-01,349.059136,million units
bi_emoney.instruments_server,0000,Indonesia (national),2020-05-01,283.493098,million units
bi_emoney.instruments_server,0000,Indonesia (national),2020-06-01,289.986546,million units
bi_emoney.instruments_server,0000,Indonesia (national),2020-07-01,295.115367,million units
bi_emoney.instruments_server,0000,Indonesia (national),2020-08-01,310.986631,million units
bi_emoney.instruments_server,0000,Indonesia (national),2020-09-01,327.887949,million units
bi_emoney.instruments_server,0000,Indonesia (national),2020-10-01,344.006054,million units
bi_emoney.instruments_server,0000,Indonesia (national),2020-11-01,352.900996,million units
bi_emoney.instruments_server,0000,Indonesia (national),2020-12-01,363.877566,million units
bi_emoney.instruments_server,0000,Indonesia (national),2021-01-01,373.42468,million units
bi_emoney.instruments_server,0000,Indonesia (national),2021-02-01,386.925094,million units
bi_emoney.instruments_server,0000,Indonesia (national),2021-03-01,399.963735,million units
bi_emoney.instruments_server,0000,Indonesia (national),2021-04-01,411.334089,million units
bi_emoney.instruments_server,0000,Indonesia (national),2021-05-01,424.861144,million units
bi_emoney.instruments_server,0000,Indonesia (national),2021-06-01,437.147179,million units
bi_emoney.instruments_server,0000,Indonesia (national),2021-07-01,420.244913,million units
bi_emoney.instruments_server,0000,Indonesia (national),2021-08-01,440.71832,million units
bi_emoney.instruments_server,0000,Indonesia (national),2021-09-01,456.655065,million units
bi_emoney.instruments_server,0000,Indonesia (national),2021-10-01,469.412926,million units
bi_emoney.instruments_server,0000,Indonesia (national),2021-11-01,482.500382,million units
bi_emoney.instruments_server,0000,Indonesia (national),2021-12-01,495.747213,million units
bi_emoney.instruments_server,0000,Indonesia (national),2022-01-01,502.653717,million units
bi_emoney.instruments_server,0000,Indonesia (national),2022-02-01,512.984026,million units
bi_emoney.instruments_server,0000,Indonesia (national),2022-03-01,522.279117,million units
bi_emoney.instruments_server,0000,Indonesia (national),2022-04-01,540.004811,million units
bi_emoney.instruments_server,0000,Indonesia (national),2022-05-01,548.422749,million units
bi_emoney.instruments_server,0000,Indonesia (national),2022-06-01,643.458155,million units
bi_emoney.instruments_server,0000,Indonesia (national),2022-07-01,718.397779,million units
bi_emoney.instruments_server,0000,Indonesia (national),2022-08-01,806.143386,million units
bi_emoney.instruments_server,0000,Indonesia (national),2022-09-01,898.204304,million units
bi_emoney.instruments_server,0000,Indonesia (national),2022-10-01,940.137404,million units
bi_emoney.instruments_server,0000,Indonesia (national),2022-11-01,683.471164,million units
bi_emoney.instruments_server,0000,Indonesia (national),2022-12-01,640.520855,million units
bi_emoney.instruments_server,0000,Indonesia (national),2023-01-01,618.328441,million units
bi_emoney.instruments_server,0000,Indonesia (national),2023-02-01,651.336471,million units
bi_emoney.instruments_server,0000,Indonesia (national),2023-03-01,652.767203,million units
bi_emoney.instruments_server,0000,Indonesia (national),2023-04-01,650.801603,million units
bi_emoney.instruments_server,0000,Indonesia (national),2023-05-01,660.382094,million units
bi_emoney.instruments_server,0000,Indonesia (national),2023-06-01,661.078498,million units
bi_emoney.instruments_server,0000,Indonesia (national),2023-07-01,673.093307,million units
bi_emoney.instruments_server,0000,Indonesia (national),2023-08-01,680.547026,million units
bi_emoney.instruments_server,0000,Indonesia (national),2023-09-01,687.88755,million units
bi_emoney.instruments_server,0000,Indonesia (national),2023-10-01,695.642608,million units
bi_emoney.instruments_server,0000,Indonesia (national),2023-11-01,701.31979,million units
bi_emoney.instruments_server,0000,Indonesia (national),2023-12-01,708.885052,million units
bi_emoney.instruments_server,0000,Indonesia (national),2024-01-01,715.582991,million units
bi_emoney.instruments_server,0000,Indonesia (national),2024-02-01,723.109587,million units
bi_emoney.instruments_server,0000,Indonesia (national),2024-03-01,736.93794,million units
bi_emoney.instruments_server,0000,Indonesia (national),2024-04-01,744.921843,million units
bi_emoney.instruments_server,0000,Indonesia (national),2024-05-01,753.728403,million units
bi_emoney.instruments_server,0000,Indonesia (national),2024-06-01,760.789721,million units
bi_emoney.instruments_server,0000,Indonesia (national),2024-07-01,768.793745,million units
bi_emoney.instruments_server,0000,Indonesia (national),2024-08-01,777.333153,million units
bi_emoney.instruments_server,0000,Indonesia (national),2024-09-01,782.242458,million units
bi_emoney.instruments_server,0000,Indonesia (national),2024-10-01,794.214964,million units
bi_emoney.instruments_server,0000,Indonesia (national),2024-11-01,798.829398,million units
bi_emoney.instruments_server,0000,Indonesia (national),2024-12-01,807.461731,million units
bi_emoney.instruments_server,0000,Indonesia (national),2025-01-01,816.360307,million units
bi_emoney.instruments_server,0000,Indonesia (national),2025-02-01,825.151198,million units
bi_emoney.instruments_server,0000,Indonesia (national),2025-03-01,835.919586,million units
bi_emoney.instruments_server,0000,Indonesia (national),2025-04-01,846.405595,million units
bi_emoney.instruments_server,0000,Indonesia (national),2025-05-01,856.016755,million units
bi_emoney.instruments_server,0000,Indonesia (national),2025-06-01,865.265362,million units
bi_emoney.instruments_server,0000,Indonesia (national),2025-07-01,882.198022,million units
bi_emoney.instruments_server,0000,Indonesia (national),2025-08-01,897.3578999999993,million units
bi_emoney.instruments_server,0000,Indonesia (national),2025-09-01,908.078482,million units
bi_emoney.instruments_server,0000,Indonesia (national),2025-10-01,918.023354,million units
bi_emoney.instruments_server,0000,Indonesia (national),2025-11-01,931.8805670000019,million units
bi_emoney.instruments_server,0000,Indonesia (national),2025-12-01,937.892042,million units
bi_emoney.instruments_server,0000,Indonesia (national),2026-01-01,944.20243,million units
bi_emoney.instruments_server,0000,Indonesia (national),2026-02-01,938.355713,million units
bi_emoney.instruments_server,0000,Indonesia (national),2026-03-01,922.406177,million units
bi_emoney.instruments_server,0000,Indonesia (national),2026-04-01,921.626427,million units
bi_emoney.instruments_server,0000,Indonesia (national),2026-05-01,979.428364,million units
bi_emoney.instruments_server,0000,Indonesia (national),2026-06-01,984.845787,million units
bi_emoney.value,0000,Indonesia (national),2009-01-01,21.65838,IDR billion
bi_emoney.value,0000,Indonesia (national),2009-02-01,23.38916,IDR billion
bi_emoney.value,0000,Indonesia (national),2009-03-01,29.776229999999998,IDR billion
bi_emoney.value,0000,Indonesia (national),2009-04-01,32.52626,IDR billion
bi_emoney.value,0000,Indonesia (national),2009-05-01,39.4925,IDR billion
bi_emoney.value,0000,Indonesia (national),2009-06-01,41.018620000000006,IDR billion
bi_emoney.value,0000,Indonesia (national),2009-07-01,42.19283,IDR billion
bi_emoney.value,0000,Indonesia (national),2009-08-01,42.865199999999994,IDR billion
bi_emoney.value,0000,Indonesia (national),2009-09-01,68.42403999999999,IDR billion
bi_emoney.value,0000,Indonesia (national),2009-10-01,55.25707,IDR billion
bi_emoney.value,0000,Indonesia (national),2009-11-01,57.641839999999995,IDR billion
bi_emoney.value,0000,Indonesia (national),2009-12-01,64.97052,IDR billion
bi_emoney.value,0000,Indonesia (national),2010-01-01,57.412870000000005,IDR billion
bi_emoney.value,0000,Indonesia (national),2010-02-01,55.14791,IDR billion
bi_emoney.value,0000,Indonesia (national),2010-03-01,64.63968,IDR billion
bi_emoney.value,0000,Indonesia (national),2010-04-01,48.98527,IDR billion
bi_emoney.value,0000,Indonesia (national),2010-05-01,51.38578,IDR billion
bi_emoney.value,0000,Indonesia (national),2010-06-01,60.7249,IDR billion
bi_emoney.value,0000,Indonesia (national),2010-07-01,58.54222,IDR billion
bi_emoney.value,0000,Indonesia (national),2010-08-01,56.91728,IDR billion
bi_emoney.value,0000,Indonesia (national),2010-09-01,57.275800000000004,IDR billion
bi_emoney.value,0000,Indonesia (national),2010-10-01,64.23406,IDR billion
bi_emoney.value,0000,Indonesia (national),2010-11-01,54.300760000000004,IDR billion
bi_emoney.value,0000,Indonesia (national),2010-12-01,63.90048,IDR billion
bi_emoney.value,0000,Indonesia (national),2011-01-01,64.16481,IDR billion
bi_emoney.value,0000,Indonesia (national),2011-02-01,51.67005,IDR billion
bi_emoney.value,0000,Indonesia (national),2011-03-01,60.7617,IDR billion
bi_emoney.value,0000,Indonesia (national),2011-04-01,59.2428,IDR billion
bi_emoney.value,0000,Indonesia (national),2011-05-01,67.07629,IDR billion
bi_emoney.value,0000,Indonesia (national),2011-06-01,95.0561,IDR billion
bi_emoney.value,0000,Indonesia (national),2011-07-01,116.73474,IDR billion
bi_emoney.value,0000,Indonesia (national),2011-08-01,102.30765,IDR billion
bi_emoney.value,0000,Indonesia (national),2011-09-01,84.094,IDR billion
bi_emoney.value,0000,Indonesia (national),2011-10-01,78.31064,IDR billion
bi_emoney.value,0000,Indonesia (national),2011-11-01,77.2385,IDR billion
bi_emoney.value,0000,Indonesia (national),2011-12-01,124.63969,IDR billion
bi_emoney.value,0000,Indonesia (national),2012-01-01,111.26976624199999,IDR billion
bi_emoney.value,0000,Indonesia (national),2012-02-01,85.378561818,IDR billion
bi_emoney.value,0000,Indonesia (national),2012-03-01,128.140671215,IDR billion
bi_emoney.value,0000,Indonesia (national),2012-04-01,138.79403239799998,IDR billion
bi_emoney.value,0000,Indonesia (national),2012-05-01,131.13214531200003,IDR billion
bi_emoney.value,0000,Indonesia (national),2012-06-01,168.11029905900003,IDR billion
bi_emoney.value,0000,Indonesia (national),2012-07-01,238.09977860500004,IDR billion
bi_emoney.value,0000,Indonesia (national),2012-08-01,167.96725997699997,IDR billion
bi_emoney.value,0000,Indonesia (national),2012-09-01,157.435159107,IDR billion
bi_emoney.value,0000,Indonesia (national),2012-10-01,155.31025999503544,IDR billion
bi_emoney.value,0000,Indonesia (national),2012-11-01,243.795815779,IDR billion
bi_emoney.value,0000,Indonesia (national),2012-12-01,246.115777851,IDR billion
bi_emoney.value,0000,Indonesia (national),2013-01-01,369.73385735600004,IDR billion
bi_emoney.value,0000,Indonesia (national),2013-02-01,367.31222818799995,IDR billion
bi_emoney.value,0000,Indonesia (national),2013-03-01,559.2247380200001,IDR billion
bi_emoney.value,0000,Indonesia (national),2013-04-01,497.9219288600001,IDR billion
bi_emoney.value,0000,Indonesia (national),2013-05-01,480.47605021100003,IDR billion
bi_emoney.value,0000,Indonesia (national),2013-06-01,530.168719136,IDR billion
bi_emoney.value,0000,Indonesia (national),2013-07-01,667.3331845580001,IDR billion
bi_emoney.value,0000,Indonesia (national),2013-08-01,551.751700467,IDR billion
bi_emoney.value,0000,Indonesia (national),2013-09-01,486.93498886200007,IDR billion
bi_emoney.value,0000,Indonesia (national),2013-10-01,514.8301437590001,IDR billion
bi_emoney.value,0000,Indonesia (national),2013-11-01,553.153732089,IDR billion
bi_emoney.value,0000,Indonesia (national),2013-12-01,567.807966719,IDR billion
bi_emoney.value,0000,Indonesia (national),2014-01-01,538.261088578,IDR billion
bi_emoney.value,0000,Indonesia (national),2014-02-01,531.340454998,IDR billion
bi_emoney.value,0000,Indonesia (national),2014-03-01,704.4333963080002,IDR billion
bi_emoney.value,0000,Indonesia (national),2014-04-01,588.405946241,IDR billion
bi_emoney.value,0000,Indonesia (national),2014-05-01,644.2527772430001,IDR billion
bi_emoney.value,0000,Indonesia (national),2014-06-01,774.4701188670001,IDR billion
bi_emoney.value,0000,Indonesia (national),2014-07-01,854.9593789080001,IDR billion
bi_emoney.value,0000,Indonesia (national),2014-08-01,646.475255894,IDR billion
bi_emoney.value,0000,Indonesia (national),2014-09-01,668.6061373089998,IDR billion
bi_emoney.value,0000,Indonesia (national),2014-10-01,1381.032399136,IDR billion
bi_emoney.value,0000,Indonesia (national),2014-11-01,715.9499301220001,IDR billion
bi_emoney.value,0000,Indonesia (national),2014-12-01,728.5560291610001,IDR billion
bi_emoney.value,0000,Indonesia (national),2015-01-01,646.609015679,IDR billion
bi_emoney.value,0000,Indonesia (national),2015-02-01,635.8683803590001,IDR billion
bi_emoney.value,0000,Indonesia (national),2015-03-01,840.0960383099999,IDR billion
bi_emoney.value,0000,Indonesia (national),2015-04-01,783.1601664099999,IDR billion
bi_emoney.value,0000,Indonesia (national),2015-05-01,1139.5282855,IDR billion
bi_emoney.value,0000,Indonesia (national),2015-06-01,1595.422939703,IDR billion
bi_emoney.value,0000,Indonesia (national),2015-07-01,1636.7683270070004,IDR billion
bi_emoney.value,0000,Indonesia (national),2015-08-01,1398.914368173,IDR billion
bi_emoney.value,0000,Indonesia (national),2015-09-01,1567.976787355,IDR billion
bi_emoney.value,0000,Indonesia (national),2015-10-01,1591.948089738,IDR billion
bi_emoney.value,0000,Indonesia (national),2015-11-01,1505.3089635749998,IDR billion
bi_emoney.value,0000,Indonesia (national),2015-12-01,1414.395375372,IDR billion
bi_emoney.value,0000,Indonesia (national),2016-01-01,1208.436884133,IDR billion
bi_emoney.value,0000,Indonesia (national),2016-02-01,1447.9531583280002,IDR billion
bi_emoney.value,0000,Indonesia (national),2016-03-01,1414.845197863,IDR billion
bi_emoney.value,0000,Indonesia (national),2016-04-01,1378.43040681,IDR billion
bi_emoney.value,0000,Indonesia (national),2016-05-01,1626.6970766080003,IDR billion
bi_emoney.value,0000,Indonesia (national),2016-06-01,1746.1724291980001,IDR billion
bi_emoney.value,0000,Indonesia (national),2016-07-01,1363.1807748400001,IDR billion
bi_emoney.value,0000,Indonesia (national),2016-08-01,1483.249554925,IDR billion
bi_emoney.value,0000,Indonesia (national),2016-09-01,1462.676855253,IDR billion
bi_emoney.value,0000,Indonesia (national),2016-10-01,1564.0495376549998,IDR billion
bi_emoney.value,0000,Indonesia (national),2016-11-01,1876.8619123639996,IDR billion
bi_emoney.value,0000,Indonesia (national),2016-12-01,1765.72343777,IDR billion
bi_emoney.value,0000,Indonesia (national),2017-01-01,1499.64449636,IDR billion
bi_emoney.value,0000,Indonesia (national),2017-02-01,2032.9119087959998,IDR billion
bi_emoney.value,0000,Indonesia (national),2017-03-01,2326.6034243560002,IDR billion
bi_emoney.value,0000,Indonesia (national),2017-04-01,2109.675625239,IDR billion
bi_emoney.value,0000,Indonesia (national),2017-05-01,2861.1588461250003,IDR billion
bi_emoney.value,0000,Indonesia (national),2017-06-01,2980.716701587,IDR billion
bi_emoney.value,0000,Indonesia (national),2017-07-01,3000.4502751080004,IDR billion
bi_emoney.value,0000,Indonesia (national),2017-08-01,2784.0266018039997,IDR billion
bi_emoney.value,0000,Indonesia (national),2017-09-01,3138.7676804500006,IDR billion
bi_emoney.value,0000,Indonesia (national),2017-10-01,4356.208156774001,IDR billion
bi_emoney.value,0000,Indonesia (national),2017-11-01,5093.291268035,IDR billion
bi_emoney.value,0000,Indonesia (national),2017-12-01,5896.358328210001,IDR billion
bi_emoney.value,0000,Indonesia (national),2018-01-01,7584.841090757,IDR billion
bi_emoney.value,0000,Indonesia (national),2018-02-01,6901.690815031999,IDR billion
bi_emoney.value,0000,Indonesia (national),2018-03-01,7003.480842991,IDR billion
bi_emoney.value,0000,Indonesia (national),2018-04-01,7066.028434134,IDR billion
bi_emoney.value,0000,Indonesia (national),2018-05-01,7744.15503073,IDR billion
bi_emoney.value,0000,Indonesia (national),2018-06-01,7877.854698039,IDR billion
bi_emoney.value,0000,Indonesia (national),2018-07-01,7365.0294570589995,IDR billion
bi_emoney.value,0000,Indonesia (national),2018-08-01,9185.352817769925,IDR billion
bi_emoney.value,0000,Indonesia (national),2018-09-01,9500.820991224966,IDR billion
bi_emoney.value,0000,Indonesia (national),2018-10-01,11340.52075080868,IDR billion
bi_emoney.value,0000,Indonesia (national),2018-11-01,13071.078951559042,IDR billion
bi_emoney.value,0000,Indonesia (national),2018-12-01,12138.771480318694,IDR billion
bi_emoney.value,0000,Indonesia (national),2019-01-01,54468.89400069574,IDR billion
bi_emoney.value,0000,Indonesia (national),2019-02-01,53597.43256384807,IDR billion
bi_emoney.value,0000,Indonesia (national),2019-03-01,30457.107049379785,IDR billion
bi_emoney.value,0000,Indonesia (national),2019-04-01,29050.40231134416,IDR billion
bi_emoney.value,0000,Indonesia (national),2019-05-01,64818.752767710175,IDR billion
bi_emoney.value,0000,Indonesia (national),2019-06-01,26430.238735212974,IDR billion
bi_emoney.value,0000,Indonesia (national),2019-07-01,29357.504839999998,IDR billion
bi_emoney.value,0000,Indonesia (national),2019-08-01,31698.18477,IDR billion
bi_emoney.value,0000,Indonesia (national),2019-09-01,34185.17833999999,IDR billion
bi_emoney.value,0000,Indonesia (national),2019-10-01,39813.25687,IDR billion
bi_emoney.value,0000,Indonesia (national),2019-11-01,38980.43089999999,IDR billion
bi_emoney.value,0000,Indonesia (national),2019-12-01,40585.681769999996,IDR billion
bi_emoney.value,0000,Indonesia (national),2020-01-01,37124.697619999984,IDR billion
bi_emoney.value,0000,Indonesia (national),2020-02-01,36184.7838,IDR billion
bi_emoney.value,0000,Indonesia (national),2020-03-01,36649.64397,IDR billion
bi_emoney.value,0000,Indonesia (national),2020-04-01,36697.57779,IDR billion
bi_emoney.value,0000,Indonesia (national),2020-05-01,36286.72639999999,IDR billion
bi_emoney.value,0000,Indonesia (national),2020-06-01,35807.96320619498,IDR billion
bi_emoney.value,0000,Indonesia (national),2020-07-01,39554.4359,IDR billion
bi_emoney.value,0000,Indonesia (national),2020-08-01,41744.06244999998,IDR billion
bi_emoney.value,0000,Indonesia (national),2020-09-01,45550.26950000001,IDR billion
bi_emoney.value,0000,Indonesia (national),2020-10-01,49687.586881033,IDR billion
bi_emoney.value,0000,Indonesia (national),2020-11-01,51731.791736896,IDR billion
bi_emoney.value,0000,Indonesia (national),2020-12-01,57936.64562042601,IDR billion
bi_emoney.value,0000,Indonesia (national),2021-01-01,54496.49753900001,IDR billion
bi_emoney.value,0000,Indonesia (national),2021-02-01,49065.983843466,IDR billion
bi_emoney.value,0000,Indonesia (national),2021-03-01,56258.739166773994,IDR billion
bi_emoney.value,0000,Indonesia (national),2021-04-01,61420.758982693995,IDR billion
bi_emoney.value,0000,Indonesia (national),2021-05-01,71025.889990979,IDR billion
bi_emoney.value,0000,Indonesia (national),2021-06-01,64898.463511309004,IDR billion
bi_emoney.value,0000,Indonesia (national),2021-07-01,67664.269430644,IDR billion
bi_emoney.value,0000,Indonesia (national),2021-08-01,66505.45340399999,IDR billion
bi_emoney.value,0000,Indonesia (national),2021-09-01,73700.51815642299,IDR billion
bi_emoney.value,0000,Indonesia (national),2021-10-01,69078.824002,IDR billion
bi_emoney.value,0000,Indonesia (national),2021-11-01,72532.42490548998,IDR billion
bi_emoney.value,0000,Indonesia (national),2021-12-01,79806.525867645,IDR billion
bi_emoney.value,0000,Indonesia (national),2022-01-01,72323.14661822506,IDR billion
bi_emoney.value,0000,Indonesia (national),2022-02-01,68290.15000062902,IDR billion
bi_emoney.value,0000,Indonesia (national),2022-03-01,78039.55883381303,IDR billion
bi_emoney.value,0000,Indonesia (national),2022-04-01,89049.07676385909,IDR billion
bi_emoney.value,0000,Indonesia (national),2022-05-01,81823.81397101101,IDR billion
bi_emoney.value,0000,Indonesia (national),2022-06-01,85823.56282985103,IDR billion
bi_emoney.value,0000,Indonesia (national),2022-07-01,96735.49955718504,IDR billion
bi_emoney.value,0000,Indonesia (national),2022-08-01,100582.19605268103,IDR billion
bi_emoney.value,0000,Indonesia (national),2022-09-01,98546.26643406885,IDR billion
bi_emoney.value,0000,Indonesia (national),2022-10-01,131210.16628397498,IDR billion
bi_emoney.value,0000,Indonesia (national),2022-11-01,132407.211769553,IDR billion
bi_emoney.value,0000,Indonesia (national),2022-12-01,142966.70678296307,IDR billion
bi_emoney.value,0000,Indonesia (national),2023-01-01,134120.104687603,IDR billion
bi_emoney.value,0000,Indonesia (national),2023-02-01,126293.151302985,IDR billion
bi_emoney.value,0000,Indonesia (national),2023-03-01,143714.443881089,IDR billion
bi_emoney.value,0000,Indonesia (national),2023-04-01,152561.17481728503,IDR billion
bi_emoney.value,0000,Indonesia (national),2023-05-01,152563.86275,IDR billion
bi_emoney.value,0000,Indonesia (national),2023-06-01,153138.899661293,IDR billion
bi_emoney.value,0000,Indonesia (national),2023-07-01,160469.77408076206,IDR billion
bi_emoney.value,0000,Indonesia (national),2023-08-01,157809.213706232,IDR billion
bi_emoney.value,0000,Indonesia (national),2023-09-01,158588.52264818503,IDR billion
bi_emoney.value,0000,Indonesia (national),2023-10-01,166601.7450441621,IDR billion
bi_emoney.value,0000,Indonesia (national),2023-11-01,169461.262339401,IDR billion
bi_emoney.value,0000,Indonesia (national),2023-12-01,184629.30846131002,IDR billion
bi_emoney.value,0000,Indonesia (national),2024-01-01,178570.43697225305,IDR billion
bi_emoney.value,0000,Indonesia (national),2024-02-01,178373.878700885,IDR billion
bi_emoney.value,0000,Indonesia (national),2024-03-01,199819.61895640896,IDR billion
bi_emoney.value,0000,Indonesia (national),2024-04-01,199908.26265704798,IDR billion
bi_emoney.value,0000,Indonesia (national),2024-05-01,204240.247903242,IDR billion
bi_emoney.value,0000,Indonesia (national),2024-06-01,207054.58031824598,IDR billion
bi_emoney.value,0000,Indonesia (national),2024-07-01,214073.38438882498,IDR billion
bi_emoney.value,0000,Indonesia (national),2024-08-01,220874.897110646,IDR billion
bi_emoney.value,0000,Indonesia (national),2024-09-01,217814.13552393133,IDR billion
bi_emoney.value,0000,Indonesia (national),2024-10-01,224236.348383711,IDR billion
bi_emoney.value,0000,Indonesia (national),2024-11-01,213373.29640471103,IDR billion
bi_emoney.value,0000,Indonesia (national),2024-12-01,245619.78159361394,IDR billion
bi_emoney.value,0000,Indonesia (national),2025-01-01,236025.771478044,IDR billion
bi_emoney.value,0000,Indonesia (national),2025-02-01,226152.28424168398,IDR billion
bi_emoney.value,0000,Indonesia (national),2025-03-01,277235.06012434297,IDR billion
bi_emoney.value,0000,Indonesia (national),2025-04-01,243026.69241986907,IDR billion
bi_emoney.value,0000,Indonesia (national),2025-05-01,269436.027666745,IDR billion
bi_emoney.value,0000,Indonesia (national),2025-06-01,268743.97807161993,IDR billion
bi_emoney.value,0000,Indonesia (national),2025-07-01,279464.225320212,IDR billion
bi_emoney.value,0000,Indonesia (national),2025-08-01,300384.30849565286,IDR billion
bi_emoney.value,0000,Indonesia (national),2025-09-01,298076.9259434571,IDR billion
bi_emoney.value,0000,Indonesia (national),2025-10-01,301744.2964953805,IDR billion
bi_emoney.value,0000,Indonesia (national),2025-11-01,318069.4832326099,IDR billion
bi_emoney.value,0000,Indonesia (national),2025-12-01,343857.5247328161,IDR billion
bi_emoney.value,0000,Indonesia (national),2026-01-01,316682.2352182784,IDR billion
bi_emoney.value,0000,Indonesia (national),2026-02-01,300770.83671643725,IDR billion
bi_emoney.value,0000,Indonesia (national),2026-03-01,363504.9696637081,IDR billion
bi_emoney.value,0000,Indonesia (national),2026-04-01,314118.5846140073,IDR billion
bi_emoney.value,0000,Indonesia (national),2026-05-01,344123.35571843287,IDR billion
bi_emoney.value,0000,Indonesia (national),2026-06-01,337188.8780203046,IDR billion
bi_emoney.value_purchase,0000,Indonesia (national),2009-01-01,21.65838,IDR billion
bi_emoney.value_purchase,0000,Indonesia (national),2009-02-01,23.38916,IDR billion
bi_emoney.value_purchase,0000,Indonesia (national),2009-03-01,29.776229999999998,IDR billion
bi_emoney.value_purchase,0000,Indonesia (national),2009-04-01,32.52626,IDR billion
bi_emoney.value_purchase,0000,Indonesia (national),2009-05-01,39.4925,IDR billion
bi_emoney.value_purchase,0000,Indonesia (national),2009-06-01,41.018620000000006,IDR billion
bi_emoney.value_purchase,0000,Indonesia (national),2009-07-01,42.19283,IDR billion
bi_emoney.value_purchase,0000,Indonesia (national),2009-08-01,42.865199999999994,IDR billion
bi_emoney.value_purchase,0000,Indonesia (national),2009-09-01,68.42403999999999,IDR billion
bi_emoney.value_purchase,0000,Indonesia (national),2009-10-01,55.25707,IDR billion
bi_emoney.value_purchase,0000,Indonesia (national),2009-11-01,57.641839999999995,IDR billion
bi_emoney.value_purchase,0000,Indonesia (national),2009-12-01,64.97052,IDR billion
bi_emoney.value_purchase,0000,Indonesia (national),2010-01-01,57.412870000000005,IDR billion
bi_emoney.value_purchase,0000,Indonesia (national),2010-02-01,55.14791,IDR billion
bi_emoney.value_purchase,0000,Indonesia (national),2010-03-01,64.63968,IDR billion
bi_emoney.value_purchase,0000,Indonesia (national),2010-04-01,48.98527,IDR billion
bi_emoney.value_purchase,0000,Indonesia (national),2010-05-01,51.38578,IDR billion
bi_emoney.value_purchase,0000,Indonesia (national),2010-06-01,60.7249,IDR billion
bi_emoney.value_purchase,0000,Indonesia (national),2010-07-01,58.54222,IDR billion
bi_emoney.value_purchase,0000,Indonesia (national),2010-08-01,56.91728,IDR billion
bi_emoney.value_purchase,0000,Indonesia (national),2010-09-01,57.275800000000004,IDR billion
bi_emoney.value_purchase,0000,Indonesia (national),2010-10-01,64.23406,IDR billion
bi_emoney.value_purchase,0000,Indonesia (national),2010-11-01,54.300760000000004,IDR billion
bi_emoney.value_purchase,0000,Indonesia (national),2010-12-01,63.90048,IDR billion
bi_emoney.value_purchase,0000,Indonesia (national),2011-01-01,64.16481,IDR billion
bi_emoney.value_purchase,0000,Indonesia (national),2011-02-01,51.67005,IDR billion
bi_emoney.value_purchase,0000,Indonesia (national),2011-03-01,60.7617,IDR billion
bi_emoney.value_purchase,0000,Indonesia (national),2011-04-01,59.2428,IDR billion
bi_emoney.value_purchase,0000,Indonesia (national),2011-05-01,67.07629,IDR billion
bi_emoney.value_purchase,0000,Indonesia (national),2011-06-01,95.0561,IDR billion
bi_emoney.value_purchase,0000,Indonesia (national),2011-07-01,116.73474,IDR billion
bi_emoney.value_purchase,0000,Indonesia (national),2011-08-01,102.30765,IDR billion
bi_emoney.value_purchase,0000,Indonesia (national),2011-09-01,84.094,IDR billion
bi_emoney.value_purchase,0000,Indonesia (national),2011-10-01,78.31064,IDR billion
bi_emoney.value_purchase,0000,Indonesia (national),2011-11-01,77.2385,IDR billion
bi_emoney.value_purchase,0000,Indonesia (national),2011-12-01,124.63969,IDR billion
bi_emoney.value_purchase,0000,Indonesia (national),2012-01-01,111.26976624199999,IDR billion
bi_emoney.value_purchase,0000,Indonesia (national),2012-02-01,85.378561818,IDR billion
bi_emoney.value_purchase,0000,Indonesia (national),2012-03-01,128.140671215,IDR billion
bi_emoney.value_purchase,0000,Indonesia (national),2012-04-01,138.79403239799998,IDR billion
bi_emoney.value_purchase,0000,Indonesia (national),2012-05-01,131.13214531200003,IDR billion
bi_emoney.value_purchase,0000,Indonesia (national),2012-06-01,168.11029905900003,IDR billion
bi_emoney.value_purchase,0000,Indonesia (national),2012-07-01,238.09977860500004,IDR billion
bi_emoney.value_purchase,0000,Indonesia (national),2012-08-01,167.96725997699997,IDR billion
bi_emoney.value_purchase,0000,Indonesia (national),2012-09-01,157.435159107,IDR billion
bi_emoney.value_purchase,0000,Indonesia (national),2012-10-01,155.31025999503544,IDR billion
bi_emoney.value_purchase,0000,Indonesia (national),2012-11-01,243.795815779,IDR billion
bi_emoney.value_purchase,0000,Indonesia (national),2012-12-01,246.115777851,IDR billion
bi_emoney.value_purchase,0000,Indonesia (national),2013-01-01,168.394100499,IDR billion
bi_emoney.value_purchase,0000,Indonesia (national),2013-02-01,165.33513024899997,IDR billion
bi_emoney.value_purchase,0000,Indonesia (national),2013-03-01,252.790654479,IDR billion
bi_emoney.value_purchase,0000,Indonesia (national),2013-04-01,219.75659302800005,IDR billion
bi_emoney.value_purchase,0000,Indonesia (national),2013-05-01,214.514685178,IDR billion
bi_emoney.value_purchase,0000,Indonesia (national),2013-06-01,250.006192754,IDR billion
bi_emoney.value_purchase,0000,Indonesia (national),2013-07-01,387.170658176,IDR billion
bi_emoney.value_purchase,0000,Indonesia (national),2013-08-01,279.902390642,IDR billion
bi_emoney.value_purchase,0000,Indonesia (national),2013-09-01,231.60168300800007,IDR billion
bi_emoney.value_purchase,0000,Indonesia (national),2013-10-01,245.14949521399998,IDR billion
bi_emoney.value_purchase,0000,Indonesia (national),2013-11-01,244.57731297,IDR billion
bi_emoney.value_purchase,0000,Indonesia (national),2013-12-01,248.233240749,IDR billion
bi_emoney.value_purchase,0000,Indonesia (national),2014-01-01,239.691490494,IDR billion
bi_emoney.value_purchase,0000,Indonesia (national),2014-02-01,212.10092375800005,IDR billion
bi_emoney.value_purchase,0000,Indonesia (national),2014-03-01,297.1602513350001,IDR billion
bi_emoney.value_purchase,0000,Indonesia (national),2014-04-01,231.80041851299998,IDR billion
bi_emoney.value_purchase,0000,Indonesia (national),2014-05-01,270.600763016,IDR billion
bi_emoney.value_purchase,0000,Indonesia (national),2014-06-01,331.49197105599995,IDR billion
bi_emoney.value_purchase,0000,Indonesia (national),2014-07-01,361.0633095930001,IDR billion
bi_emoney.value_purchase,0000,Indonesia (national),2014-08-01,274.58591203199995,IDR billion
bi_emoney.value_purchase,0000,Indonesia (national),2014-09-01,305.5742555089999,IDR billion
bi_emoney.value_purchase,0000,Indonesia (national),2014-10-01,239.47345259800008,IDR billion
bi_emoney.value_purchase,0000,Indonesia (national),2014-11-01,274.63027546499995,IDR billion
bi_emoney.value_purchase,0000,Indonesia (national),2014-12-01,281.38301948599997,IDR billion
bi_emoney.value_purchase,0000,Indonesia (national),2015-01-01,253.37330618,IDR billion
bi_emoney.value_purchase,0000,Indonesia (national),2015-02-01,246.22279694300002,IDR billion
bi_emoney.value_purchase,0000,Indonesia (national),2015-03-01,339.241039069,IDR billion
bi_emoney.value_purchase,0000,Indonesia (national),2015-04-01,294.805399552,IDR billion
bi_emoney.value_purchase,0000,Indonesia (national),2015-05-01,478.0241713320001,IDR billion
bi_emoney.value_purchase,0000,Indonesia (national),2015-06-01,663.652472894,IDR billion
bi_emoney.value_purchase,0000,Indonesia (national),2015-07-01,665.7525084730003,IDR billion
bi_emoney.value_purchase,0000,Indonesia (national),2015-08-01,527.8661095519999,IDR billion
bi_emoney.value_purchase,0000,Indonesia (national),2015-09-01,471.5451444370001,IDR billion
bi_emoney.value_purchase,0000,Indonesia (national),2015-10-01,450.38914320000003,IDR billion
bi_emoney.value_purchase,0000,Indonesia (national),2015-11-01,461.04379251100005,IDR billion
bi_emoney.value_purchase,0000,Indonesia (national),2015-12-01,431.1017676359999,IDR billion
bi_emoney.value_purchase,0000,Indonesia (national),2016-01-01,387.4041451429999,IDR billion
bi_emoney.value_purchase,0000,Indonesia (national),2016-02-01,519.3644721940002,IDR billion
bi_emoney.value_purchase,0000,Indonesia (national),2016-03-01,492.1660729080001,IDR billion
bi_emoney.value_purchase,0000,Indonesia (national),2016-04-01,515.2315097469999,IDR billion
bi_emoney.value_purchase,0000,Indonesia (national),2016-05-01,587.0518264250002,IDR billion
bi_emoney.value_purchase,0000,Indonesia (national),2016-06-01,673.1514127770001,IDR billion
bi_emoney.value_purchase,0000,Indonesia (national),2016-07-01,561.8620949369999,IDR billion
bi_emoney.value_purchase,0000,Indonesia (national),2016-08-01,616.4844481900001,IDR billion
bi_emoney.value_purchase,0000,Indonesia (national),2016-09-01,544.915645196,IDR billion
bi_emoney.value_purchase,0000,Indonesia (national),2016-10-01,584.319179481,IDR billion
bi_emoney.value_purchase,0000,Indonesia (national),2016-11-01,831.9717059359998,IDR billion
bi_emoney.value_purchase,0000,Indonesia (national),2016-12-01,749.7664556410001,IDR billion
bi_emoney.value_purchase,0000,Indonesia (national),2017-01-01,665.791469615,IDR billion
bi_emoney.value_purchase,0000,Indonesia (national),2017-02-01,812.2819941489998,IDR billion
bi_emoney.value_purchase,0000,Indonesia (national),2017-03-01,746.3973232720001,IDR billion
bi_emoney.value_purchase,0000,Indonesia (national),2017-04-01,633.561257898,IDR billion
bi_emoney.value_purchase,0000,Indonesia (national),2017-05-01,879.1075275850001,IDR billion
bi_emoney.value_purchase,0000,Indonesia (national),2017-06-01,1019.649712757,IDR billion
bi_emoney.value_purchase,0000,Indonesia (national),2017-07-01,1141.503857374,IDR billion
bi_emoney.value_purchase,0000,Indonesia (national),2017-08-01,790.6990422670001,IDR billion
bi_emoney.value_purchase,0000,Indonesia (national),2017-09-01,817.3661433080001,IDR billion
bi_emoney.value_purchase,0000,Indonesia (national),2017-10-01,1264.4623738770001,IDR billion
bi_emoney.value_purchase,0000,Indonesia (national),2017-11-01,1647.3584289240005,IDR billion
bi_emoney.value_purchase,0000,Indonesia (national),2017-12-01,1957.2895863460003,IDR billion
bi_emoney.value_purchase,0000,Indonesia (national),2018-01-01,3491.8030007790003,IDR billion
bi_emoney.value_purchase,0000,Indonesia (national),2018-02-01,3360.7905298179994,IDR billion
bi_emoney.value_purchase,0000,Indonesia (national),2018-03-01,3458.626770626,IDR billion
bi_emoney.value_purchase,0000,Indonesia (national),2018-04-01,3352.8936465909997,IDR billion
bi_emoney.value_purchase,0000,Indonesia (national),2018-05-01,3534.568850147,IDR billion
bi_emoney.value_purchase,0000,Indonesia (national),2018-06-01,3469.7267650130007,IDR billion
bi_emoney.value_purchase,0000,Indonesia (national),2018-07-01,3582.677099728,IDR billion
bi_emoney.value_purchase,0000,Indonesia (national),2018-08-01,3899.4739459879993,IDR billion
bi_emoney.value_purchase,0000,Indonesia (national),2018-09-01,3517.8347600990005,IDR billion
bi_emoney.value_purchase,0000,Indonesia (national),2018-10-01,4448.57406158911,IDR billion
bi_emoney.value_purchase,0000,Indonesia (national),2018-11-01,5195.495090642001,IDR billion
bi_emoney.value_purchase,0000,Indonesia (national),2018-12-01,5886.151584128169,IDR billion
bi_emoney.value_purchase,0000,Indonesia (national),2019-01-01,5817.363192335521,IDR billion
bi_emoney.value_purchase,0000,Indonesia (national),2019-02-01,5970.2618968571205,IDR billion
bi_emoney.value_purchase,0000,Indonesia (national),2019-03-01,8956.977616791439,IDR billion
bi_emoney.value_purchase,0000,Indonesia (national),2019-04-01,10671.171334765533,IDR billion
bi_emoney.value_purchase,0000,Indonesia (national),2019-05-01,12815.686137710163,IDR billion
bi_emoney.value_purchase,0000,Indonesia (national),2019-06-01,11874.500194134975,IDR billion
bi_emoney.value_purchase,0000,Indonesia (national),2019-07-01,12939.442659999999,IDR billion
bi_emoney.value_purchase,0000,Indonesia (national),2019-08-01,12878.102649999999,IDR billion
bi_emoney.value_purchase,0000,Indonesia (national),2019-09-01,13820.41333,IDR billion
bi_emoney.value_purchase,0000,Indonesia (national),2019-10-01,16370.715,IDR billion
bi_emoney.value_purchase,0000,Indonesia (national),2019-11-01,16080.7009,IDR billion
bi_emoney.value_purchase,0000,Indonesia (national),2019-12-01,16970.13284,IDR billion
bi_emoney.value_purchase,0000,Indonesia (national),2020-01-01,15872.433339999983,IDR billion
bi_emoney.value_purchase,0000,Indonesia (national),2020-02-01,15178.625209999997,IDR billion
bi_emoney.value_purchase,0000,Indonesia (national),2020-03-01,15036.069580000001,IDR billion
bi_emoney.value_purchase,0000,Indonesia (national),2020-04-01,17552.119310000002,IDR billion
bi_emoney.value_purchase,0000,Indonesia (national),2020-05-01,15033.707950000002,IDR billion
bi_emoney.value_purchase,0000,Indonesia (national),2020-06-01,14955.260996195,IDR billion
bi_emoney.value_purchase,0000,Indonesia (national),2020-07-01,16099.55591,IDR billion
bi_emoney.value_purchase,0000,Indonesia (national),2020-08-01,17230.546809999996,IDR billion
bi_emoney.value_purchase,0000,Indonesia (national),2020-09-01,17681.855760000017,IDR billion
bi_emoney.value_purchase,0000,Indonesia (national),2020-10-01,18793.006071033,IDR billion
bi_emoney.value_purchase,0000,Indonesia (national),2020-11-01,19340.829537199,IDR billion
bi_emoney.value_purchase,0000,Indonesia (national),2020-12-01,22135.159510426,IDR billion
bi_emoney.value_purchase,0000,Indonesia (national),2021-01-01,20746.479,IDR billion
bi_emoney.value_purchase,0000,Indonesia (national),2021-02-01,19189.083083466,IDR billion
bi_emoney.value_purchase,0000,Indonesia (national),2021-03-01,21420.774865773998,IDR billion
bi_emoney.value_purchase,0000,Indonesia (national),2021-04-01,22848.143592694,IDR billion
bi_emoney.value_purchase,0000,Indonesia (national),2021-05-01,23659.837729979,IDR billion
bi_emoney.value_purchase,0000,Indonesia (national),2021-06-01,24160.774784308996,IDR billion
bi_emoney.value_purchase,0000,Indonesia (national),2021-07-01,25390.247197644,IDR billion
bi_emoney.value_purchase,0000,Indonesia (national),2021-08-01,24754.101869999995,IDR billion
bi_emoney.value_purchase,0000,Indonesia (national),2021-09-01,27637.429767423,IDR billion
bi_emoney.value_purchase,0000,Indonesia (national),2021-10-01,29231.09899,IDR billion
bi_emoney.value_purchase,0000,Indonesia (national),2021-11-01,31297.757714490002,IDR billion
bi_emoney.value_purchase,0000,Indonesia (national),2021-12-01,35100.099876645,IDR billion
bi_emoney.value_purchase,0000,Indonesia (national),2022-01-01,29389.556009474047,IDR billion
bi_emoney.value_purchase,0000,Indonesia (national),2022-02-01,27339.105697141007,IDR billion
bi_emoney.value_purchase,0000,Indonesia (national),2022-03-01,30652.393140000026,IDR billion
bi_emoney.value_purchase,0000,Indonesia (national),2022-04-01,35390.13903922506,IDR billion
bi_emoney.value_purchase,0000,Indonesia (national),2022-05-01,32107.438670000007,IDR billion
bi_emoney.value_purchase,0000,Indonesia (national),2022-06-01,32511.759950000025,IDR billion
bi_emoney.value_purchase,0000,Indonesia (national),2022-07-01,35508.81735674903,IDR billion
bi_emoney.value_purchase,0000,Indonesia (national),2022-08-01,37832.33579000004,IDR billion
bi_emoney.value_purchase,0000,Indonesia (national),2022-09-01,37059.32111999984,IDR billion
bi_emoney.value_purchase,0000,Indonesia (national),2022-10-01,36648.246,IDR billion
bi_emoney.value_purchase,0000,Indonesia (national),2022-11-01,35475.955729999994,IDR billion
bi_emoney.value_purchase,0000,Indonesia (national),2022-12-01,37619.17297000007,IDR billion
bi_emoney.value_purchase,0000,Indonesia (national),2023-01-01,34016.61137999998,IDR billion
bi_emoney.value_purchase,0000,Indonesia (national),2023-02-01,31977.966869999975,IDR billion
bi_emoney.value_purchase,0000,Indonesia (national),2023-03-01,36941.9186,IDR billion
bi_emoney.value_purchase,0000,Indonesia (national),2023-04-01,37461.565330000034,IDR billion
bi_emoney.value_purchase,0000,Indonesia (national),2023-05-01,37752.84821000005,IDR billion
bi_emoney.value_purchase,0000,Indonesia (national),2023-06-01,36221.64992211496,IDR billion
bi_emoney.value_purchase,0000,Indonesia (national),2023-07-01,39232.85979000006,IDR billion
bi_emoney.value_purchase,0000,Indonesia (national),2023-08-01,38538.06923202702,IDR billion
bi_emoney.value_purchase,0000,Indonesia (national),2023-09-01,39231.967359411,IDR billion
bi_emoney.value_purchase,0000,Indonesia (national),2023-10-01,41737.28450254206,IDR billion
bi_emoney.value_purchase,0000,Indonesia (national),2023-11-01,41327.628079805036,IDR billion
bi_emoney.value_purchase,0000,Indonesia (national),2023-12-01,43288.824563882015,IDR billion
bi_emoney.value_purchase,0000,Indonesia (national),2024-01-01,42409.39910533101,IDR billion
bi_emoney.value_purchase,0000,Indonesia (national),2024-02-01,41393.524492732,IDR billion
bi_emoney.value_purchase,0000,Indonesia (national),2024-03-01,45785.563735128955,IDR billion
bi_emoney.value_purchase,0000,Indonesia (national),2024-04-01,43726.154496994,IDR billion
bi_emoney.value_purchase,0000,Indonesia (national),2024-05-01,45860.30624791198,IDR billion
bi_emoney.value_purchase,0000,Indonesia (national),2024-06-01,47195.576485077996,IDR billion
bi_emoney.value_purchase,0000,Indonesia (national),2024-07-01,50803.688487884014,IDR billion
bi_emoney.value_purchase,0000,Indonesia (national),2024-08-01,55740.08432340702,IDR billion
bi_emoney.value_purchase,0000,Indonesia (national),2024-09-01,53358.01023722925,IDR billion
bi_emoney.value_purchase,0000,Indonesia (national),2024-10-01,53729.30142723802,IDR billion
bi_emoney.value_purchase,0000,Indonesia (national),2024-11-01,49115.87873093101,IDR billion
bi_emoney.value_purchase,0000,Indonesia (national),2024-12-01,68081.8390181199,IDR billion
bi_emoney.value_purchase,0000,Indonesia (national),2025-01-01,65534.58160919998,IDR billion
bi_emoney.value_purchase,0000,Indonesia (national),2025-02-01,63734.996031783,IDR billion
bi_emoney.value_purchase,0000,Indonesia (national),2025-03-01,78303.36549646505,IDR billion
bi_emoney.value_purchase,0000,Indonesia (national),2025-04-01,70614.90998041307,IDR billion
bi_emoney.value_purchase,0000,Indonesia (national),2025-05-01,79629.67703962901,IDR billion
bi_emoney.value_purchase,0000,Indonesia (national),2025-06-01,81402.56355490696,IDR billion
bi_emoney.value_purchase,0000,Indonesia (national),2025-07-01,85668.73686776301,IDR billion
bi_emoney.value_purchase,0000,Indonesia (national),2025-08-01,88112.53360749413,IDR billion
bi_emoney.value_purchase,0000,Indonesia (national),2025-09-01,88298.50384409606,IDR billion
bi_emoney.value_purchase,0000,Indonesia (national),2025-10-01,96292.04468383231,IDR billion
bi_emoney.value_purchase,0000,Indonesia (national),2025-11-01,96863.23334718496,IDR billion
bi_emoney.value_purchase,0000,Indonesia (national),2025-12-01,104694.05346802203,IDR billion
bi_emoney.value_purchase,0000,Indonesia (national),2026-01-01,102718.29556929518,IDR billion
bi_emoney.value_purchase,0000,Indonesia (national),2026-02-01,96757.6837816732,IDR billion
bi_emoney.value_purchase,0000,Indonesia (national),2026-03-01,120951.42668218906,IDR billion
bi_emoney.value_purchase,0000,Indonesia (national),2026-04-01,112512.7625654393,IDR billion
bi_emoney.value_purchase,0000,Indonesia (national),2026-05-01,118575.29571749391,IDR billion
bi_emoney.value_purchase,0000,Indonesia (national),2026-06-01,110940.1004483157,IDR billion
bi_emoney.value_topup,0000,Indonesia (national),2013-01-01,189.867316181,IDR billion
bi_emoney.value_topup,0000,Indonesia (national),2013-02-01,160.117537531,IDR billion
bi_emoney.value_topup,0000,Indonesia (national),2013-03-01,253.383498741,IDR billion
bi_emoney.value_topup,0000,Indonesia (national),2013-04-01,223.483946074,IDR billion
bi_emoney.value_topup,0000,Indonesia (national),2013-05-01,208.817488019,IDR billion
bi_emoney.value_topup,0000,Indonesia (national),2013-06-01,246.950788674,IDR billion
bi_emoney.value_topup,0000,Indonesia (national),2013-07-01,246.950788674,IDR billion
bi_emoney.value_topup,0000,Indonesia (national),2013-08-01,222.136881156,IDR billion
bi_emoney.value_topup,0000,Indonesia (national),2013-09-01,208.33849143,IDR billion
bi_emoney.value_topup,0000,Indonesia (national),2013-10-01,220.873753045,IDR billion
bi_emoney.value_topup,0000,Indonesia (national),2013-11-01,255.394879623,IDR billion
bi_emoney.value_topup,0000,Indonesia (national),2013-12-01,250.840086801,IDR billion
bi_emoney.value_topup,0000,Indonesia (national),2014-01-01,233.672480568,IDR billion
bi_emoney.value_topup,0000,Indonesia (national),2014-02-01,244.01381475,IDR billion
bi_emoney.value_topup,0000,Indonesia (national),2014-03-01,319.214841549,IDR billion
bi_emoney.value_topup,0000,Indonesia (national),2014-04-01,281.369676889,IDR billion
bi_emoney.value_topup,0000,Indonesia (national),2014-05-01,268.605015922,IDR billion
bi_emoney.value_topup,0000,Indonesia (national),2014-06-01,327.210739868,IDR billion
bi_emoney.value_topup,0000,Indonesia (national),2014-07-01,372.86892877,IDR billion
bi_emoney.value_topup,0000,Indonesia (national),2014-08-01,287.12670005,IDR billion
bi_emoney.value_topup,0000,Indonesia (national),2014-09-01,278.201910173,IDR billion
bi_emoney.value_topup,0000,Indonesia (national),2014-10-01,495.627369216,IDR billion
bi_emoney.value_topup,0000,Indonesia (national),2014-11-01,342.719347635,IDR billion
bi_emoney.value_topup,0000,Indonesia (national),2014-12-01,338.52094552,IDR billion
bi_emoney.value_topup,0000,Indonesia (national),2015-01-01,294.285223461,IDR billion
bi_emoney.value_topup,0000,Indonesia (national),2015-02-01,300.502034209,IDR billion
bi_emoney.value_topup,0000,Indonesia (national),2015-03-01,388.526232749,IDR billion
bi_emoney.value_topup,0000,Indonesia (national),2015-04-01,367.836966703,IDR billion
bi_emoney.value_topup,0000,Indonesia (national),2015-05-01,485.538136032,IDR billion
bi_emoney.value_topup,0000,Indonesia (national),2015-06-01,710.68632983,IDR billion
bi_emoney.value_topup,0000,Indonesia (national),2015-07-01,702.033152715,IDR billion
bi_emoney.value_topup,0000,Indonesia (national),2015-08-01,559.506373258,IDR billion
bi_emoney.value_topup,0000,Indonesia (national),2015-09-01,501.161538526,IDR billion
bi_emoney.value_topup,0000,Indonesia (national),2015-10-01,495.627369216,IDR billion
bi_emoney.value_topup,0000,Indonesia (national),2015-11-01,500.903193514,IDR billion
bi_emoney.value_topup,0000,Indonesia (national),2015-12-01,508.80582517,IDR billion
bi_emoney.value_topup,0000,Indonesia (national),2016-01-01,433.645495914,IDR billion
bi_emoney.value_topup,0000,Indonesia (national),2016-02-01,578.523160965,IDR billion
bi_emoney.value_topup,0000,Indonesia (national),2016-03-01,564.51277656,IDR billion
bi_emoney.value_topup,0000,Indonesia (national),2016-04-01,546.980669383,IDR billion
bi_emoney.value_topup,0000,Indonesia (national),2016-05-01,619.685019933,IDR billion
bi_emoney.value_topup,0000,Indonesia (national),2016-06-01,722.567626784,IDR billion
bi_emoney.value_topup,0000,Indonesia (national),2016-07-01,553.747886625,IDR billion
bi_emoney.value_topup,0000,Indonesia (national),2016-08-01,566.362281995,IDR billion
bi_emoney.value_topup,0000,Indonesia (national),2016-09-01,584.936242956,IDR billion
bi_emoney.value_topup,0000,Indonesia (national),2016-10-01,607.317233143,IDR billion
bi_emoney.value_topup,0000,Indonesia (national),2016-11-01,712.861331242,IDR billion
bi_emoney.value_topup,0000,Indonesia (national),2016-12-01,662.072451617,IDR billion
bi_emoney.value_topup,0000,Indonesia (national),2017-01-01,604.704375826,IDR billion
bi_emoney.value_topup,0000,Indonesia (national),2017-02-01,722.080076626,IDR billion
bi_emoney.value_topup,0000,Indonesia (national),2017-03-01,978.582094087,IDR billion
bi_emoney.value_topup,0000,Indonesia (national),2017-04-01,917.313660419,IDR billion
bi_emoney.value_topup,0000,Indonesia (national),2017-05-01,1205.164810536,IDR billion
bi_emoney.value_topup,0000,Indonesia (national),2017-06-01,1268.942546914,IDR billion
bi_emoney.value_topup,0000,Indonesia (national),2017-07-01,1173.797493528,IDR billion
bi_emoney.value_topup,0000,Indonesia (national),2017-08-01,1263.767298029,IDR billion
bi_emoney.value_topup,0000,Indonesia (national),2017-09-01,1468.368436997,IDR billion
bi_emoney.value_topup,0000,Indonesia (national),2017-10-01,2120.977646209,IDR billion
bi_emoney.value_topup,0000,Indonesia (national),2017-11-01,2553.620155024,IDR billion
bi_emoney.value_topup,0000,Indonesia (national),2017-12-01,2914.799421859,IDR billion
bi_emoney.value_topup,0000,Indonesia (national),2018-01-01,3095.455030089,IDR billion
bi_emoney.value_topup,0000,Indonesia (national),2018-02-01,2547.043032716,IDR billion
bi_emoney.value_topup,0000,Indonesia (national),2018-03-01,2659.51095276,IDR billion
bi_emoney.value_topup,0000,Indonesia (national),2018-04-01,2757.978451766,IDR billion
bi_emoney.value_topup,0000,Indonesia (national),2018-05-01,3201.03978199,IDR billion
bi_emoney.value_topup,0000,Indonesia (national),2018-06-01,3385.959883346,IDR billion
bi_emoney.value_topup,0000,Indonesia (national),2018-07-01,3013.879432319,IDR billion
bi_emoney.value_topup,0000,Indonesia (national),2018-08-01,4013.752415831925,IDR billion
bi_emoney.value_topup,0000,Indonesia (national),2018-09-01,4492.523196568968,IDR billion
bi_emoney.value_topup,0000,Indonesia (national),2018-10-01,5056.733806282532,IDR billion
bi_emoney.value_topup,0000,Indonesia (national),2018-11-01,5440.614870179042,IDR billion
bi_emoney.value_topup,0000,Indonesia (national),2018-12-01,4065.576911611644,IDR billion
bi_emoney.value_topup,0000,Indonesia (national),2019-01-01,45954.68833543061,IDR billion
bi_emoney.value_topup,0000,Indonesia (national),2019-02-01,43407.78943956998,IDR billion
bi_emoney.value_topup,0000,Indonesia (national),2019-03-01,18228.842290766006,IDR billion
bi_emoney.value_topup,0000,Indonesia (national),2019-04-01,15195.483518018167,IDR billion
bi_emoney.value_topup,0000,Indonesia (national),2019-05-01,49199.27550000001,IDR billion
bi_emoney.value_topup,0000,Indonesia (national),2019-06-01,12274.957405534999,IDR billion
bi_emoney.value_topup,0000,Indonesia (national),2019-07-01,13547.721829999997,IDR billion
bi_emoney.value_topup,0000,Indonesia (national),2019-08-01,15380.257960000004,IDR billion
bi_emoney.value_topup,0000,Indonesia (national),2019-09-01,17192.563729999998,IDR billion
bi_emoney.value_topup,0000,Indonesia (national),2019-10-01,20045.13753,IDR billion
bi_emoney.value_topup,0000,Indonesia (national),2019-11-01,19503.08359,IDR billion
bi_emoney.value_topup,0000,Indonesia (national),2019-12-01,20240.299529999997,IDR billion
bi_emoney.value_topup,0000,Indonesia (national),2020-01-01,18406.043340000004,IDR billion
bi_emoney.value_topup,0000,Indonesia (national),2020-02-01,18358.32641,IDR billion
bi_emoney.value_topup,0000,Indonesia (national),2020-03-01,18813.746059999998,IDR billion
bi_emoney.value_topup,0000,Indonesia (national),2020-04-01,15997.469130000005,IDR billion
bi_emoney.value_topup,0000,Indonesia (national),2020-05-01,18037.71024,IDR billion
bi_emoney.value_topup,0000,Indonesia (national),2020-06-01,17826.12396999999,IDR billion
bi_emoney.value_topup,0000,Indonesia (national),2020-07-01,20026.850980000003,IDR billion
bi_emoney.value_topup,0000,Indonesia (national),2020-08-01,21050.276449999994,IDR billion
bi_emoney.value_topup,0000,Indonesia (national),2020-09-01,22522.519049999995,IDR billion
bi_emoney.value_topup,0000,Indonesia (national),2020-10-01,25091.50246,IDR billion
bi_emoney.value_topup,0000,Indonesia (national),2020-11-01,26683.303183986,IDR billion
bi_emoney.value_topup,0000,Indonesia (national),2020-12-01,29765.44963000001,IDR billion
bi_emoney.value_topup,0000,Indonesia (national),2021-01-01,27916.81891900001,IDR billion
bi_emoney.value_topup,0000,Indonesia (national),2021-02-01,25310.79107,IDR billion
bi_emoney.value_topup,0000,Indonesia (national),2021-03-01,29155.300130999996,IDR billion
bi_emoney.value_topup,0000,Indonesia (national),2021-04-01,31820.59049,IDR billion
bi_emoney.value_topup,0000,Indonesia (national),2021-05-01,39966.991561,IDR billion
bi_emoney.value_topup,0000,Indonesia (national),2021-06-01,33490.313297,IDR billion
bi_emoney.value_topup,0000,Indonesia (national),2021-07-01,35060.873483,IDR billion
bi_emoney.value_topup,0000,Indonesia (national),2021-08-01,34351.44821399999,IDR billion
bi_emoney.value_topup,0000,Indonesia (national),2021-09-01,36688.897109,IDR billion
bi_emoney.value_topup,0000,Indonesia (national),2021-10-01,29421.639221999994,IDR billion
bi_emoney.value_topup,0000,Indonesia (national),2021-11-01,30523.624451000003,IDR billion
bi_emoney.value_topup,0000,Indonesia (national),2021-12-01,32972.316011,IDR billion
bi_emoney.value_topup,0000,Indonesia (national),2022-01-01,29869.197742724,IDR billion
bi_emoney.value_topup,0000,Indonesia (national),2022-02-01,28479.107839516008,IDR billion
bi_emoney.value_topup,0000,Indonesia (national),2022-03-01,33253.335033418,IDR billion
bi_emoney.value_topup,0000,Indonesia (national),2022-04-01,37251.18420614102,IDR billion
bi_emoney.value_topup,0000,Indonesia (national),2022-05-01,33988.50379539099,IDR billion
bi_emoney.value_topup,0000,Indonesia (national),2022-06-01,35339.742240028005,IDR billion
bi_emoney.value_topup,0000,Indonesia (national),2022-07-01,39841.491839450995,IDR billion
bi_emoney.value_topup,0000,Indonesia (national),2022-08-01,39176.275696335986,IDR billion
bi_emoney.value_topup,0000,Indonesia (national),2022-09-01,39284.456998014015,IDR billion
bi_emoney.value_topup,0000,Indonesia (national),2022-10-01,69128.05061733097,IDR billion
bi_emoney.value_topup,0000,Indonesia (national),2022-11-01,70292.85475052499,IDR billion
bi_emoney.value_topup,0000,Indonesia (national),2022-12-01,76900.53256248601,IDR billion
bi_emoney.value_topup,0000,Indonesia (national),2023-01-01,72580.98912392602,IDR billion
bi_emoney.value_topup,0000,Indonesia (national),2023-02-01,68152.52631288803,IDR billion
bi_emoney.value_topup,0000,Indonesia (national),2023-03-01,77277.42471748202,IDR billion
bi_emoney.value_topup,0000,Indonesia (national),2023-04-01,82046.33966349799,IDR billion
bi_emoney.value_topup,0000,Indonesia (national),2023-05-01,81123.93854999999,IDR billion
bi_emoney.value_topup,0000,Indonesia (national),2023-06-01,82383.279113993,IDR billion
bi_emoney.value_topup,0000,Indonesia (national),2023-07-01,85938.55557257701,IDR billion
bi_emoney.value_topup,0000,Indonesia (national),2023-08-01,84492.71313025398,IDR billion
bi_emoney.value_topup,0000,Indonesia (national),2023-09-01,84382.63952778601,IDR billion
bi_emoney.value_topup,0000,Indonesia (national),2023-10-01,88075.36500604304,IDR billion
bi_emoney.value_topup,0000,Indonesia (national),2023-11-01,89874.915329691,IDR billion
bi_emoney.value_topup,0000,Indonesia (national),2023-12-01,99032.21885910197,IDR billion
bi_emoney.value_topup,0000,Indonesia (national),2024-01-01,94473.36358993803,IDR billion
bi_emoney.value_topup,0000,Indonesia (national),2024-02-01,94059.06952311403,IDR billion
bi_emoney.value_topup,0000,Indonesia (national),2024-03-01,105971.685821897,IDR billion
bi_emoney.value_topup,0000,Indonesia (national),2024-04-01,106294.22521123299,IDR billion
bi_emoney.value_topup,0000,Indonesia (national),2024-05-01,108275.01012133605,IDR billion
bi_emoney.value_topup,0000,Indonesia (national),2024-06-01,109853.371017703,IDR billion
bi_emoney.value_topup,0000,Indonesia (national),2024-07-01,113488.80236778098,IDR billion
bi_emoney.value_topup,0000,Indonesia (national),2024-08-01,114632.72689748899,IDR billion
bi_emoney.value_topup,0000,Indonesia (national),2024-09-01,113934.79913973101,IDR billion
bi_emoney.value_topup,0000,Indonesia (national),2024-10-01,118932.25457247302,IDR billion
bi_emoney.value_topup,0000,Indonesia (national),2024-11-01,114633.185050371,IDR billion
bi_emoney.value_topup,0000,Indonesia (national),2024-12-01,124533.93059777598,IDR billion
bi_emoney.value_topup,0000,Indonesia (national),2025-01-01,119621.31724825,IDR billion
bi_emoney.value_topup,0000,Indonesia (national),2025-02-01,114596.81073277802,IDR billion
bi_emoney.value_topup,0000,Indonesia (national),2025-03-01,139751.20558680597,IDR billion
bi_emoney.value_topup,0000,Indonesia (national),2025-04-01,121729.82694488802,IDR billion
bi_emoney.value_topup,0000,Indonesia (national),2025-05-01,134107.305828311,IDR billion
bi_emoney.value_topup,0000,Indonesia (national),2025-06-01,133128.437031555,IDR billion
bi_emoney.value_topup,0000,Indonesia (national),2025-07-01,138195.352322436,IDR billion
bi_emoney.value_topup,0000,Indonesia (national),2025-08-01,156950.3384472547,IDR billion
bi_emoney.value_topup,0000,Indonesia (national),2025-09-01,153756.225660967,IDR billion
bi_emoney.value_topup,0000,Indonesia (national),2025-10-01,145834.35294445223,IDR billion
bi_emoney.value_topup,0000,Indonesia (national),2025-11-01,161754.94954401502,IDR billion
bi_emoney.value_topup,0000,Indonesia (national),2025-12-01,175368.28406717008,IDR billion
bi_emoney.value_topup,0000,Indonesia (national),2026-01-01,151411.5664195609,IDR billion
bi_emoney.value_topup,0000,Indonesia (national),2026-02-01,144529.270160858,IDR billion
bi_emoney.value_topup,0000,Indonesia (national),2026-03-01,171214.14323626814,IDR billion
bi_emoney.value_topup,0000,Indonesia (national),2026-04-01,142559.9804702649,IDR billion
bi_emoney.value_topup,0000,Indonesia (national),2026-05-01,156673.9019199099,IDR billion
bi_emoney.value_topup,0000,Indonesia (national),2026-06-01,157727.45905580392,IDR billion
bi_emoney.volume,0000,Indonesia (national),2009-01-01,492.818,thousand transactions
bi_emoney.volume,0000,Indonesia (national),2009-02-01,760.746,thousand transactions
bi_emoney.volume,0000,Indonesia (national),2009-03-01,1235.384,thousand transactions
bi_emoney.volume,0000,Indonesia (national),2009-04-01,1431.314,thousand transactions
bi_emoney.volume,0000,Indonesia (national),2009-05-01,1664.352,thousand transactions
bi_emoney.volume,0000,Indonesia (national),2009-06-01,1427.7,thousand transactions
bi_emoney.volume,0000,Indonesia (national),2009-07-01,1449.281,thousand transactions
bi_emoney.volume,0000,Indonesia (national),2009-08-01,1366.804,thousand transactions
bi_emoney.volume,0000,Indonesia (national),2009-09-01,2047.47,thousand transactions
bi_emoney.volume,0000,Indonesia (national),2009-10-01,1785.942,thousand transactions
bi_emoney.volume,0000,Indonesia (national),2009-11-01,1737.553,thousand transactions
bi_emoney.volume,0000,Indonesia (national),2009-12-01,2037.268,thousand transactions
bi_emoney.volume,0000,Indonesia (national),2010-01-01,2019.147,thousand transactions
bi_emoney.volume,0000,Indonesia (national),2010-02-01,1914.662,thousand transactions
bi_emoney.volume,0000,Indonesia (national),2010-03-01,1993.607,thousand transactions
bi_emoney.volume,0000,Indonesia (national),2010-04-01,2065.037,thousand transactions
bi_emoney.volume,0000,Indonesia (national),2010-05-01,2126.067,thousand transactions
bi_emoney.volume,0000,Indonesia (national),2010-06-01,2230.367,thousand transactions
bi_emoney.volume,0000,Indonesia (national),2010-07-01,2279.353,thousand transactions
bi_emoney.volume,0000,Indonesia (national),2010-08-01,2243.698,thousand transactions
bi_emoney.volume,0000,Indonesia (national),2010-09-01,1999.368,thousand transactions
bi_emoney.volume,0000,Indonesia (national),2010-10-01,2446.354,thousand transactions
bi_emoney.volume,0000,Indonesia (national),2010-11-01,2326.155,thousand transactions
bi_emoney.volume,0000,Indonesia (national),2010-12-01,2898.167,thousand transactions
bi_emoney.volume,0000,Indonesia (national),2011-01-01,2844.018,thousand transactions
bi_emoney.volume,0000,Indonesia (national),2011-02-01,2339.473,thousand transactions
bi_emoney.volume,0000,Indonesia (national),2011-03-01,3216.17,thousand transactions
bi_emoney.volume,0000,Indonesia (national),2011-04-01,3108.815,thousand transactions
bi_emoney.volume,0000,Indonesia (national),2011-05-01,3162.917,thousand transactions
bi_emoney.volume,0000,Indonesia (national),2011-06-01,3085.833,thousand transactions
bi_emoney.volume,0000,Indonesia (national),2011-07-01,3703.291,thousand transactions
bi_emoney.volume,0000,Indonesia (national),2011-08-01,3399.868,thousand transactions
bi_emoney.volume,0000,Indonesia (national),2011-09-01,3472.472,thousand transactions
bi_emoney.volume,0000,Indonesia (national),2011-10-01,3937.939,thousand transactions
bi_emoney.volume,0000,Indonesia (national),2011-11-01,4120.12,thousand transactions
bi_emoney.volume,0000,Indonesia (national),2011-12-01,4669.233,thousand transactions
bi_emoney.volume,0000,Indonesia (national),2012-01-01,4548.593000000001,thousand transactions
bi_emoney.volume,0000,Indonesia (national),2012-02-01,5733.102,thousand transactions
bi_emoney.volume,0000,Indonesia (national),2012-03-01,6990.612999999999,thousand transactions
bi_emoney.volume,0000,Indonesia (national),2012-04-01,7483.775,thousand transactions
bi_emoney.volume,0000,Indonesia (national),2012-05-01,8587.215,thousand transactions
bi_emoney.volume,0000,Indonesia (national),2012-06-01,8632.104,thousand transactions
bi_emoney.volume,0000,Indonesia (national),2012-07-01,9821.733,thousand transactions
bi_emoney.volume,0000,Indonesia (national),2012-08-01,8491.618,thousand transactions
bi_emoney.volume,0000,Indonesia (national),2012-09-01,9471.354,thousand transactions
bi_emoney.volume,0000,Indonesia (national),2012-10-01,9977.618242508328,thousand transactions
bi_emoney.volume,0000,Indonesia (national),2012-11-01,10636.699999999999,thousand transactions
bi_emoney.volume,0000,Indonesia (national),2012-12-01,10260.989,thousand transactions
bi_emoney.volume,0000,Indonesia (national),2013-01-01,10602.080000000002,thousand transactions
bi_emoney.volume,0000,Indonesia (national),2013-02-01,10740.966999999999,thousand transactions
bi_emoney.volume,0000,Indonesia (national),2013-03-01,13209.211000000001,thousand transactions
bi_emoney.volume,0000,Indonesia (national),2013-04-01,12779.639000000001,thousand transactions
bi_emoney.volume,0000,Indonesia (national),2013-05-01,12966.324999999999,thousand transactions
bi_emoney.volume,0000,Indonesia (national),2013-06-01,12519.242999999999,thousand transactions
bi_emoney.volume,0000,Indonesia (national),2013-07-01,14119.296,thousand transactions
bi_emoney.volume,0000,Indonesia (national),2013-08-01,12222.28381594696,thousand transactions
bi_emoney.volume,0000,Indonesia (national),2013-09-01,391680.789,thousand transactions
bi_emoney.volume,0000,Indonesia (national),2013-10-01,13757.887,thousand transactions
bi_emoney.volume,0000,Indonesia (national),2013-11-01,14038.027,thousand transactions
bi_emoney.volume,0000,Indonesia (national),2013-12-01,14841.903999999999,thousand transactions
bi_emoney.volume,0000,Indonesia (national),2014-01-01,14177.623000000001,thousand transactions
bi_emoney.volume,0000,Indonesia (national),2014-02-01,14414.167,thousand transactions
bi_emoney.volume,0000,Indonesia (national),2014-03-01,16996.067,thousand transactions
bi_emoney.volume,0000,Indonesia (national),2014-04-01,16296.43,thousand transactions
bi_emoney.volume,0000,Indonesia (national),2014-05-01,17366.055,thousand transactions
bi_emoney.volume,0000,Indonesia (national),2014-06-01,17683.478,thousand transactions
bi_emoney.volume,0000,Indonesia (national),2014-07-01,16495.227999999996,thousand transactions
bi_emoney.volume,0000,Indonesia (national),2014-08-01,19766.837,thousand transactions
bi_emoney.volume,0000,Indonesia (national),2014-09-01,23326.631,thousand transactions
bi_emoney.volume,0000,Indonesia (national),2014-10-01,26591.929,thousand transactions
bi_emoney.volume,0000,Indonesia (national),2014-11-01,26203.474000000002,thousand transactions
bi_emoney.volume,0000,Indonesia (national),2014-12-01,29847.791999999998,thousand transactions
bi_emoney.volume,0000,Indonesia (national),2015-01-01,28686.816,thousand transactions
bi_emoney.volume,0000,Indonesia (national),2015-02-01,27055.922999999995,thousand transactions
bi_emoney.volume,0000,Indonesia (national),2015-03-01,34342.547,thousand transactions
bi_emoney.volume,0000,Indonesia (national),2015-04-01,33265.541,thousand transactions
bi_emoney.volume,0000,Indonesia (national),2015-05-01,57966.419,thousand transactions
bi_emoney.volume,0000,Indonesia (national),2015-06-01,64693.03100000002,thousand transactions
bi_emoney.volume,0000,Indonesia (national),2015-07-01,63571.098999999995,thousand transactions
bi_emoney.volume,0000,Indonesia (national),2015-08-01,64734.725,thousand transactions
bi_emoney.volume,0000,Indonesia (national),2015-09-01,59428.206,thousand transactions
bi_emoney.volume,0000,Indonesia (national),2015-10-01,56914.75,thousand transactions
bi_emoney.volume,0000,Indonesia (national),2015-11-01,52483.195,thousand transactions
bi_emoney.volume,0000,Indonesia (national),2015-12-01,47593.471,thousand transactions
bi_emoney.volume,0000,Indonesia (national),2016-01-01,46710.988,thousand transactions
bi_emoney.volume,0000,Indonesia (national),2016-02-01,52313.609,thousand transactions
bi_emoney.volume,0000,Indonesia (national),2016-03-01,56754.46,thousand transactions
bi_emoney.volume,0000,Indonesia (national),2016-04-01,56717.924000000006,thousand transactions
bi_emoney.volume,0000,Indonesia (national),2016-05-01,70390.37299999999,thousand transactions
bi_emoney.volume,0000,Indonesia (national),2016-06-01,61231.21800000001,thousand transactions
bi_emoney.volume,0000,Indonesia (national),2016-07-01,55690.91900000001,thousand transactions
bi_emoney.volume,0000,Indonesia (national),2016-08-01,67016.414,thousand transactions
bi_emoney.volume,0000,Indonesia (national),2016-09-01,64248.28699999999,thousand transactions
bi_emoney.volume,0000,Indonesia (national),2016-10-01,67695.99300000002,thousand transactions
bi_emoney.volume,0000,Indonesia (national),2016-11-01,73339.72300000001,thousand transactions
bi_emoney.volume,0000,Indonesia (national),2016-12-01,86668.46999999999,thousand transactions
bi_emoney.volume,0000,Indonesia (national),2017-01-01,65043.407999999996,thousand transactions
bi_emoney.volume,0000,Indonesia (national),2017-02-01,65260.142,thousand transactions
bi_emoney.volume,0000,Indonesia (national),2017-03-01,75164.03199999999,thousand transactions
bi_emoney.volume,0000,Indonesia (national),2017-04-01,67336.518,thousand transactions
bi_emoney.volume,0000,Indonesia (national),2017-05-01,77384.661,thousand transactions
bi_emoney.volume,0000,Indonesia (national),2017-06-01,67459.27200000001,thousand transactions
bi_emoney.volume,0000,Indonesia (national),2017-07-01,83532.58799999999,thousand transactions
bi_emoney.volume,0000,Indonesia (national),2017-08-01,82230.47819310131,thousand transactions
bi_emoney.volume,0000,Indonesia (national),2017-09-01,87324.91500000001,thousand transactions
bi_emoney.volume,0000,Indonesia (national),2017-10-01,133619.53500000003,thousand transactions
bi_emoney.volume,0000,Indonesia (national),2017-11-01,159389.668,thousand transactions
bi_emoney.volume,0000,Indonesia (national),2017-12-01,198531.56100000002,thousand transactions
bi_emoney.volume,0000,Indonesia (national),2018-01-01,248886.83899999998,thousand transactions
bi_emoney.volume,0000,Indonesia (national),2018-02-01,218594.27799999996,thousand transactions
bi_emoney.volume,0000,Indonesia (national),2018-03-01,241166.79400000002,thousand transactions
bi_emoney.volume,0000,Indonesia (national),2018-04-01,237031.06099999996,thousand transactions
bi_emoney.volume,0000,Indonesia (national),2018-05-01,256676.23700000008,thousand transactions
bi_emoney.volume,0000,Indonesia (national),2018-06-01,243924.054,thousand transactions
bi_emoney.volume,0000,Indonesia (national),2018-07-01,273656.997,thousand transactions
bi_emoney.volume,0000,Indonesia (national),2018-08-01,342227.022,thousand transactions
bi_emoney.volume,0000,Indonesia (national),2018-09-01,262275.757,thousand transactions
bi_emoney.volume,0000,Indonesia (national),2018-10-01,350496.6925,thousand transactions
bi_emoney.volume,0000,Indonesia (national),2018-11-01,394826.175,thousand transactions
bi_emoney.volume,0000,Indonesia (national),2018-12-01,359252.65799999994,thousand transactions
bi_emoney.volume,0000,Indonesia (national),2019-01-01,367938.992,thousand transactions
bi_emoney.volume,0000,Indonesia (national),2019-02-01,415380.56700000004,thousand transactions
bi_emoney.volume,0000,Indonesia (national),2019-03-01,548738.6209999999,thousand transactions
bi_emoney.volume,0000,Indonesia (national),2019-04-01,582538.067,thousand transactions
bi_emoney.volume,0000,Indonesia (national),2019-05-01,567671.5179999999,thousand transactions
bi_emoney.volume,0000,Indonesia (national),2019-06-01,526610.134,thousand transactions
bi_emoney.volume,0000,Indonesia (national),2019-07-01,615267.041,thousand transactions
bi_emoney.volume,0000,Indonesia (national),2019-08-01,658897.5989999999,thousand transactions
bi_emoney.volume,0000,Indonesia (national),2019-09-01,680678.613,thousand transactions
bi_emoney.volume,0000,Indonesia (national),2019-10-01,710725.182,thousand transactions
bi_emoney.volume,0000,Indonesia (national),2019-11-01,674149.246,thousand transactions
bi_emoney.volume,0000,Indonesia (national),2019-12-01,704987.342,thousand transactions
bi_emoney.volume,0000,Indonesia (national),2020-01-01,2370356.4729999998,thousand transactions
bi_emoney.volume,0000,Indonesia (national),2020-02-01,2372349.4299999997,thousand transactions
bi_emoney.volume,0000,Indonesia (national),2020-03-01,1615530.4629999998,thousand transactions
bi_emoney.volume,0000,Indonesia (national),2020-04-01,607753.338,thousand transactions
bi_emoney.volume,0000,Indonesia (national),2020-05-01,505373.27600000007,thousand transactions
bi_emoney.volume,0000,Indonesia (national),2020-06-01,918234.217,thousand transactions
bi_emoney.volume,0000,Indonesia (national),2020-07-01,1246898.296,thousand transactions
bi_emoney.volume,0000,Indonesia (national),2020-08-01,1222130.293,thousand transactions
bi_emoney.volume,0000,Indonesia (national),2020-09-01,1053764.041,thousand transactions
bi_emoney.volume,0000,Indonesia (national),2020-10-01,1022954.793,thousand transactions
bi_emoney.volume,0000,Indonesia (national),2020-11-01,840144.152,thousand transactions
bi_emoney.volume,0000,Indonesia (national),2020-12-01,1267986.4870000002,thousand transactions
bi_emoney.volume,0000,Indonesia (national),2021-01-01,565861.1190000001,thousand transactions
bi_emoney.volume,0000,Indonesia (national),2021-02-01,542092.909,thousand transactions
bi_emoney.volume,0000,Indonesia (national),2021-03-01,632263.1710000001,thousand transactions
bi_emoney.volume,0000,Indonesia (national),2021-04-01,628781.506,thousand transactions
bi_emoney.volume,0000,Indonesia (national),2021-05-01,715266.377,thousand transactions
bi_emoney.volume,0000,Indonesia (national),2021-06-01,685803.4629999999,thousand transactions
bi_emoney.volume,0000,Indonesia (national),2021-07-01,655241.843,thousand transactions
bi_emoney.volume,0000,Indonesia (national),2021-08-01,683135.19,thousand transactions
bi_emoney.volume,0000,Indonesia (national),2021-09-01,731037.329,thousand transactions
bi_emoney.volume,0000,Indonesia (national),2021-10-01,753096.9069999999,thousand transactions
bi_emoney.volume,0000,Indonesia (national),2021-11-01,783654.0380000001,thousand transactions
bi_emoney.volume,0000,Indonesia (national),2021-12-01,887926.404,thousand transactions
bi_emoney.volume,0000,Indonesia (national),2022-01-01,827200.1629999998,thousand transactions
bi_emoney.volume,0000,Indonesia (national),2022-02-01,753842.7530000001,thousand transactions
bi_emoney.volume,0000,Indonesia (national),2022-03-01,851986.9879999999,thousand transactions
bi_emoney.volume,0000,Indonesia (national),2022-04-01,923432.0560000001,thousand transactions
bi_emoney.volume,0000,Indonesia (national),2022-05-01,895471.368,thousand transactions
bi_emoney.volume,0000,Indonesia (national),2022-06-01,933551.7640000001,thousand transactions
bi_emoney.volume,0000,Indonesia (national),2022-07-01,1025669.6649999999,thousand transactions
bi_emoney.volume,0000,Indonesia (national),2022-08-01,1078168.3310000002,thousand transactions
bi_emoney.volume,0000,Indonesia (national),2022-09-01,1076616.632,thousand transactions
bi_emoney.volume,0000,Indonesia (national),2022-10-01,1222590.2599999998,thousand transactions
bi_emoney.volume,0000,Indonesia (national),2022-11-01,1346008.43,thousand transactions
bi_emoney.volume,0000,Indonesia (national),2022-12-01,1395821.187,thousand transactions
bi_emoney.volume,0000,Indonesia (national),2023-01-01,1244955.403,thousand transactions
bi_emoney.volume,0000,Indonesia (national),2023-02-01,1330212.584,thousand transactions
bi_emoney.volume,0000,Indonesia (national),2023-03-01,1650356.2860000003,thousand transactions
bi_emoney.volume,0000,Indonesia (national),2023-04-01,1710094.588,thousand transactions
bi_emoney.volume,0000,Indonesia (national),2023-05-01,1764491.568,thousand transactions
bi_emoney.volume,0000,Indonesia (national),2023-06-01,2348698.614,thousand transactions
bi_emoney.volume,0000,Indonesia (national),2023-07-01,1759257.104,thousand transactions
bi_emoney.volume,0000,Indonesia (national),2023-08-01,1994571.547,thousand transactions
bi_emoney.volume,0000,Indonesia (national),2023-09-01,1676226.816,thousand transactions
bi_emoney.volume,0000,Indonesia (national),2023-10-01,1699332.8719999997,thousand transactions
bi_emoney.volume,0000,Indonesia (national),2023-11-01,1619596.362,thousand transactions
bi_emoney.volume,0000,Indonesia (national),2023-12-01,1609944.012,thousand transactions
bi_emoney.volume,0000,Indonesia (national),2024-01-01,1571948.8470000003,thousand transactions
bi_emoney.volume,0000,Indonesia (national),2024-02-01,1553092.4909999997,thousand transactions
bi_emoney.volume,0000,Indonesia (national),2024-03-01,1718158.5690000001,thousand transactions
bi_emoney.volume,0000,Indonesia (national),2024-04-01,1742257.814,thousand transactions
bi_emoney.volume,0000,Indonesia (national),2024-05-01,1823135.426,thousand transactions
bi_emoney.volume,0000,Indonesia (national),2024-06-01,1764059.0799999998,thousand transactions
bi_emoney.volume,0000,Indonesia (national),2024-07-01,1755017.8839999998,thousand transactions
bi_emoney.volume,0000,Indonesia (national),2024-08-01,1835100.558,thousand transactions
bi_emoney.volume,0000,Indonesia (national),2024-09-01,1832831.5529999998,thousand transactions
bi_emoney.volume,0000,Indonesia (national),2024-10-01,1936171.3,thousand transactions
bi_emoney.volume,0000,Indonesia (national),2024-11-01,1845092.6410000003,thousand transactions
bi_emoney.volume,0000,Indonesia (national),2024-12-01,2293482.8989999997,thousand transactions
bi_emoney.volume,0000,Indonesia (national),2025-01-01,2220216.578,thousand transactions
bi_emoney.volume,0000,Indonesia (national),2025-02-01,2145506.3140119994,thousand transactions
bi_emoney.volume,0000,Indonesia (national),2025-03-01,2525374.4450000003,thousand transactions
bi_emoney.volume,0000,Indonesia (national),2025-04-01,2376979.808,thousand transactions
bi_emoney.volume,0000,Indonesia (national),2025-05-01,2624455.3249999997,thousand transactions
bi_emoney.volume,0000,Indonesia (national),2025-06-01,2695009.644,thousand transactions
bi_emoney.volume,0000,Indonesia (national),2025-07-01,2719802.7150000003,thousand transactions
bi_emoney.volume,0000,Indonesia (national),2025-08-01,2790485.5430000043,thousand transactions
bi_emoney.volume,0000,Indonesia (national),2025-09-01,2790981.7189999996,thousand transactions
bi_emoney.volume,0000,Indonesia (national),2025-10-01,3002075.6880000033,thousand transactions
bi_emoney.volume,0000,Indonesia (national),2025-11-01,2994746.756000003,thousand transactions
bi_emoney.volume,0000,Indonesia (national),2025-12-01,3158268.6960000033,thousand transactions
bi_emoney.volume,0000,Indonesia (national),2026-01-01,3093509.671000003,thousand transactions
bi_emoney.volume,0000,Indonesia (national),2026-02-01,2909750.480000001,thousand transactions
bi_emoney.volume,0000,Indonesia (national),2026-03-01,3458984.775000008,thousand transactions
bi_emoney.volume,0000,Indonesia (national),2026-04-01,3316940.1280000005,thousand transactions
bi_emoney.volume,0000,Indonesia (national),2026-05-01,3503613.192000004,thousand transactions
bi_emoney.volume,0000,Indonesia (national),2026-06-01,3372747.3630000004,thousand transactions
bi_emoney.volume_purchase,0000,Indonesia (national),2009-01-01,492.818,thousand transactions
bi_emoney.volume_purchase,0000,Indonesia (national),2009-02-01,760.746,thousand transactions
bi_emoney.volume_purchase,0000,Indonesia (national),2009-03-01,1235.384,thousand transactions
bi_emoney.volume_purchase,0000,Indonesia (national),2009-04-01,1431.314,thousand transactions
bi_emoney.volume_purchase,0000,Indonesia (national),2009-05-01,1664.352,thousand transactions
bi_emoney.volume_purchase,0000,Indonesia (national),2009-06-01,1427.7,thousand transactions
bi_emoney.volume_purchase,0000,Indonesia (national),2009-07-01,1449.281,thousand transactions
bi_emoney.volume_purchase,0000,Indonesia (national),2009-08-01,1366.804,thousand transactions
bi_emoney.volume_purchase,0000,Indonesia (national),2009-09-01,2047.47,thousand transactions
bi_emoney.volume_purchase,0000,Indonesia (national),2009-10-01,1785.942,thousand transactions
bi_emoney.volume_purchase,0000,Indonesia (national),2009-11-01,1737.553,thousand transactions
bi_emoney.volume_purchase,0000,Indonesia (national),2009-12-01,2037.268,thousand transactions
bi_emoney.volume_purchase,0000,Indonesia (national),2010-01-01,2019.147,thousand transactions
bi_emoney.volume_purchase,0000,Indonesia (national),2010-02-01,1914.662,thousand transactions
bi_emoney.volume_purchase,0000,Indonesia (national),2010-03-01,1993.607,thousand transactions
bi_emoney.volume_purchase,0000,Indonesia (national),2010-04-01,2065.037,thousand transactions
bi_emoney.volume_purchase,0000,Indonesia (national),2010-05-01,2126.067,thousand transactions
bi_emoney.volume_purchase,0000,Indonesia (national),2010-06-01,2230.367,thousand transactions
bi_emoney.volume_purchase,0000,Indonesia (national),2010-07-01,2279.353,thousand transactions
bi_emoney.volume_purchase,0000,Indonesia (national),2010-08-01,2243.698,thousand transactions
bi_emoney.volume_purchase,0000,Indonesia (national),2010-09-01,1999.368,thousand transactions
bi_emoney.volume_purchase,0000,Indonesia (national),2010-10-01,2446.354,thousand transactions
bi_emoney.volume_purchase,0000,Indonesia (national),2010-11-01,2326.155,thousand transactions
bi_emoney.volume_purchase,0000,Indonesia (national),2010-12-01,2898.167,thousand transactions
bi_emoney.volume_purchase,0000,Indonesia (national),2011-01-01,2844.018,thousand transactions
bi_emoney.volume_purchase,0000,Indonesia (national),2011-02-01,2339.473,thousand transactions
bi_emoney.volume_purchase,0000,Indonesia (national),2011-03-01,3216.17,thousand transactions
bi_emoney.volume_purchase,0000,Indonesia (national),2011-04-01,3108.815,thousand transactions
bi_emoney.volume_purchase,0000,Indonesia (national),2011-05-01,3162.917,thousand transactions
bi_emoney.volume_purchase,0000,Indonesia (national),2011-06-01,3085.833,thousand transactions
bi_emoney.volume_purchase,0000,Indonesia (national),2011-07-01,3703.291,thousand transactions
bi_emoney.volume_purchase,0000,Indonesia (national),2011-08-01,3399.868,thousand transactions
bi_emoney.volume_purchase,0000,Indonesia (national),2011-09-01,3472.472,thousand transactions
bi_emoney.volume_purchase,0000,Indonesia (national),2011-10-01,3937.939,thousand transactions
bi_emoney.volume_purchase,0000,Indonesia (national),2011-11-01,4120.12,thousand transactions
bi_emoney.volume_purchase,0000,Indonesia (national),2011-12-01,4669.233,thousand transactions
bi_emoney.volume_purchase,0000,Indonesia (national),2012-01-01,4548.593000000001,thousand transactions
bi_emoney.volume_purchase,0000,Indonesia (national),2012-02-01,5733.102,thousand transactions
bi_emoney.volume_purchase,0000,Indonesia (national),2012-03-01,6990.612999999999,thousand transactions
bi_emoney.volume_purchase,0000,Indonesia (national),2012-04-01,7483.775,thousand transactions
bi_emoney.volume_purchase,0000,Indonesia (national),2012-05-01,8587.215,thousand transactions
bi_emoney.volume_purchase,0000,Indonesia (national),2012-06-01,8632.104,thousand transactions
bi_emoney.volume_purchase,0000,Indonesia (national),2012-07-01,9821.733,thousand transactions
bi_emoney.volume_purchase,0000,Indonesia (national),2012-08-01,8491.618,thousand transactions
bi_emoney.volume_purchase,0000,Indonesia (national),2012-09-01,9471.354,thousand transactions
bi_emoney.volume_purchase,0000,Indonesia (national),2012-10-01,9977.618242508328,thousand transactions
bi_emoney.volume_purchase,0000,Indonesia (national),2012-11-01,10636.699999999999,thousand transactions
bi_emoney.volume_purchase,0000,Indonesia (national),2012-12-01,10260.989,thousand transactions
bi_emoney.volume_purchase,0000,Indonesia (national),2013-01-01,9597.739000000001,thousand transactions
bi_emoney.volume_purchase,0000,Indonesia (national),2013-02-01,9626.118999999999,thousand transactions
bi_emoney.volume_purchase,0000,Indonesia (national),2013-03-01,11504.179,thousand transactions
bi_emoney.volume_purchase,0000,Indonesia (national),2013-04-01,11383.13,thousand transactions
bi_emoney.volume_purchase,0000,Indonesia (national),2013-05-01,11583.012,thousand transactions
bi_emoney.volume_purchase,0000,Indonesia (national),2013-06-01,11293.467,thousand transactions
bi_emoney.volume_purchase,0000,Indonesia (national),2013-07-01,12893.52,thousand transactions
bi_emoney.volume_purchase,0000,Indonesia (national),2013-08-01,11074.802,thousand transactions
bi_emoney.volume_purchase,0000,Indonesia (national),2013-09-01,11881.737,thousand transactions
bi_emoney.volume_purchase,0000,Indonesia (national),2013-10-01,12293.987,thousand transactions
bi_emoney.volume_purchase,0000,Indonesia (national),2013-11-01,12326.415,thousand transactions
bi_emoney.volume_purchase,0000,Indonesia (national),2013-12-01,12442.672,thousand transactions
bi_emoney.volume_purchase,0000,Indonesia (national),2014-01-01,12058.775000000001,thousand transactions
bi_emoney.volume_purchase,0000,Indonesia (national),2014-02-01,11784.179999999998,thousand transactions
bi_emoney.volume_purchase,0000,Indonesia (national),2014-03-01,14081.329,thousand transactions
bi_emoney.volume_purchase,0000,Indonesia (national),2014-04-01,13479.27,thousand transactions
bi_emoney.volume_purchase,0000,Indonesia (national),2014-05-01,15154.984,thousand transactions
bi_emoney.volume_purchase,0000,Indonesia (national),2014-06-01,15611.532000000001,thousand transactions
bi_emoney.volume_purchase,0000,Indonesia (national),2014-07-01,14042.034,thousand transactions
bi_emoney.volume_purchase,0000,Indonesia (national),2014-08-01,17045.282,thousand transactions
bi_emoney.volume_purchase,0000,Indonesia (national),2014-09-01,20554.999,thousand transactions
bi_emoney.volume_purchase,0000,Indonesia (national),2014-10-01,20810.457,thousand transactions
bi_emoney.volume_purchase,0000,Indonesia (national),2014-11-01,22593.077,thousand transactions
bi_emoney.volume_purchase,0000,Indonesia (national),2014-12-01,26154.071,thousand transactions
bi_emoney.volume_purchase,0000,Indonesia (national),2015-01-01,25563.528000000002,thousand transactions
bi_emoney.volume_purchase,0000,Indonesia (national),2015-02-01,24186.946,thousand transactions
bi_emoney.volume_purchase,0000,Indonesia (national),2015-03-01,30515.495000000003,thousand transactions
bi_emoney.volume_purchase,0000,Indonesia (national),2015-04-01,29665.396999999997,thousand transactions
bi_emoney.volume_purchase,0000,Indonesia (national),2015-05-01,53703.513,thousand transactions
bi_emoney.volume_purchase,0000,Indonesia (national),2015-06-01,59724.049999999996,thousand transactions
bi_emoney.volume_purchase,0000,Indonesia (national),2015-07-01,58746.812,thousand transactions
bi_emoney.volume_purchase,0000,Indonesia (national),2015-08-01,59853.437,thousand transactions
bi_emoney.volume_purchase,0000,Indonesia (national),2015-09-01,54125.251,thousand transactions
bi_emoney.volume_purchase,0000,Indonesia (national),2015-10-01,51133.278,thousand transactions
bi_emoney.volume_purchase,0000,Indonesia (national),2015-11-01,46755.243,thousand transactions
bi_emoney.volume_purchase,0000,Indonesia (national),2015-12-01,41606.578,thousand transactions
bi_emoney.volume_purchase,0000,Indonesia (national),2016-01-01,41300.86,thousand transactions
bi_emoney.volume_purchase,0000,Indonesia (national),2016-02-01,46579.695999999996,thousand transactions
bi_emoney.volume_purchase,0000,Indonesia (national),2016-03-01,50700.307,thousand transactions
bi_emoney.volume_purchase,0000,Indonesia (national),2016-04-01,51016.407,thousand transactions
bi_emoney.volume_purchase,0000,Indonesia (national),2016-05-01,63883.592,thousand transactions
bi_emoney.volume_purchase,0000,Indonesia (national),2016-06-01,54614.849,thousand transactions
bi_emoney.volume_purchase,0000,Indonesia (national),2016-07-01,49653.42600000001,thousand transactions
bi_emoney.volume_purchase,0000,Indonesia (national),2016-08-01,60520.93,thousand transactions
bi_emoney.volume_purchase,0000,Indonesia (national),2016-09-01,58023.844,thousand transactions
bi_emoney.volume_purchase,0000,Indonesia (national),2016-10-01,61294.423,thousand transactions
bi_emoney.volume_purchase,0000,Indonesia (national),2016-11-01,66316.596,thousand transactions
bi_emoney.volume_purchase,0000,Indonesia (national),2016-12-01,79228.42199999999,thousand transactions
bi_emoney.volume_purchase,0000,Indonesia (national),2017-01-01,58435.893000000004,thousand transactions
bi_emoney.volume_purchase,0000,Indonesia (national),2017-02-01,58573.28,thousand transactions
bi_emoney.volume_purchase,0000,Indonesia (national),2017-03-01,62985.770000000004,thousand transactions
bi_emoney.volume_purchase,0000,Indonesia (national),2017-04-01,55631.892,thousand transactions
bi_emoney.volume_purchase,0000,Indonesia (national),2017-05-01,60620.306,thousand transactions
bi_emoney.volume_purchase,0000,Indonesia (national),2017-06-01,51969.836,thousand transactions
bi_emoney.volume_purchase,0000,Indonesia (national),2017-07-01,68685.872,thousand transactions
bi_emoney.volume_purchase,0000,Indonesia (national),2017-08-01,62565.183,thousand transactions
bi_emoney.volume_purchase,0000,Indonesia (national),2017-09-01,67553.27200000001,thousand transactions
bi_emoney.volume_purchase,0000,Indonesia (national),2017-10-01,104478.74500000001,thousand transactions
bi_emoney.volume_purchase,0000,Indonesia (national),2017-11-01,128518.604,thousand transactions
bi_emoney.volume_purchase,0000,Indonesia (national),2017-12-01,163301.28,thousand transactions
bi_emoney.volume_purchase,0000,Indonesia (national),2018-01-01,215446.513,thousand transactions
bi_emoney.volume_purchase,0000,Indonesia (national),2018-02-01,187132.48200000002,thousand transactions
bi_emoney.volume_purchase,0000,Indonesia (national),2018-03-01,209336.882,thousand transactions
bi_emoney.volume_purchase,0000,Indonesia (national),2018-04-01,204108.89,thousand transactions
bi_emoney.volume_purchase,0000,Indonesia (national),2018-05-01,222927.509,thousand transactions
bi_emoney.volume_purchase,0000,Indonesia (national),2018-06-01,206888.77,thousand transactions
bi_emoney.volume_purchase,0000,Indonesia (national),2018-07-01,241397.786,thousand transactions
bi_emoney.volume_purchase,0000,Indonesia (national),2018-08-01,297466.773,thousand transactions
bi_emoney.volume_purchase,0000,Indonesia (national),2018-09-01,206809.928,thousand transactions
bi_emoney.volume_purchase,0000,Indonesia (national),2018-10-01,289792.27650000004,thousand transactions
bi_emoney.volume_purchase,0000,Indonesia (national),2018-11-01,330671.49,thousand transactions
bi_emoney.volume_purchase,0000,Indonesia (national),2018-12-01,310719.605,thousand transactions
bi_emoney.volume_purchase,0000,Indonesia (national),2019-01-01,274687.548,thousand transactions
bi_emoney.volume_purchase,0000,Indonesia (national),2019-02-01,294101.832,thousand transactions
bi_emoney.volume_purchase,0000,Indonesia (national),2019-03-01,423743.628,thousand transactions
bi_emoney.volume_purchase,0000,Indonesia (national),2019-04-01,451650.065,thousand transactions
bi_emoney.volume_purchase,0000,Indonesia (national),2019-05-01,422602.216,thousand transactions
bi_emoney.volume_purchase,0000,Indonesia (national),2019-06-01,393695.97,thousand transactions
bi_emoney.volume_purchase,0000,Indonesia (national),2019-07-01,476037.115,thousand transactions
bi_emoney.volume_purchase,0000,Indonesia (national),2019-08-01,492317.01599999995,thousand transactions
bi_emoney.volume_purchase,0000,Indonesia (national),2019-09-01,490218.726,thousand transactions
bi_emoney.volume_purchase,0000,Indonesia (national),2019-10-01,509716.339,thousand transactions
bi_emoney.volume_purchase,0000,Indonesia (national),2019-11-01,482734.395,thousand transactions
bi_emoney.volume_purchase,0000,Indonesia (national),2019-12-01,515195.069,thousand transactions
bi_emoney.volume_purchase,0000,Indonesia (national),2020-01-01,457944.91900000005,thousand transactions
bi_emoney.volume_purchase,0000,Indonesia (national),2020-02-01,431467.69,thousand transactions
bi_emoney.volume_purchase,0000,Indonesia (national),2020-03-01,401008.518,thousand transactions
bi_emoney.volume_purchase,0000,Indonesia (national),2020-04-01,324878.56799999997,thousand transactions
bi_emoney.volume_purchase,0000,Indonesia (national),2020-05-01,298187.348,thousand transactions
bi_emoney.volume_purchase,0000,Indonesia (national),2020-06-01,339894.945,thousand transactions
bi_emoney.volume_purchase,0000,Indonesia (national),2020-07-01,381575.295,thousand transactions
bi_emoney.volume_purchase,0000,Indonesia (national),2020-08-01,386709.28199999995,thousand transactions
bi_emoney.volume_purchase,0000,Indonesia (national),2020-09-01,366785.803,thousand transactions
bi_emoney.volume_purchase,0000,Indonesia (national),2020-10-01,392881.322,thousand transactions
bi_emoney.volume_purchase,0000,Indonesia (national),2020-11-01,406322.079,thousand transactions
bi_emoney.volume_purchase,0000,Indonesia (national),2020-12-01,438047.792,thousand transactions
bi_emoney.volume_purchase,0000,Indonesia (national),2021-01-01,381789.32200000004,thousand transactions
bi_emoney.volume_purchase,0000,Indonesia (national),2021-02-01,360155.793,thousand transactions
bi_emoney.volume_purchase,0000,Indonesia (national),2021-03-01,420637.38200000004,thousand transactions
bi_emoney.volume_purchase,0000,Indonesia (national),2021-04-01,421733.404,thousand transactions
bi_emoney.volume_purchase,0000,Indonesia (national),2021-05-01,450557.24700000003,thousand transactions
bi_emoney.volume_purchase,0000,Indonesia (national),2021-06-01,444462.80700000003,thousand transactions
bi_emoney.volume_purchase,0000,Indonesia (national),2021-07-01,415283.446,thousand transactions
bi_emoney.volume_purchase,0000,Indonesia (national),2021-08-01,439045.285,thousand transactions
bi_emoney.volume_purchase,0000,Indonesia (national),2021-09-01,470977.314,thousand transactions
bi_emoney.volume_purchase,0000,Indonesia (national),2021-10-01,514377.854,thousand transactions
bi_emoney.volume_purchase,0000,Indonesia (national),2021-11-01,530158.481,thousand transactions
bi_emoney.volume_purchase,0000,Indonesia (national),2021-12-01,602293.039,thousand transactions
bi_emoney.volume_purchase,0000,Indonesia (national),2022-01-01,538106.7779999999,thousand transactions
bi_emoney.volume_purchase,0000,Indonesia (national),2022-02-01,477718.103,thousand transactions
bi_emoney.volume_purchase,0000,Indonesia (national),2022-03-01,534338.872,thousand transactions
bi_emoney.volume_purchase,0000,Indonesia (national),2022-04-01,587339.689,thousand transactions
bi_emoney.volume_purchase,0000,Indonesia (national),2022-05-01,553587.658,thousand transactions
bi_emoney.volume_purchase,0000,Indonesia (national),2022-06-01,568257.5650000001,thousand transactions
bi_emoney.volume_purchase,0000,Indonesia (national),2022-07-01,606961.08,thousand transactions
bi_emoney.volume_purchase,0000,Indonesia (national),2022-08-01,603692.665,thousand transactions
bi_emoney.volume_purchase,0000,Indonesia (national),2022-09-01,592742.6519999999,thousand transactions
bi_emoney.volume_purchase,0000,Indonesia (national),2022-10-01,613963.762,thousand transactions
bi_emoney.volume_purchase,0000,Indonesia (national),2022-11-01,606300.345,thousand transactions
bi_emoney.volume_purchase,0000,Indonesia (national),2022-12-01,642768.384,thousand transactions
bi_emoney.volume_purchase,0000,Indonesia (national),2023-01-01,540877.465,thousand transactions
bi_emoney.volume_purchase,0000,Indonesia (national),2023-02-01,555163.583,thousand transactions
bi_emoney.volume_purchase,0000,Indonesia (national),2023-03-01,623388.9160000001,thousand transactions
bi_emoney.volume_purchase,0000,Indonesia (national),2023-04-01,609057.7949999999,thousand transactions
bi_emoney.volume_purchase,0000,Indonesia (national),2023-05-01,637371.854,thousand transactions
bi_emoney.volume_purchase,0000,Indonesia (national),2023-06-01,613144.371,thousand transactions
bi_emoney.volume_purchase,0000,Indonesia (national),2023-07-01,671628.181,thousand transactions
bi_emoney.volume_purchase,0000,Indonesia (national),2023-08-01,669776.191,thousand transactions
bi_emoney.volume_purchase,0000,Indonesia (national),2023-09-01,679611.755,thousand transactions
bi_emoney.volume_purchase,0000,Indonesia (national),2023-10-01,705515.6809999999,thousand transactions
bi_emoney.volume_purchase,0000,Indonesia (national),2023-11-01,697565.2350000001,thousand transactions
bi_emoney.volume_purchase,0000,Indonesia (national),2023-12-01,731126.206,thousand transactions
bi_emoney.volume_purchase,0000,Indonesia (national),2024-01-01,717924.751,thousand transactions
bi_emoney.volume_purchase,0000,Indonesia (national),2024-02-01,692841.225,thousand transactions
bi_emoney.volume_purchase,0000,Indonesia (national),2024-03-01,765338.422,thousand transactions
bi_emoney.volume_purchase,0000,Indonesia (national),2024-04-01,742344.096,thousand transactions
bi_emoney.volume_purchase,0000,Indonesia (national),2024-05-01,802116.704,thousand transactions
bi_emoney.volume_purchase,0000,Indonesia (national),2024-06-01,804872.4509999999,thousand transactions
bi_emoney.volume_purchase,0000,Indonesia (national),2024-07-01,844574.065,thousand transactions
bi_emoney.volume_purchase,0000,Indonesia (national),2024-08-01,922440.744,thousand transactions
bi_emoney.volume_purchase,0000,Indonesia (national),2024-09-01,922699.1009999999,thousand transactions
bi_emoney.volume_purchase,0000,Indonesia (national),2024-10-01,981576.634,thousand transactions
bi_emoney.volume_purchase,0000,Indonesia (national),2024-11-01,899334.8620000001,thousand transactions
bi_emoney.volume_purchase,0000,Indonesia (national),2024-12-01,1289150.329,thousand transactions
bi_emoney.volume_purchase,0000,Indonesia (national),2025-01-01,1257736.5250000001,thousand transactions
bi_emoney.volume_purchase,0000,Indonesia (national),2025-02-01,1247226.477012,thousand transactions
bi_emoney.volume_purchase,0000,Indonesia (national),2025-03-01,1471882.415,thousand transactions
bi_emoney.volume_purchase,0000,Indonesia (national),2025-04-01,1409272.5699999998,thousand transactions
bi_emoney.volume_purchase,0000,Indonesia (national),2025-05-01,1582602.283,thousand transactions
bi_emoney.volume_purchase,0000,Indonesia (national),2025-06-01,1600595.8790000002,thousand transactions
bi_emoney.volume_purchase,0000,Indonesia (national),2025-07-01,1692165.767,thousand transactions
bi_emoney.volume_purchase,0000,Indonesia (national),2025-08-01,1751876.2650000027,thousand transactions
bi_emoney.volume_purchase,0000,Indonesia (national),2025-09-01,1771781.5459999999,thousand transactions
bi_emoney.volume_purchase,0000,Indonesia (national),2025-10-01,1928426.701000003,thousand transactions
bi_emoney.volume_purchase,0000,Indonesia (national),2025-11-01,1932280.239000002,thousand transactions
bi_emoney.volume_purchase,0000,Indonesia (national),2025-12-01,2041417.7970000019,thousand transactions
bi_emoney.volume_purchase,0000,Indonesia (national),2026-01-01,2009919.7370000011,thousand transactions
bi_emoney.volume_purchase,0000,Indonesia (national),2026-02-01,1901766.729,thousand transactions
bi_emoney.volume_purchase,0000,Indonesia (national),2026-03-01,2295094.950000003,thousand transactions
bi_emoney.volume_purchase,0000,Indonesia (national),2026-04-01,2242145.1050000004,thousand transactions
bi_emoney.volume_purchase,0000,Indonesia (national),2026-05-01,2369760.227000003,thousand transactions
bi_emoney.volume_purchase,0000,Indonesia (national),2026-06-01,2257131.328,thousand transactions
bi_emoney.volume_topup,0000,Indonesia (national),2013-01-01,932.1469999999999,thousand transactions
bi_emoney.volume_topup,0000,Indonesia (national),2013-02-01,749.793,thousand transactions
bi_emoney.volume_topup,0000,Indonesia (national),2013-03-01,1223.174,thousand transactions
bi_emoney.volume_topup,0000,Indonesia (national),2013-04-01,980.5120000000001,thousand transactions
bi_emoney.volume_topup,0000,Indonesia (national),2013-05-01,937.187,thousand transactions
bi_emoney.volume_topup,0000,Indonesia (national),2013-06-01,1040.7340000000002,thousand transactions
bi_emoney.volume_topup,0000,Indonesia (national),2013-07-01,1040.7340000000002,thousand transactions
bi_emoney.volume_topup,0000,Indonesia (national),2013-08-01,936.1598159469602,thousand transactions
bi_emoney.volume_topup,0000,Indonesia (national),2013-09-01,249020.247,thousand transactions
bi_emoney.volume_topup,0000,Indonesia (national),2013-10-01,1197.157,thousand transactions
bi_emoney.volume_topup,0000,Indonesia (national),2013-11-01,1412.676,thousand transactions
bi_emoney.volume_topup,0000,Indonesia (national),2013-12-01,2106.135,thousand transactions
bi_emoney.volume_topup,0000,Indonesia (national),2014-01-01,1890.923,thousand transactions
bi_emoney.volume_topup,0000,Indonesia (national),2014-02-01,2345.087,thousand transactions
bi_emoney.volume_topup,0000,Indonesia (national),2014-03-01,2518.174,thousand transactions
bi_emoney.volume_topup,0000,Indonesia (national),2014-04-01,2370.054,thousand transactions
bi_emoney.volume_topup,0000,Indonesia (national),2014-05-01,1670.8220000000001,thousand transactions
bi_emoney.volume_topup,0000,Indonesia (national),2014-06-01,1515.752,thousand transactions
bi_emoney.volume_topup,0000,Indonesia (national),2014-07-01,1692.926,thousand transactions
bi_emoney.volume_topup,0000,Indonesia (national),2014-08-01,1995.613,thousand transactions
bi_emoney.volume_topup,0000,Indonesia (national),2014-09-01,2264.355,thousand transactions
bi_emoney.volume_topup,0000,Indonesia (national),2014-10-01,3781.25,thousand transactions
bi_emoney.volume_topup,0000,Indonesia (national),2014-11-01,2941.898,thousand transactions
bi_emoney.volume_topup,0000,Indonesia (national),2014-12-01,2999.595,thousand transactions
bi_emoney.volume_topup,0000,Indonesia (national),2015-01-01,2551.572,thousand transactions
bi_emoney.volume_topup,0000,Indonesia (national),2015-02-01,2315.969,thousand transactions
bi_emoney.volume_topup,0000,Indonesia (national),2015-03-01,3184.449,thousand transactions
bi_emoney.volume_topup,0000,Indonesia (national),2015-04-01,3005.786,thousand transactions
bi_emoney.volume_topup,0000,Indonesia (national),2015-05-01,3548.6049999999996,thousand transactions
bi_emoney.volume_topup,0000,Indonesia (national),2015-06-01,4097.361,thousand transactions
bi_emoney.volume_topup,0000,Indonesia (national),2015-07-01,3918.9539999999997,thousand transactions
bi_emoney.volume_topup,0000,Indonesia (national),2015-08-01,3910.688,thousand transactions
bi_emoney.volume_topup,0000,Indonesia (national),2015-09-01,3481.4069999999997,thousand transactions
bi_emoney.volume_topup,0000,Indonesia (national),2015-10-01,3781.25,thousand transactions
bi_emoney.volume_topup,0000,Indonesia (national),2015-11-01,3988.2529999999997,thousand transactions
bi_emoney.volume_topup,0000,Indonesia (national),2015-12-01,4126.465999999999,thousand transactions
bi_emoney.volume_topup,0000,Indonesia (national),2016-01-01,3678.907,thousand transactions
bi_emoney.volume_topup,0000,Indonesia (national),2016-02-01,4161.887,thousand transactions
bi_emoney.volume_topup,0000,Indonesia (national),2016-03-01,4332.803,thousand transactions
bi_emoney.volume_topup,0000,Indonesia (national),2016-04-01,3892.763,thousand transactions
bi_emoney.volume_topup,0000,Indonesia (national),2016-05-01,4314.447,thousand transactions
bi_emoney.volume_topup,0000,Indonesia (national),2016-06-01,4774.5740000000005,thousand transactions
bi_emoney.volume_topup,0000,Indonesia (national),2016-07-01,4393.402,thousand transactions
bi_emoney.volume_topup,0000,Indonesia (national),2016-08-01,4620.214,thousand transactions
bi_emoney.volume_topup,0000,Indonesia (national),2016-09-01,4441.365,thousand transactions
bi_emoney.volume_topup,0000,Indonesia (national),2016-10-01,4536.869000000001,thousand transactions
bi_emoney.volume_topup,0000,Indonesia (national),2016-11-01,5281.1810000000005,thousand transactions
bi_emoney.volume_topup,0000,Indonesia (national),2016-12-01,5634.5599999999995,thousand transactions
bi_emoney.volume_topup,0000,Indonesia (national),2017-01-01,4693.487,thousand transactions
bi_emoney.volume_topup,0000,Indonesia (national),2017-02-01,4687.611000000001,thousand transactions
bi_emoney.volume_topup,0000,Indonesia (national),2017-03-01,9084.806999999999,thousand transactions
bi_emoney.volume_topup,0000,Indonesia (national),2017-04-01,8822.98,thousand transactions
bi_emoney.volume_topup,0000,Indonesia (national),2017-05-01,10812.454000000002,thousand transactions
bi_emoney.volume_topup,0000,Indonesia (national),2017-06-01,10456.262,thousand transactions
bi_emoney.volume_topup,0000,Indonesia (national),2017-07-01,11096.666000000001,thousand transactions
bi_emoney.volume_topup,0000,Indonesia (national),2017-08-01,11979.055,thousand transactions
bi_emoney.volume_topup,0000,Indonesia (national),2017-09-01,14418.247,thousand transactions
bi_emoney.volume_topup,0000,Indonesia (national),2017-10-01,21952.601000000002,thousand transactions
bi_emoney.volume_topup,0000,Indonesia (national),2017-11-01,24924.707000000002,thousand transactions
bi_emoney.volume_topup,0000,Indonesia (national),2017-12-01,27189.93,thousand transactions
bi_emoney.volume_topup,0000,Indonesia (national),2018-01-01,26051.894,thousand transactions
bi_emoney.volume_topup,0000,Indonesia (national),2018-02-01,24114.452,thousand transactions
bi_emoney.volume_topup,0000,Indonesia (national),2018-03-01,26484.487999999998,thousand transactions
bi_emoney.volume_topup,0000,Indonesia (national),2018-04-01,27456.123000000003,thousand transactions
bi_emoney.volume_topup,0000,Indonesia (national),2018-05-01,28770.931,thousand transactions
bi_emoney.volume_topup,0000,Indonesia (national),2018-06-01,30739.363,thousand transactions
bi_emoney.volume_topup,0000,Indonesia (national),2018-07-01,25054.087,thousand transactions
bi_emoney.volume_topup,0000,Indonesia (national),2018-08-01,33365.934,thousand transactions
bi_emoney.volume_topup,0000,Indonesia (national),2018-09-01,37345.909,thousand transactions
bi_emoney.volume_topup,0000,Indonesia (national),2018-10-01,42036.136999999995,thousand transactions
bi_emoney.volume_topup,0000,Indonesia (national),2018-11-01,45227.303,thousand transactions
bi_emoney.volume_topup,0000,Indonesia (national),2018-12-01,33796.746,thousand transactions
bi_emoney.volume_topup,0000,Indonesia (national),2019-01-01,71996.868,thousand transactions
bi_emoney.volume_topup,0000,Indonesia (national),2019-02-01,82798.349,thousand transactions
bi_emoney.volume_topup,0000,Indonesia (national),2019-03-01,95803.727,thousand transactions
bi_emoney.volume_topup,0000,Indonesia (national),2019-04-01,97528.72600000001,thousand transactions
bi_emoney.volume_topup,0000,Indonesia (national),2019-05-01,107045.784,thousand transactions
bi_emoney.volume_topup,0000,Indonesia (national),2019-06-01,99996.03899999999,thousand transactions
bi_emoney.volume_topup,0000,Indonesia (national),2019-07-01,107550.52,thousand transactions
bi_emoney.volume_topup,0000,Indonesia (national),2019-08-01,123922.55799999999,thousand transactions
bi_emoney.volume_topup,0000,Indonesia (national),2019-09-01,150538.252,thousand transactions
bi_emoney.volume_topup,0000,Indonesia (national),2019-10-01,163822.651,thousand transactions
bi_emoney.volume_topup,0000,Indonesia (national),2019-11-01,156013.96600000001,thousand transactions
bi_emoney.volume_topup,0000,Indonesia (national),2019-12-01,157698.878,thousand transactions
bi_emoney.volume_topup,0000,Indonesia (national),2020-01-01,1887100.533,thousand transactions
bi_emoney.volume_topup,0000,Indonesia (national),2020-02-01,1915342.245,thousand transactions
bi_emoney.volume_topup,0000,Indonesia (national),2020-03-01,1187354.95,thousand transactions
bi_emoney.volume_topup,0000,Indonesia (national),2020-04-01,258799.051,thousand transactions
bi_emoney.volume_topup,0000,Indonesia (national),2020-05-01,185259.842,thousand transactions
bi_emoney.volume_topup,0000,Indonesia (national),2020-06-01,552946.395,thousand transactions
bi_emoney.volume_topup,0000,Indonesia (national),2020-07-01,835331.466,thousand transactions
bi_emoney.volume_topup,0000,Indonesia (national),2020-08-01,803876.808,thousand transactions
bi_emoney.volume_topup,0000,Indonesia (national),2020-09-01,651590.039,thousand transactions
bi_emoney.volume_topup,0000,Indonesia (national),2020-10-01,591941.524,thousand transactions
bi_emoney.volume_topup,0000,Indonesia (national),2020-11-01,396731.266,thousand transactions
bi_emoney.volume_topup,0000,Indonesia (national),2020-12-01,784443.5120000001,thousand transactions
bi_emoney.volume_topup,0000,Indonesia (national),2021-01-01,146263.864,thousand transactions
bi_emoney.volume_topup,0000,Indonesia (national),2021-02-01,144062.471,thousand transactions
bi_emoney.volume_topup,0000,Indonesia (national),2021-03-01,167152.09999999998,thousand transactions
bi_emoney.volume_topup,0000,Indonesia (national),2021-04-01,164919.304,thousand transactions
bi_emoney.volume_topup,0000,Indonesia (national),2021-05-01,212975.808,thousand transactions
bi_emoney.volume_topup,0000,Indonesia (national),2021-06-01,179333.474,thousand transactions
bi_emoney.volume_topup,0000,Indonesia (national),2021-07-01,186735.665,thousand transactions
bi_emoney.volume_topup,0000,Indonesia (national),2021-08-01,186675.873,thousand transactions
bi_emoney.volume_topup,0000,Indonesia (national),2021-09-01,197135.763,thousand transactions
bi_emoney.volume_topup,0000,Indonesia (national),2021-10-01,168309.236,thousand transactions
bi_emoney.volume_topup,0000,Indonesia (national),2021-11-01,176361.391,thousand transactions
bi_emoney.volume_topup,0000,Indonesia (national),2021-12-01,196447.212,thousand transactions
bi_emoney.volume_topup,0000,Indonesia (national),2022-01-01,185411.193,thousand transactions
bi_emoney.volume_topup,0000,Indonesia (national),2022-02-01,173811.742,thousand transactions
bi_emoney.volume_topup,0000,Indonesia (national),2022-03-01,196661.206,thousand transactions
bi_emoney.volume_topup,0000,Indonesia (national),2022-04-01,203144.268,thousand transactions
bi_emoney.volume_topup,0000,Indonesia (national),2022-05-01,196326.009,thousand transactions
bi_emoney.volume_topup,0000,Indonesia (national),2022-06-01,198659.726,thousand transactions
bi_emoney.volume_topup,0000,Indonesia (national),2022-07-01,221499.862,thousand transactions
bi_emoney.volume_topup,0000,Indonesia (national),2022-08-01,274184.765,thousand transactions
bi_emoney.volume_topup,0000,Indonesia (national),2022-09-01,288225.878,thousand transactions
bi_emoney.volume_topup,0000,Indonesia (national),2022-10-01,392305.709,thousand transactions
bi_emoney.volume_topup,0000,Indonesia (national),2022-11-01,509728.564,thousand transactions
bi_emoney.volume_topup,0000,Indonesia (national),2022-12-01,494673.39900000003,thousand transactions
bi_emoney.volume_topup,0000,Indonesia (national),2023-01-01,443372.44800000003,thousand transactions
bi_emoney.volume_topup,0000,Indonesia (national),2023-02-01,525790.432,thousand transactions
bi_emoney.volume_topup,0000,Indonesia (national),2023-03-01,743458.6020000001,thousand transactions
bi_emoney.volume_topup,0000,Indonesia (national),2023-04-01,780773.693,thousand transactions
bi_emoney.volume_topup,0000,Indonesia (national),2023-05-01,786541.2,thousand transactions
bi_emoney.volume_topup,0000,Indonesia (national),2023-06-01,1381316.935,thousand transactions
bi_emoney.volume_topup,0000,Indonesia (national),2023-07-01,715429.5530000001,thousand transactions
bi_emoney.volume_topup,0000,Indonesia (national),2023-08-01,962771.59,thousand transactions
bi_emoney.volume_topup,0000,Indonesia (national),2023-09-01,634601.1569999999,thousand transactions
bi_emoney.volume_topup,0000,Indonesia (national),2023-10-01,617468.883,thousand transactions
bi_emoney.volume_topup,0000,Indonesia (national),2023-11-01,529531.762,thousand transactions
bi_emoney.volume_topup,0000,Indonesia (national),2023-12-01,445268.47500000003,thousand transactions
bi_emoney.volume_topup,0000,Indonesia (national),2024-01-01,425235.06200000003,thousand transactions
bi_emoney.volume_topup,0000,Indonesia (national),2024-02-01,416089.944,thousand transactions
bi_emoney.volume_topup,0000,Indonesia (national),2024-03-01,461499.996,thousand transactions
bi_emoney.volume_topup,0000,Indonesia (national),2024-04-01,466542.40499999997,thousand transactions
bi_emoney.volume_topup,0000,Indonesia (national),2024-05-01,488095.53699999995,thousand transactions
bi_emoney.volume_topup,0000,Indonesia (national),2024-06-01,474350.662,thousand transactions
bi_emoney.volume_topup,0000,Indonesia (national),2024-07-01,473703.06799999997,thousand transactions
bi_emoney.volume_topup,0000,Indonesia (national),2024-08-01,475935.935,thousand transactions
bi_emoney.volume_topup,0000,Indonesia (national),2024-09-01,478381.154,thousand transactions
bi_emoney.volume_topup,0000,Indonesia (national),2024-10-01,509536.641,thousand transactions
bi_emoney.volume_topup,0000,Indonesia (national),2024-11-01,502940.51,thousand transactions
bi_emoney.volume_topup,0000,Indonesia (national),2024-12-01,536298.12,thousand transactions
bi_emoney.volume_topup,0000,Indonesia (national),2025-01-01,512362.52,thousand transactions
bi_emoney.volume_topup,0000,Indonesia (national),2025-02-01,486837.472,thousand transactions
bi_emoney.volume_topup,0000,Indonesia (national),2025-03-01,563457.6140000001,thousand transactions
bi_emoney.volume_topup,0000,Indonesia (national),2025-04-01,522615.49100000004,thousand transactions
bi_emoney.volume_topup,0000,Indonesia (national),2025-05-01,571038.671,thousand transactions
bi_emoney.volume_topup,0000,Indonesia (national),2025-06-01,642778.263,thousand transactions
bi_emoney.volume_topup,0000,Indonesia (national),2025-07-01,583925.2880000001,thousand transactions
bi_emoney.volume_topup,0000,Indonesia (national),2025-08-01,596044.8660000017,thousand transactions
bi_emoney.volume_topup,0000,Indonesia (national),2025-09-01,583584.2980000002,thousand transactions
bi_emoney.volume_topup,0000,Indonesia (national),2025-10-01,621647.692,thousand transactions
bi_emoney.volume_topup,0000,Indonesia (national),2025-11-01,617009.7750000012,thousand transactions
bi_emoney.volume_topup,0000,Indonesia (national),2025-12-01,654432.2290000011,thousand transactions
bi_emoney.volume_topup,0000,Indonesia (national),2026-01-01,628970.6210000006,thousand transactions
bi_emoney.volume_topup,0000,Indonesia (national),2026-02-01,585485.868,thousand transactions
bi_emoney.volume_topup,0000,Indonesia (national),2026-03-01,674479.8950000051,thousand transactions
bi_emoney.volume_topup,0000,Indonesia (national),2026-04-01,603253.779,thousand transactions
bi_emoney.volume_topup,0000,Indonesia (national),2026-05-01,649648.2960000006,thousand transactions
bi_emoney.volume_topup,0000,Indonesia (national),2026-06-01,644264.282,thousand transactions
