series_id,geo_id,geo_name,ref_date,value,unit
bi_payment_system.currency_in_circulation,0000,Indonesia (national),2012-01-01,286199.53,IDR billion
bi_payment_system.currency_in_circulation,0000,Indonesia (national),2012-02-01,280058.37,IDR billion
bi_payment_system.currency_in_circulation,0000,Indonesia (national),2012-03-01,287003.11,IDR billion
bi_payment_system.currency_in_circulation,0000,Indonesia (national),2012-04-01,290812.33,IDR billion
bi_payment_system.currency_in_circulation,0000,Indonesia (national),2012-05-01,294721.53,IDR billion
bi_payment_system.currency_in_circulation,0000,Indonesia (national),2012-06-01,314620.56,IDR billion
bi_payment_system.currency_in_circulation,0000,Indonesia (national),2012-07-01,315321.51,IDR billion
bi_payment_system.currency_in_circulation,0000,Indonesia (national),2012-08-01,327007.83,IDR billion
bi_payment_system.currency_in_circulation,0000,Indonesia (national),2012-09-01,325507.86,IDR billion
bi_payment_system.currency_in_circulation,0000,Indonesia (national),2012-10-01,326058.46,IDR billion
bi_payment_system.currency_in_circulation,0000,Indonesia (national),2012-11-01,327010.65,IDR billion
bi_payment_system.currency_in_circulation,0000,Indonesia (national),2012-12-01,361897.34,IDR billion
bi_payment_system.currency_in_circulation,0000,Indonesia (national),2013-01-01,326828.94,IDR billion
bi_payment_system.currency_in_circulation,0000,Indonesia (national),2013-02-01,321483.32,IDR billion
bi_payment_system.currency_in_circulation,0000,Indonesia (national),2013-03-01,331168.76,IDR billion
bi_payment_system.currency_in_circulation,0000,Indonesia (national),2013-04-01,324333.2,IDR billion
bi_payment_system.currency_in_circulation,0000,Indonesia (national),2013-05-01,334033.38,IDR billion
bi_payment_system.currency_in_circulation,0000,Indonesia (national),2013-06-01,347146.05,IDR billion
bi_payment_system.currency_in_circulation,0000,Indonesia (national),2013-07-01,383931.57,IDR billion
bi_payment_system.currency_in_circulation,0000,Indonesia (national),2013-08-01,359417.43,IDR billion
bi_payment_system.currency_in_circulation,0000,Indonesia (national),2013-09-01,360078.55,IDR billion
bi_payment_system.currency_in_circulation,0000,Indonesia (national),2013-10-01,363797.12,IDR billion
bi_payment_system.currency_in_circulation,0000,Indonesia (national),2013-11-01,375779.94,IDR billion
bi_payment_system.currency_in_circulation,0000,Indonesia (national),2013-12-01,399608.66,IDR billion
bi_payment_system.currency_in_circulation,0000,Indonesia (national),2014-01-01,380070.16,IDR billion
bi_payment_system.currency_in_circulation,0000,Indonesia (national),2014-02-01,367651.74,IDR billion
bi_payment_system.currency_in_circulation,0000,Indonesia (national),2014-03-01,377437.65,IDR billion
bi_payment_system.currency_in_circulation,0000,Indonesia (national),2014-04-01,372341.57,IDR billion
bi_payment_system.currency_in_circulation,0000,Indonesia (national),2014-05-01,380473.75,IDR billion
bi_payment_system.currency_in_circulation,0000,Indonesia (national),2014-06-01,381637.54,IDR billion
bi_payment_system.currency_in_circulation,0000,Indonesia (national),2014-07-01,452787.99,IDR billion
bi_payment_system.currency_in_circulation,0000,Indonesia (national),2014-08-01,399270.22,IDR billion
bi_payment_system.currency_in_circulation,0000,Indonesia (national),2014-09-01,395229.5,IDR billion
bi_payment_system.currency_in_circulation,0000,Indonesia (national),2014-10-01,396112.97,IDR billion
bi_payment_system.currency_in_circulation,0000,Indonesia (national),2014-11-01,405694.05,IDR billion
bi_payment_system.currency_in_circulation,0000,Indonesia (national),2014-12-01,419261.84,IDR billion
bi_payment_system.currency_in_circulation,0000,Indonesia (national),2015-01-01,391255.5,IDR billion
bi_payment_system.currency_in_circulation,0000,Indonesia (national),2015-02-01,387889.277891628,IDR billion
bi_payment_system.currency_in_circulation,0000,Indonesia (national),2015-03-01,382004.9236921381,IDR billion
bi_payment_system.currency_in_circulation,0000,Indonesia (national),2015-04-01,395686.643659486,IDR billion
bi_payment_system.currency_in_circulation,0000,Indonesia (national),2015-05-01,406498.9535719209,IDR billion
bi_payment_system.currency_in_circulation,0000,Indonesia (national),2015-06-01,409713.06190515,IDR billion
bi_payment_system.currency_in_circulation,0000,Indonesia (national),2015-07-01,431459.9,IDR billion
bi_payment_system.currency_in_circulation,0000,Indonesia (national),2015-08-01,423101.3070892083,IDR billion
bi_payment_system.currency_in_circulation,0000,Indonesia (national),2015-09-01,428860.24,IDR billion
bi_payment_system.currency_in_circulation,0000,Indonesia (national),2015-10-01,435065.11,IDR billion
bi_payment_system.currency_in_circulation,0000,Indonesia (national),2015-11-01,437756.2,IDR billion
bi_payment_system.currency_in_circulation,0000,Indonesia (national),2015-12-01,469534.22000000003,IDR billion
bi_payment_system.currency_in_circulation,0000,Indonesia (national),2016-01-01,439871.75,IDR billion
bi_payment_system.currency_in_circulation,0000,Indonesia (national),2016-02-01,422149.44,IDR billion
bi_payment_system.currency_in_circulation,0000,Indonesia (national),2016-03-01,420213.6,IDR billion
bi_payment_system.currency_in_circulation,0000,Indonesia (national),2016-04-01,435295.81,IDR billion
bi_payment_system.currency_in_circulation,0000,Indonesia (national),2016-05-01,440659.81,IDR billion
bi_payment_system.currency_in_circulation,0000,Indonesia (national),2016-06-01,511294.54,IDR billion
bi_payment_system.currency_in_circulation,0000,Indonesia (national),2016-07-01,474245.9,IDR billion
bi_payment_system.currency_in_circulation,0000,Indonesia (national),2016-08-01,466501.59,IDR billion
bi_payment_system.currency_in_circulation,0000,Indonesia (national),2016-09-01,469541.7,IDR billion
bi_payment_system.currency_in_circulation,0000,Indonesia (national),2016-10-01,467318.21,IDR billion
bi_payment_system.currency_in_circulation,0000,Indonesia (national),2016-11-01,476850.39,IDR billion
bi_payment_system.currency_in_circulation,0000,Indonesia (national),2016-12-01,508123.74,IDR billion
bi_payment_system.currency_in_circulation,0000,Indonesia (national),2017-01-01,470250.25,IDR billion
bi_payment_system.currency_in_circulation,0000,Indonesia (national),2017-02-01,462412.91,IDR billion
bi_payment_system.currency_in_circulation,0000,Indonesia (national),2017-03-01,468941.88,IDR billion
bi_payment_system.currency_in_circulation,0000,Indonesia (national),2017-04-01,483042.03,IDR billion
bi_payment_system.currency_in_circulation,0000,Indonesia (national),2017-05-01,485123.85,IDR billion
bi_payment_system.currency_in_circulation,0000,Indonesia (national),2017-06-01,561820.83,IDR billion
bi_payment_system.currency_in_circulation,0000,Indonesia (national),2017-07-01,517809.72,IDR billion
bi_payment_system.currency_in_circulation,0000,Indonesia (national),2017-08-01,527097.79,IDR billion
bi_payment_system.currency_in_circulation,0000,Indonesia (national),2017-09-01,523359.53,IDR billion
bi_payment_system.currency_in_circulation,0000,Indonesia (national),2017-10-01,519861.42,IDR billion
bi_payment_system.currency_in_circulation,0000,Indonesia (national),2017-11-01,537297.62,IDR billion
bi_payment_system.currency_in_circulation,0000,Indonesia (national),2017-12-01,586576.33,IDR billion
bi_payment_system.currency_in_circulation,0000,Indonesia (national),2018-01-01,532131.48,IDR billion
bi_payment_system.currency_in_circulation,0000,Indonesia (national),2018-02-01,531209.28,IDR billion
bi_payment_system.currency_in_circulation,0000,Indonesia (national),2018-03-01,549216.35,IDR billion
bi_payment_system.currency_in_circulation,0000,Indonesia (national),2018-04-01,549587.19,IDR billion
bi_payment_system.currency_in_circulation,0000,Indonesia (national),2018-05-01,580625.14,IDR billion
bi_payment_system.currency_in_circulation,0000,Indonesia (national),2018-06-01,605972.86,IDR billion
bi_payment_system.currency_in_circulation,0000,Indonesia (national),2018-07-01,583305.87,IDR billion
bi_payment_system.currency_in_circulation,0000,Indonesia (national),2018-08-01,587788.32,IDR billion
bi_payment_system.currency_in_circulation,0000,Indonesia (national),2018-09-01,590804.87,IDR billion
bi_payment_system.currency_in_circulation,0000,Indonesia (national),2018-10-01,581591.77,IDR billion
bi_payment_system.currency_in_circulation,0000,Indonesia (national),2018-11-01,586235.77,IDR billion
bi_payment_system.currency_in_circulation,0000,Indonesia (national),2018-12-01,625370.48,IDR billion
bi_payment_system.currency_in_circulation,0000,Indonesia (national),2019-01-01,579293.62,IDR billion
bi_payment_system.currency_in_circulation,0000,Indonesia (national),2019-02-01,570435.03,IDR billion
bi_payment_system.currency_in_circulation,0000,Indonesia (national),2019-03-01,585579.41,IDR billion
bi_payment_system.currency_in_circulation,0000,Indonesia (national),2019-04-01,592935.41,IDR billion
bi_payment_system.currency_in_circulation,0000,Indonesia (national),2019-05-01,675635.19,IDR billion
bi_payment_system.currency_in_circulation,0000,Indonesia (national),2019-06-01,625354.1,IDR billion
bi_payment_system.currency_in_circulation,0000,Indonesia (national),2019-07-01,619652.4,IDR billion
bi_payment_system.currency_in_circulation,0000,Indonesia (national),2019-08-01,622452.15,IDR billion
bi_payment_system.currency_in_circulation,0000,Indonesia (national),2019-09-01,614230.66,IDR billion
bi_payment_system.currency_in_circulation,0000,Indonesia (national),2019-10-01,611081.3,IDR billion
bi_payment_system.currency_in_circulation,0000,Indonesia (national),2019-11-01,622383.57,IDR billion
bi_payment_system.currency_in_circulation,0000,Indonesia (national),2019-12-01,654683.31,IDR billion
bi_payment_system.currency_in_circulation,0000,Indonesia (national),2020-01-01,616226.76,IDR billion
bi_payment_system.currency_in_circulation,0000,Indonesia (national),2020-02-01,607961.8,IDR billion
bi_payment_system.currency_in_circulation,0000,Indonesia (national),2020-03-01,620399.67,IDR billion
bi_payment_system.currency_in_circulation,0000,Indonesia (national),2020-04-01,634191.76,IDR billion
bi_payment_system.currency_in_circulation,0000,Indonesia (national),2020-05-01,684962.67,IDR billion
bi_payment_system.currency_in_circulation,0000,Indonesia (national),2020-06-01,651792.19,IDR billion
bi_payment_system.currency_in_circulation,0000,Indonesia (national),2020-07-01,668184.78,IDR billion
bi_payment_system.currency_in_circulation,0000,Indonesia (national),2020-08-01,666739.26,IDR billion
bi_payment_system.currency_in_circulation,0000,Indonesia (national),2020-09-01,674412.32,IDR billion
bi_payment_system.currency_in_circulation,0000,Indonesia (national),2020-10-01,707830.54,IDR billion
bi_payment_system.currency_in_circulation,0000,Indonesia (national),2020-11-01,712556.11,IDR billion
bi_payment_system.currency_in_circulation,0000,Indonesia (national),2020-12-01,760112.42,IDR billion
bi_payment_system.currency_in_circulation,0000,Indonesia (national),2021-01-01,712529.24,IDR billion
bi_payment_system.currency_in_circulation,0000,Indonesia (national),2021-02-01,698226.62,IDR billion
bi_payment_system.currency_in_circulation,0000,Indonesia (national),2021-03-01,692478.03,IDR billion
bi_payment_system.currency_in_circulation,0000,Indonesia (national),2021-04-01,732643.55,IDR billion
bi_payment_system.currency_in_circulation,0000,Indonesia (national),2021-05-01,743534.2,IDR billion
bi_payment_system.currency_in_circulation,0000,Indonesia (national),2021-06-01,739006.37,IDR billion
bi_payment_system.currency_in_circulation,0000,Indonesia (national),2021-07-01,758702.97,IDR billion
bi_payment_system.currency_in_circulation,0000,Indonesia (national),2021-08-01,750510.11,IDR billion
bi_payment_system.currency_in_circulation,0000,Indonesia (national),2021-09-01,748616.24,IDR billion
bi_payment_system.currency_in_circulation,0000,Indonesia (national),2021-10-01,766703.91,IDR billion
bi_payment_system.currency_in_circulation,0000,Indonesia (national),2021-11-01,775051.3408657118,IDR billion
bi_payment_system.currency_in_circulation,0000,Indonesia (national),2021-12-01,831233.71,IDR billion
bi_payment_system.currency_in_circulation,0000,Indonesia (national),2022-01-01,765015.11,IDR billion
bi_payment_system.currency_in_circulation,0000,Indonesia (national),2022-02-01,795951.08,IDR billion
bi_payment_system.currency_in_circulation,0000,Indonesia (national),2022-03-01,792518.36,IDR billion
bi_payment_system.currency_in_circulation,0000,Indonesia (national),2022-04-01,896317.73,IDR billion
bi_payment_system.currency_in_circulation,0000,Indonesia (national),2022-05-01,820154.68,IDR billion
bi_payment_system.currency_in_circulation,0000,Indonesia (national),2022-06-01,815316.13,IDR billion
bi_payment_system.currency_in_circulation,0000,Indonesia (national),2022-07-01,822042.79,IDR billion
bi_payment_system.currency_in_circulation,0000,Indonesia (national),2022-08-01,805459.05,IDR billion
bi_payment_system.currency_in_circulation,0000,Indonesia (national),2022-09-01,807817.51,IDR billion
bi_payment_system.currency_in_circulation,0000,Indonesia (national),2022-10-01,808648.98,IDR billion
bi_payment_system.currency_in_circulation,0000,Indonesia (national),2022-11-01,840492.4,IDR billion
bi_payment_system.currency_in_circulation,0000,Indonesia (national),2022-12-01,897799.0,IDR billion
bi_payment_system.currency_in_circulation,0000,Indonesia (national),2023-01-01,830372.89337,IDR billion
bi_payment_system.currency_in_circulation,0000,Indonesia (national),2023-02-01,813834.00501,IDR billion
bi_payment_system.currency_in_circulation,0000,Indonesia (national),2023-03-01,832817.0,IDR billion
bi_payment_system.currency_in_circulation,0000,Indonesia (national),2023-04-01,895719.17472,IDR billion
bi_payment_system.currency_in_circulation,0000,Indonesia (national),2023-05-01,859516.58491,IDR billion
bi_payment_system.currency_in_circulation,0000,Indonesia (national),2023-06-01,879805.30326,IDR billion
bi_payment_system.currency_in_circulation,0000,Indonesia (national),2023-07-01,853335.77158,IDR billion
bi_payment_system.currency_in_circulation,0000,Indonesia (national),2023-08-01,851722.7591,IDR billion
bi_payment_system.currency_in_circulation,0000,Indonesia (national),2023-09-01,865365.52675,IDR billion
bi_payment_system.currency_in_circulation,0000,Indonesia (national),2023-10-01,863143.37989,IDR billion
bi_payment_system.currency_in_circulation,0000,Indonesia (national),2023-11-01,893156.14191,IDR billion
bi_payment_system.currency_in_circulation,0000,Indonesia (national),2023-12-01,975918.69859,IDR billion
bi_payment_system.currency_in_circulation,0000,Indonesia (national),2024-01-01,915931.16091,IDR billion
bi_payment_system.currency_in_circulation,0000,Indonesia (national),2024-02-01,911688.55334,IDR billion
bi_payment_system.currency_in_circulation,0000,Indonesia (national),2024-03-01,953824.19646,IDR billion
bi_payment_system.currency_in_circulation,0000,Indonesia (national),2024-04-01,943291.77666,IDR billion
bi_payment_system.currency_in_circulation,0000,Indonesia (national),2024-05-01,934143.87089,IDR billion
bi_payment_system.currency_in_circulation,0000,Indonesia (national),2024-06-01,958575.35674,IDR billion
bi_payment_system.currency_in_circulation,0000,Indonesia (national),2024-07-01,939540.902224184,IDR billion
bi_payment_system.currency_in_circulation,0000,Indonesia (national),2024-08-01,954378.28936,IDR billion
bi_payment_system.currency_in_circulation,0000,Indonesia (national),2024-09-01,957149.862,IDR billion
bi_payment_system.currency_in_circulation,0000,Indonesia (national),2024-10-01,970130.9395521958,IDR billion
bi_payment_system.currency_in_circulation,0000,Indonesia (national),2024-11-01,1002040.4671508978,IDR billion
bi_payment_system.currency_in_circulation,0000,Indonesia (national),2024-12-01,1062794.71516158,IDR billion
bi_payment_system.currency_in_circulation,0000,Indonesia (national),2025-01-01,1010242.5457,IDR billion
bi_payment_system.currency_in_circulation,0000,Indonesia (national),2025-02-01,1008991.5377,IDR billion
bi_payment_system.currency_in_circulation,0000,Indonesia (national),2025-03-01,1088916.1909,IDR billion
bi_payment_system.currency_in_circulation,0000,Indonesia (national),2025-04-01,1025259.2285,IDR billion
bi_payment_system.currency_in_circulation,0000,Indonesia (national),2025-05-01,1033652.9874,IDR billion
bi_payment_system.currency_in_circulation,0000,Indonesia (national),2025-06-01,1039226.5811,IDR billion
bi_payment_system.currency_in_circulation,0000,Indonesia (national),2025-07-01,1042743.2844,IDR billion
bi_payment_system.currency_in_circulation,0000,Indonesia (national),2025-08-01,1082404.6987,IDR billion
bi_payment_system.currency_in_circulation,0000,Indonesia (national),2025-09-01,1095877.1541,IDR billion
bi_payment_system.currency_in_circulation,0000,Indonesia (national),2025-10-01,1108930.7101,IDR billion
bi_payment_system.currency_in_circulation,0000,Indonesia (national),2025-11-01,1148382.2527,IDR billion
bi_payment_system.currency_in_circulation,0000,Indonesia (national),2025-12-01,1214763.637,IDR billion
bi_payment_system.currency_in_circulation,0000,Indonesia (national),2026-01-01,1156846.7184,IDR billion
bi_payment_system.currency_in_circulation,0000,Indonesia (national),2026-02-01,1159800.0482,IDR billion
bi_payment_system.currency_in_circulation,0000,Indonesia (national),2026-03-01,1206116.3638,IDR billion
bi_payment_system.currency_in_circulation,0000,Indonesia (national),2026-04-01,1186499.5918,IDR billion
bi_payment_system.currency_in_circulation,0000,Indonesia (national),2026-05-01,1205707.4927,IDR billion
bi_payment_system.currency_in_circulation,0000,Indonesia (national),2026-06-01,1204064.6854,IDR billion
bi_payment_system.currency_in_circulation,0000,Indonesia (national),2026-07-01,1213089.7117,IDR billion
bi_payment_system.currency_to_gdp,0000,Indonesia (national),2012-03-01,4.226509252871415,percent
bi_payment_system.currency_to_gdp,0000,Indonesia (national),2012-06-01,4.515291269181112,percent
bi_payment_system.currency_to_gdp,0000,Indonesia (national),2012-09-01,4.547635860628958,percent
bi_payment_system.currency_to_gdp,0000,Indonesia (national),2012-12-01,5.103708118123132,percent
bi_payment_system.currency_to_gdp,0000,Indonesia (national),2013-03-01,4.491891245739153,percent
bi_payment_system.currency_to_gdp,0000,Indonesia (national),2013-06-01,4.6096183306711325,percent
bi_payment_system.currency_to_gdp,0000,Indonesia (national),2013-09-01,4.705488501161358,percent
bi_payment_system.currency_to_gdp,0000,Indonesia (national),2013-12-01,5.237935692082261,percent
bi_payment_system.currency_to_gdp,0000,Indonesia (national),2014-03-01,4.56713828745559,percent
bi_payment_system.currency_to_gdp,0000,Indonesia (national),2014-06-01,4.605624102671584,percent
bi_payment_system.currency_to_gdp,0000,Indonesia (national),2014-09-01,4.579883092139907,percent
bi_payment_system.currency_to_gdp,0000,Indonesia (national),2014-12-01,5.000492397834403,percent
bi_payment_system.currency_to_gdp,0000,Indonesia (national),2015-03-01,4.286792956786758,percent
bi_payment_system.currency_to_gdp,0000,Indonesia (national),2015-06-01,4.588403357433834,percent
bi_payment_system.currency_to_gdp,0000,Indonesia (national),2015-09-01,4.593037625738631,percent
bi_payment_system.currency_to_gdp,0000,Indonesia (national),2015-12-01,5.090626482691877,percent
bi_payment_system.currency_to_gdp,0000,Indonesia (national),2016-03-01,4.3364143541374425,percent
bi_payment_system.currency_to_gdp,0000,Indonesia (national),2016-06-01,5.380020986156267,percent
bi_payment_system.currency_to_gdp,0000,Indonesia (national),2016-09-01,4.636446973428039,percent
bi_payment_system.currency_to_gdp,0000,Indonesia (national),2016-12-01,4.939188194613355,percent
bi_payment_system.currency_to_gdp,0000,Indonesia (national),2017-03-01,4.431014022621464,percent
bi_payment_system.currency_to_gdp,0000,Indonesia (national),2017-06-01,5.537785362981293,percent
bi_payment_system.currency_to_gdp,0000,Indonesia (national),2017-09-01,4.622675181874084,percent
bi_payment_system.currency_to_gdp,0000,Indonesia (national),2017-12-01,5.113849694233828,percent
bi_payment_system.currency_to_gdp,0000,Indonesia (national),2018-03-01,4.60274424295652,percent
bi_payment_system.currency_to_gdp,0000,Indonesia (national),2018-06-01,5.1293247785769776,percent
bi_payment_system.currency_to_gdp,0000,Indonesia (national),2018-09-01,4.679445628809723,percent
bi_payment_system.currency_to_gdp,0000,Indonesia (national),2018-12-01,5.049196183508435,percent
bi_payment_system.currency_to_gdp,0000,Indonesia (national),2019-03-01,4.476136381925254,percent
bi_payment_system.currency_to_gdp,0000,Indonesia (national),2019-06-01,4.729944819259656,percent
bi_payment_system.currency_to_gdp,0000,Indonesia (national),2019-09-01,4.553476308558022,percent
bi_payment_system.currency_to_gdp,0000,Indonesia (national),2019-12-01,5.013224438409492,percent
bi_payment_system.currency_to_gdp,0000,Indonesia (national),2020-03-01,4.553352016743249,percent
bi_payment_system.currency_to_gdp,0000,Indonesia (national),2020-06-01,4.744584291023758,percent
bi_payment_system.currency_to_gdp,0000,Indonesia (national),2020-09-01,4.9072785466774445,percent
bi_payment_system.currency_to_gdp,0000,Indonesia (national),2020-12-01,5.820433932703165,percent
bi_payment_system.currency_to_gdp,0000,Indonesia (national),2021-03-01,5.051915974071242,percent
bi_payment_system.currency_to_gdp,0000,Indonesia (national),2021-06-01,5.208914691414179,percent
bi_payment_system.currency_to_gdp,0000,Indonesia (national),2021-09-01,5.12951142671564,percent
bi_payment_system.currency_to_gdp,0000,Indonesia (national),2021-12-01,5.653706374860759,percent
bi_payment_system.currency_to_gdp,0000,Indonesia (national),2022-03-01,5.089019886594884,percent
bi_payment_system.currency_to_gdp,0000,Indonesia (national),2022-06-01,5.004785009632133,percent
bi_payment_system.currency_to_gdp,0000,Indonesia (national),2022-09-01,4.774376204528978,percent
bi_payment_system.currency_to_gdp,0000,Indonesia (national),2022-12-01,5.240341632289527,percent
bi_payment_system.currency_to_gdp,0000,Indonesia (national),2023-03-01,4.708407346128235,percent
bi_payment_system.currency_to_gdp,0000,Indonesia (national),2023-06-01,4.845723574891938,percent
bi_payment_system.currency_to_gdp,0000,Indonesia (national),2023-09-01,4.644391902722816,percent
bi_payment_system.currency_to_gdp,0000,Indonesia (national),2023-12-01,5.273442770156446,percent
bi_payment_system.currency_to_gdp,0000,Indonesia (national),2024-03-01,5.085806521932391,percent
bi_payment_system.currency_to_gdp,0000,Indonesia (national),2024-06-01,4.937905961603809,percent
bi_payment_system.currency_to_gdp,0000,Indonesia (national),2024-09-01,4.857726986524765,percent
bi_payment_system.currency_to_gdp,0000,Indonesia (national),2024-12-01,5.4407983037595296,percent
bi_payment_system.currency_to_gdp,0000,Indonesia (national),2025-03-01,5.507630475953137,percent
bi_payment_system.currency_to_gdp,0000,Indonesia (national),2025-06-01,5.029236915444718,percent
bi_payment_system.currency_to_gdp,0000,Indonesia (national),2025-09-01,5.139865181595668,percent
bi_payment_system.currency_to_gdp,0000,Indonesia (national),2025-12-01,5.708951029414103,percent
bi_payment_system.currency_to_gdp,0000,Indonesia (national),2026-03-01,5.532190952715085,percent
bi_payment_system.currency_to_gdp,0000,Indonesia (national),2026-06-01,5.270401700233903,percent
bi_payment_system.currency_to_household_consumption,0000,Indonesia (national),2012-03-01,7.773277020125264,percent
bi_payment_system.currency_to_household_consumption,0000,Indonesia (national),2012-06-01,8.291235046019874,percent
bi_payment_system.currency_to_household_consumption,0000,Indonesia (national),2012-09-01,8.278436182149147,percent
bi_payment_system.currency_to_household_consumption,0000,Indonesia (national),2012-12-01,9.2208831384387,percent
bi_payment_system.currency_to_household_consumption,0000,Indonesia (national),2013-03-01,8.067007152239091,percent
bi_payment_system.currency_to_household_consumption,0000,Indonesia (national),2013-06-01,8.245277048229168,percent
bi_payment_system.currency_to_household_consumption,0000,Indonesia (national),2013-09-01,8.416208725679954,percent
bi_payment_system.currency_to_household_consumption,0000,Indonesia (national),2013-12-01,9.396957820187714,percent
bi_payment_system.currency_to_household_consumption,0000,Indonesia (national),2014-03-01,8.18774695085121,percent
bi_payment_system.currency_to_household_consumption,0000,Indonesia (national),2014-06-01,8.261921005074864,percent
bi_payment_system.currency_to_household_consumption,0000,Indonesia (national),2014-09-01,8.241276181815659,percent
bi_payment_system.currency_to_household_consumption,0000,Indonesia (national),2014-12-01,8.935248600075523,percent
bi_payment_system.currency_to_household_consumption,0000,Indonesia (national),2015-03-01,7.6339180137625435,percent
bi_payment_system.currency_to_household_consumption,0000,Indonesia (national),2015-06-01,8.15426324225712,percent
bi_payment_system.currency_to_household_consumption,0000,Indonesia (national),2015-09-01,8.132923228141596,percent
bi_payment_system.currency_to_household_consumption,0000,Indonesia (national),2015-12-01,9.03973049307215,percent
bi_payment_system.currency_to_household_consumption,0000,Indonesia (national),2016-03-01,7.6736999917691895,percent
bi_payment_system.currency_to_household_consumption,0000,Indonesia (national),2016-06-01,9.497586003295297,percent
bi_payment_system.currency_to_household_consumption,0000,Indonesia (national),2016-09-01,8.171401283466995,percent
bi_payment_system.currency_to_household_consumption,0000,Indonesia (national),2016-12-01,8.71698684025239,percent
bi_payment_system.currency_to_household_consumption,0000,Indonesia (national),2017-03-01,7.84841455634014,percent
bi_payment_system.currency_to_household_consumption,0000,Indonesia (national),2017-06-01,9.82830707441035,percent
bi_payment_system.currency_to_household_consumption,0000,Indonesia (national),2017-09-01,8.221107408546011,percent
bi_payment_system.currency_to_household_consumption,0000,Indonesia (national),2017-12-01,9.109444685595351,percent
bi_payment_system.currency_to_household_consumption,0000,Indonesia (national),2018-03-01,8.20396201559759,percent
bi_payment_system.currency_to_household_consumption,0000,Indonesia (national),2018-06-01,9.162513270020343,percent
bi_payment_system.currency_to_household_consumption,0000,Indonesia (national),2018-09-01,8.38769433960148,percent
bi_payment_system.currency_to_household_consumption,0000,Indonesia (national),2018-12-01,9.0591243460733,percent
bi_payment_system.currency_to_household_consumption,0000,Indonesia (national),2019-03-01,8.021902066546447,percent
bi_payment_system.currency_to_household_consumption,0000,Indonesia (national),2019-06-01,8.454644207142303,percent
bi_payment_system.currency_to_household_consumption,0000,Indonesia (national),2019-09-01,8.086491917985093,percent
bi_payment_system.currency_to_household_consumption,0000,Indonesia (national),2019-12-01,8.852788711907515,percent
bi_payment_system.currency_to_household_consumption,0000,Indonesia (national),2020-03-01,7.996650094416061,percent
bi_payment_system.currency_to_household_consumption,0000,Indonesia (national),2020-06-01,8.26265857545684,percent
bi_payment_system.currency_to_household_consumption,0000,Indonesia (national),2020-09-01,8.516479306648348,percent
bi_payment_system.currency_to_household_consumption,0000,Indonesia (national),2020-12-01,10.09975836212601,percent
bi_payment_system.currency_to_household_consumption,0000,Indonesia (national),2021-03-01,8.814410279865688,percent
bi_payment_system.currency_to_household_consumption,0000,Indonesia (national),2021-06-01,9.20098905399987,percent
bi_payment_system.currency_to_household_consumption,0000,Indonesia (national),2021-09-01,9.238604164071045,percent
bi_payment_system.currency_to_household_consumption,0000,Indonesia (national),2021-12-01,10.392055145132682,percent
bi_payment_system.currency_to_household_consumption,0000,Indonesia (national),2022-03-01,9.482958621751916,percent
bi_payment_system.currency_to_household_consumption,0000,Indonesia (national),2022-06-01,9.475099166180526,percent
bi_payment_system.currency_to_household_consumption,0000,Indonesia (national),2022-09-01,9.150181330631186,percent
bi_payment_system.currency_to_household_consumption,0000,Indonesia (national),2022-12-01,10.1014539938886,percent
bi_payment_system.currency_to_household_consumption,0000,Indonesia (national),2023-03-01,9.103543175837375,percent
bi_payment_system.currency_to_household_consumption,0000,Indonesia (national),2023-06-01,9.294190950941914,percent
bi_payment_system.currency_to_household_consumption,0000,Indonesia (national),2023-09-01,8.823742915499283,percent
bi_payment_system.currency_to_household_consumption,0000,Indonesia (national),2023-12-01,9.917106855923834,percent
bi_payment_system.currency_to_household_consumption,0000,Indonesia (national),2024-03-01,9.473436645329787,percent
bi_payment_system.currency_to_household_consumption,0000,Indonesia (national),2024-06-01,9.146459083056117,percent
bi_payment_system.currency_to_household_consumption,0000,Indonesia (national),2024-09-01,8.982830127607654,percent
bi_payment_system.currency_to_household_consumption,0000,Indonesia (national),2024-12-01,10.067210629443617,percent
bi_payment_system.currency_to_household_consumption,0000,Indonesia (national),2025-03-01,10.20591493406578,percent
bi_payment_system.currency_to_household_consumption,0000,Indonesia (national),2025-06-01,9.330341934397946,percent
bi_payment_system.currency_to_household_consumption,0000,Indonesia (national),2025-09-01,9.535288229556276,percent
bi_payment_system.currency_to_household_consumption,0000,Indonesia (national),2025-12-01,10.59569066575331,percent
bi_payment_system.currency_to_household_consumption,0000,Indonesia (national),2026-03-01,10.274668351470579,percent
bi_payment_system.currency_to_household_consumption,0000,Indonesia (national),2026-06-01,9.831186855036444,percent
bi_payment_system.demand_deposits_rupiah,0000,Indonesia (national),2012-01-01,410081.51,IDR billion
bi_payment_system.demand_deposits_rupiah,0000,Indonesia (national),2012-02-01,403150.11,IDR billion
bi_payment_system.demand_deposits_rupiah,0000,Indonesia (national),2012-03-01,427211.92,IDR billion
bi_payment_system.demand_deposits_rupiah,0000,Indonesia (national),2012-04-01,430063.66,IDR billion
bi_payment_system.demand_deposits_rupiah,0000,Indonesia (national),2012-05-01,454681.67,IDR billion
bi_payment_system.demand_deposits_rupiah,0000,Indonesia (national),2012-06-01,464746.03,IDR billion
bi_payment_system.demand_deposits_rupiah,0000,Indonesia (national),2012-07-01,456417.26,IDR billion
bi_payment_system.demand_deposits_rupiah,0000,Indonesia (national),2012-08-01,445369.69,IDR billion
bi_payment_system.demand_deposits_rupiah,0000,Indonesia (national),2012-09-01,469951.86,IDR billion
bi_payment_system.demand_deposits_rupiah,0000,Indonesia (national),2012-10-01,448864.18,IDR billion
bi_payment_system.demand_deposits_rupiah,0000,Indonesia (national),2012-11-01,474333.98,IDR billion
bi_payment_system.demand_deposits_rupiah,0000,Indonesia (national),2012-12-01,479754.78,IDR billion
bi_payment_system.demand_deposits_rupiah,0000,Indonesia (national),2013-01-01,461030.73,IDR billion
bi_payment_system.demand_deposits_rupiah,0000,Indonesia (national),2013-02-01,465065.35,IDR billion
bi_payment_system.demand_deposits_rupiah,0000,Indonesia (national),2013-03-01,478886.13,IDR billion
bi_payment_system.demand_deposits_rupiah,0000,Indonesia (national),2013-04-01,507880.29,IDR billion
bi_payment_system.demand_deposits_rupiah,0000,Indonesia (national),2013-05-01,488843.1,IDR billion
bi_payment_system.demand_deposits_rupiah,0000,Indonesia (national),2013-06-01,511352.94,IDR billion
bi_payment_system.demand_deposits_rupiah,0000,Indonesia (national),2013-07-01,496054.45,IDR billion
bi_payment_system.demand_deposits_rupiah,0000,Indonesia (national),2013-08-01,496365.36,IDR billion
bi_payment_system.demand_deposits_rupiah,0000,Indonesia (national),2013-09-01,507636.37,IDR billion
bi_payment_system.demand_deposits_rupiah,0000,Indonesia (national),2013-10-01,492374.09,IDR billion
bi_payment_system.demand_deposits_rupiah,0000,Indonesia (national),2013-11-01,494632.41,IDR billion
bi_payment_system.demand_deposits_rupiah,0000,Indonesia (national),2013-12-01,487474.84,IDR billion
bi_payment_system.demand_deposits_rupiah,0000,Indonesia (national),2014-01-01,462607.75,IDR billion
bi_payment_system.demand_deposits_rupiah,0000,Indonesia (national),2014-02-01,466880.66,IDR billion
bi_payment_system.demand_deposits_rupiah,0000,Indonesia (national),2014-03-01,476064.75,IDR billion
bi_payment_system.demand_deposits_rupiah,0000,Indonesia (national),2014-04-01,508128.73,IDR billion
bi_payment_system.demand_deposits_rupiah,0000,Indonesia (national),2014-05-01,526252.94,IDR billion
bi_payment_system.demand_deposits_rupiah,0000,Indonesia (national),2014-06-01,564080.28,IDR billion
bi_payment_system.demand_deposits_rupiah,0000,Indonesia (national),2014-07-01,465777.81,IDR billion
bi_payment_system.demand_deposits_rupiah,0000,Indonesia (national),2014-08-01,496556.9,IDR billion
bi_payment_system.demand_deposits_rupiah,0000,Indonesia (national),2014-09-01,553938.83,IDR billion
bi_payment_system.demand_deposits_rupiah,0000,Indonesia (national),2014-10-01,544235.76,IDR billion
bi_payment_system.demand_deposits_rupiah,0000,Indonesia (national),2014-11-01,549840.94,IDR billion
bi_payment_system.demand_deposits_rupiah,0000,Indonesia (national),2014-12-01,522959.5,IDR billion
bi_payment_system.demand_deposits_rupiah,0000,Indonesia (national),2015-01-01,526823.99,IDR billion
bi_payment_system.demand_deposits_rupiah,0000,Indonesia (national),2015-02-01,539958.25,IDR billion
bi_payment_system.demand_deposits_rupiah,0000,Indonesia (national),2015-03-01,575575.54,IDR billion
bi_payment_system.demand_deposits_rupiah,0000,Indonesia (national),2015-04-01,563689.82,IDR billion
bi_payment_system.demand_deposits_rupiah,0000,Indonesia (national),2015-05-01,574416.28,IDR billion
bi_payment_system.demand_deposits_rupiah,0000,Indonesia (national),2015-06-01,629804.84,IDR billion
bi_payment_system.demand_deposits_rupiah,0000,Indonesia (national),2015-07-01,600445.93,IDR billion
bi_payment_system.demand_deposits_rupiah,0000,Indonesia (national),2015-08-01,603221.62,IDR billion
bi_payment_system.demand_deposits_rupiah,0000,Indonesia (national),2015-09-01,634178.47,IDR billion
bi_payment_system.demand_deposits_rupiah,0000,Indonesia (national),2015-10-01,601245.57,IDR billion
bi_payment_system.demand_deposits_rupiah,0000,Indonesia (national),2015-11-01,613434.53,IDR billion
bi_payment_system.demand_deposits_rupiah,0000,Indonesia (national),2015-12-01,585905.61,IDR billion
bi_payment_system.demand_deposits_rupiah,0000,Indonesia (national),2016-01-01,606385.47,IDR billion
bi_payment_system.demand_deposits_rupiah,0000,Indonesia (national),2016-02-01,613401.24,IDR billion
bi_payment_system.demand_deposits_rupiah,0000,Indonesia (national),2016-03-01,644524.29,IDR billion
bi_payment_system.demand_deposits_rupiah,0000,Indonesia (national),2016-04-01,653916.39,IDR billion
bi_payment_system.demand_deposits_rupiah,0000,Indonesia (national),2016-05-01,678108.44,IDR billion
bi_payment_system.demand_deposits_rupiah,0000,Indonesia (national),2016-06-01,673034.38,IDR billion
bi_payment_system.demand_deposits_rupiah,0000,Indonesia (national),2016-07-01,670254.93,IDR billion
bi_payment_system.demand_deposits_rupiah,0000,Indonesia (national),2016-08-01,669046.6,IDR billion
bi_payment_system.demand_deposits_rupiah,0000,Indonesia (national),2016-09-01,656504.34,IDR billion
bi_payment_system.demand_deposits_rupiah,0000,Indonesia (national),2016-10-01,675467.6,IDR billion
bi_payment_system.demand_deposits_rupiah,0000,Indonesia (national),2016-11-01,705879.5,IDR billion
bi_payment_system.demand_deposits_rupiah,0000,Indonesia (national),2016-12-01,729518.83,IDR billion
bi_payment_system.demand_deposits_rupiah,0000,Indonesia (national),2017-01-01,721249.44,IDR billion
bi_payment_system.demand_deposits_rupiah,0000,Indonesia (national),2017-02-01,733623.71,IDR billion
bi_payment_system.demand_deposits_rupiah,0000,Indonesia (national),2017-03-01,746914.8,IDR billion
bi_payment_system.demand_deposits_rupiah,0000,Indonesia (national),2017-04-01,762885.36,IDR billion
bi_payment_system.demand_deposits_rupiah,0000,Indonesia (national),2017-05-01,790768.64,IDR billion
bi_payment_system.demand_deposits_rupiah,0000,Indonesia (national),2017-06-01,780030.43,IDR billion
bi_payment_system.demand_deposits_rupiah,0000,Indonesia (national),2017-07-01,775425.12,IDR billion
bi_payment_system.demand_deposits_rupiah,0000,Indonesia (national),2017-08-01,747705.47,IDR billion
bi_payment_system.demand_deposits_rupiah,0000,Indonesia (national),2017-09-01,781014.3,IDR billion
bi_payment_system.demand_deposits_rupiah,0000,Indonesia (national),2017-10-01,805900.92,IDR billion
bi_payment_system.demand_deposits_rupiah,0000,Indonesia (national),2017-11-01,800845.71,IDR billion
bi_payment_system.demand_deposits_rupiah,0000,Indonesia (national),2017-12-01,804230.62,IDR billion
bi_payment_system.demand_deposits_rupiah,0000,Indonesia (national),2018-01-01,794610.51,IDR billion
bi_payment_system.demand_deposits_rupiah,0000,Indonesia (national),2018-02-01,820048.72,IDR billion
bi_payment_system.demand_deposits_rupiah,0000,Indonesia (national),2018-03-01,811919.13,IDR billion
bi_payment_system.demand_deposits_rupiah,0000,Indonesia (national),2018-04-01,822988.96,IDR billion
bi_payment_system.demand_deposits_rupiah,0000,Indonesia (national),2018-05-01,824001.95,IDR billion
bi_payment_system.demand_deposits_rupiah,0000,Indonesia (national),2018-06-01,846381.59,IDR billion
bi_payment_system.demand_deposits_rupiah,0000,Indonesia (national),2018-07-01,800196.75,IDR billion
bi_payment_system.demand_deposits_rupiah,0000,Indonesia (national),2018-08-01,796476.53,IDR billion
bi_payment_system.demand_deposits_rupiah,0000,Indonesia (national),2018-09-01,820867.78,IDR billion
bi_payment_system.demand_deposits_rupiah,0000,Indonesia (national),2018-10-01,828985.83,IDR billion
bi_payment_system.demand_deposits_rupiah,0000,Indonesia (national),2018-11-01,819028.07,IDR billion
bi_payment_system.demand_deposits_rupiah,0000,Indonesia (national),2018-12-01,831779.2,IDR billion
bi_payment_system.demand_deposits_rupiah,0000,Indonesia (national),2019-01-01,796841.92,IDR billion
bi_payment_system.demand_deposits_rupiah,0000,Indonesia (national),2019-02-01,815894.28,IDR billion
bi_payment_system.demand_deposits_rupiah,0000,Indonesia (national),2019-03-01,843027.12,IDR billion
bi_payment_system.demand_deposits_rupiah,0000,Indonesia (national),2019-04-01,861343.15,IDR billion
bi_payment_system.demand_deposits_rupiah,0000,Indonesia (national),2019-05-01,832404.71,IDR billion
bi_payment_system.demand_deposits_rupiah,0000,Indonesia (national),2019-06-01,888165.62,IDR billion
bi_payment_system.demand_deposits_rupiah,0000,Indonesia (national),2019-07-01,868149.38,IDR billion
bi_payment_system.demand_deposits_rupiah,0000,Indonesia (national),2019-08-01,853092.2,IDR billion
bi_payment_system.demand_deposits_rupiah,0000,Indonesia (national),2019-09-01,894587.32,IDR billion
bi_payment_system.demand_deposits_rupiah,0000,Indonesia (national),2019-10-01,893074.98,IDR billion
bi_payment_system.demand_deposits_rupiah,0000,Indonesia (national),2019-11-01,930750.65,IDR billion
bi_payment_system.demand_deposits_rupiah,0000,Indonesia (national),2019-12-01,910675.13,IDR billion
bi_payment_system.demand_deposits_rupiah,0000,Indonesia (national),2020-01-01,868273.35,IDR billion
bi_payment_system.demand_deposits_rupiah,0000,Indonesia (national),2020-02-01,897529.48,IDR billion
bi_payment_system.demand_deposits_rupiah,0000,Indonesia (national),2020-03-01,1028328.1,IDR billion
bi_payment_system.demand_deposits_rupiah,0000,Indonesia (national),2020-04-01,942252.56,IDR billion
bi_payment_system.demand_deposits_rupiah,0000,Indonesia (national),2020-05-01,968566.16,IDR billion
bi_payment_system.demand_deposits_rupiah,0000,Indonesia (national),2020-06-01,985932.66,IDR billion
bi_payment_system.demand_deposits_rupiah,0000,Indonesia (national),2020-07-01,1015085.4,IDR billion
bi_payment_system.demand_deposits_rupiah,0000,Indonesia (national),2020-08-01,1098471.48,IDR billion
bi_payment_system.demand_deposits_rupiah,0000,Indonesia (national),2020-09-01,1106280.18,IDR billion
bi_payment_system.demand_deposits_rupiah,0000,Indonesia (national),2020-10-01,1074390.4,IDR billion
bi_payment_system.demand_deposits_rupiah,0000,Indonesia (national),2020-11-01,1086451.39,IDR billion
bi_payment_system.demand_deposits_rupiah,0000,Indonesia (national),2020-12-01,1095580.15,IDR billion
bi_payment_system.demand_deposits_rupiah,0000,Indonesia (national),2021-01-01,1049766.46,IDR billion
bi_payment_system.demand_deposits_rupiah,0000,Indonesia (national),2021-02-01,1086536.61,IDR billion
bi_payment_system.demand_deposits_rupiah,0000,Indonesia (national),2021-03-01,1134913.13,IDR billion
bi_payment_system.demand_deposits_rupiah,0000,Indonesia (national),2021-04-01,1118307.36,IDR billion
bi_payment_system.demand_deposits_rupiah,0000,Indonesia (national),2021-05-01,1118232.71,IDR billion
bi_payment_system.demand_deposits_rupiah,0000,Indonesia (national),2021-06-01,1176422.95,IDR billion
bi_payment_system.demand_deposits_rupiah,0000,Indonesia (national),2021-07-01,1174588.49,IDR billion
bi_payment_system.demand_deposits_rupiah,0000,Indonesia (national),2021-08-01,1187879.52,IDR billion
bi_payment_system.demand_deposits_rupiah,0000,Indonesia (national),2021-09-01,1219818.1275896865,IDR billion
bi_payment_system.demand_deposits_rupiah,0000,Indonesia (national),2021-10-01,1304713.919155203,IDR billion
bi_payment_system.demand_deposits_rupiah,0000,Indonesia (national),2021-11-01,1339651.7472913805,IDR billion
bi_payment_system.demand_deposits_rupiah,0000,Indonesia (national),2021-12-01,1450966.55,IDR billion
bi_payment_system.demand_deposits_rupiah,0000,Indonesia (national),2022-01-01,1384536.39,IDR billion
bi_payment_system.demand_deposits_rupiah,0000,Indonesia (national),2022-02-01,1399666.7,IDR billion
bi_payment_system.demand_deposits_rupiah,0000,Indonesia (national),2022-03-01,1462072.64,IDR billion
bi_payment_system.demand_deposits_rupiah,0000,Indonesia (national),2022-04-01,1430890.76,IDR billion
bi_payment_system.demand_deposits_rupiah,0000,Indonesia (national),2022-05-01,1482756.49,IDR billion
bi_payment_system.demand_deposits_rupiah,0000,Indonesia (national),2022-06-01,1524133.66,IDR billion
bi_payment_system.demand_deposits_rupiah,0000,Indonesia (national),2022-07-01,1474002.63,IDR billion
bi_payment_system.demand_deposits_rupiah,0000,Indonesia (national),2022-08-01,1473704.43,IDR billion
bi_payment_system.demand_deposits_rupiah,0000,Indonesia (national),2022-09-01,1513065.06,IDR billion
bi_payment_system.demand_deposits_rupiah,0000,Indonesia (national),2022-10-01,1730418.33,IDR billion
bi_payment_system.demand_deposits_rupiah,0000,Indonesia (national),2022-11-01,1627459.0,IDR billion
bi_payment_system.demand_deposits_rupiah,0000,Indonesia (national),2022-12-01,1710998.06,IDR billion
bi_payment_system.demand_deposits_rupiah,0000,Indonesia (national),2023-01-01,1591801.2695,IDR billion
bi_payment_system.demand_deposits_rupiah,0000,Indonesia (national),2023-02-01,1589760.0,IDR billion
bi_payment_system.demand_deposits_rupiah,0000,Indonesia (national),2023-03-01,1575602.0,IDR billion
bi_payment_system.demand_deposits_rupiah,0000,Indonesia (national),2023-04-01,1577150.2887,IDR billion
bi_payment_system.demand_deposits_rupiah,0000,Indonesia (national),2023-05-01,1563801.3791,IDR billion
bi_payment_system.demand_deposits_rupiah,0000,Indonesia (national),2023-06-01,1586287.7685,IDR billion
bi_payment_system.demand_deposits_rupiah,0000,Indonesia (national),2023-07-01,1584722.9872,IDR billion
bi_payment_system.demand_deposits_rupiah,0000,Indonesia (national),2023-08-01,1559128.1086,IDR billion
bi_payment_system.demand_deposits_rupiah,0000,Indonesia (national),2023-09-01,1616837.0737,IDR billion
bi_payment_system.demand_deposits_rupiah,0000,Indonesia (national),2023-10-01,1634608.4063,IDR billion
bi_payment_system.demand_deposits_rupiah,0000,Indonesia (national),2023-11-01,1617603.1799,IDR billion
bi_payment_system.demand_deposits_rupiah,0000,Indonesia (national),2023-12-01,1699405.5275,IDR billion
bi_payment_system.demand_deposits_rupiah,0000,Indonesia (national),2024-01-01,1648802.8366,IDR billion
bi_payment_system.demand_deposits_rupiah,0000,Indonesia (national),2024-02-01,1644796.2431,IDR billion
bi_payment_system.demand_deposits_rupiah,0000,Indonesia (national),2024-03-01,1685600.6696,IDR billion
bi_payment_system.demand_deposits_rupiah,0000,Indonesia (national),2024-04-01,1680039.3838,IDR billion
bi_payment_system.demand_deposits_rupiah,0000,Indonesia (national),2024-05-01,1691127.581,IDR billion
bi_payment_system.demand_deposits_rupiah,0000,Indonesia (national),2024-06-01,1733819.958,IDR billion
bi_payment_system.demand_deposits_rupiah,0000,Indonesia (national),2024-07-01,1685723.4103,IDR billion
bi_payment_system.demand_deposits_rupiah,0000,Indonesia (national),2024-08-01,1672331.4314,IDR billion
bi_payment_system.demand_deposits_rupiah,0000,Indonesia (national),2024-09-01,1715257.8562,IDR billion
bi_payment_system.demand_deposits_rupiah,0000,Indonesia (national),2024-10-01,1727610.1541,IDR billion
bi_payment_system.demand_deposits_rupiah,0000,Indonesia (national),2024-11-01,1820254.3812,IDR billion
bi_payment_system.demand_deposits_rupiah,0000,Indonesia (national),2024-12-01,1776745.1169,IDR billion
bi_payment_system.demand_deposits_rupiah,0000,Indonesia (national),2025-01-01,1780132.0844,IDR billion
bi_payment_system.demand_deposits_rupiah,0000,Indonesia (national),2025-02-01,1765908.0609,IDR billion
bi_payment_system.demand_deposits_rupiah,0000,Indonesia (national),2025-03-01,1753788.3654,IDR billion
bi_payment_system.demand_deposits_rupiah,0000,Indonesia (national),2025-04-01,1777229.1949,IDR billion
bi_payment_system.demand_deposits_rupiah,0000,Indonesia (national),2025-05-01,1802365.3784,IDR billion
bi_payment_system.demand_deposits_rupiah,0000,Indonesia (national),2025-06-01,1915886.1019,IDR billion
bi_payment_system.demand_deposits_rupiah,0000,Indonesia (national),2025-07-01,1897512.3829,IDR billion
bi_payment_system.demand_deposits_rupiah,0000,Indonesia (national),2025-08-01,1972248.9913,IDR billion
bi_payment_system.demand_deposits_rupiah,0000,Indonesia (national),2025-09-01,1991272.6024,IDR billion
bi_payment_system.demand_deposits_rupiah,0000,Indonesia (national),2025-10-01,1996299.7841,IDR billion
bi_payment_system.demand_deposits_rupiah,0000,Indonesia (national),2025-11-01,2089301.9047,IDR billion
bi_payment_system.demand_deposits_rupiah,0000,Indonesia (national),2025-12-01,2172153.2508,IDR billion
bi_payment_system.demand_deposits_rupiah,0000,Indonesia (national),2026-01-01,2222816.0862,IDR billion
bi_payment_system.demand_deposits_rupiah,0000,Indonesia (national),2026-02-01,2180871.988,IDR billion
bi_payment_system.demand_deposits_rupiah,0000,Indonesia (national),2026-03-01,2217415.5445,IDR billion
bi_payment_system.demand_deposits_rupiah,0000,Indonesia (national),2026-04-01,2156036.6771,IDR billion
bi_payment_system.demand_deposits_rupiah,0000,Indonesia (national),2026-05-01,2232400.8883,IDR billion
bi_payment_system.demand_deposits_rupiah,0000,Indonesia (national),2026-06-01,2114285.4977,IDR billion
bi_payment_system.emoney_instruments_outstanding,0000,Indonesia (national),2012-01-01,8.174208,million instruments
bi_payment_system.emoney_instruments_outstanding,0000,Indonesia (national),2012-02-01,8.58556,million instruments
bi_payment_system.emoney_instruments_outstanding,0000,Indonesia (national),2012-03-01,8.771716,million instruments
bi_payment_system.emoney_instruments_outstanding,0000,Indonesia (national),2012-04-01,8.906807,million instruments
bi_payment_system.emoney_instruments_outstanding,0000,Indonesia (national),2012-05-01,8.935337,million instruments
bi_payment_system.emoney_instruments_outstanding,0000,Indonesia (national),2012-06-01,9.336513,million instruments
bi_payment_system.emoney_instruments_outstanding,0000,Indonesia (national),2012-07-01,9.96223,million instruments
bi_payment_system.emoney_instruments_outstanding,0000,Indonesia (national),2012-08-01,10.693666,million instruments
bi_payment_system.emoney_instruments_outstanding,0000,Indonesia (national),2012-09-01,11.10075,million instruments
bi_payment_system.emoney_instruments_outstanding,0000,Indonesia (national),2012-10-01,11.635255726478945,million instruments
bi_payment_system.emoney_instruments_outstanding,0000,Indonesia (national),2012-11-01,12.121137,million instruments
bi_payment_system.emoney_instruments_outstanding,0000,Indonesia (national),2012-12-01,12.571203,million instruments
bi_payment_system.emoney_instruments_outstanding,0000,Indonesia (national),2013-01-01,12.940774,million instruments
bi_payment_system.emoney_instruments_outstanding,0000,Indonesia (national),2013-02-01,13.351658,million instruments
bi_payment_system.emoney_instruments_outstanding,0000,Indonesia (national),2013-03-01,14.084504,million instruments
bi_payment_system.emoney_instruments_outstanding,0000,Indonesia (national),2013-04-01,14.560043,million instruments
bi_payment_system.emoney_instruments_outstanding,0000,Indonesia (national),2013-05-01,15.030378,million instruments
bi_payment_system.emoney_instruments_outstanding,0000,Indonesia (national),2013-06-01,15.443722,million instruments
bi_payment_system.emoney_instruments_outstanding,0000,Indonesia (national),2013-07-01,15.985223,million instruments
bi_payment_system.emoney_instruments_outstanding,0000,Indonesia (national),2013-08-01,15.642873,million instruments
bi_payment_system.emoney_instruments_outstanding,0000,Indonesia (national),2013-09-01,16.282678,million instruments
bi_payment_system.emoney_instruments_outstanding,0000,Indonesia (national),2013-10-01,16.484902,million instruments
bi_payment_system.emoney_instruments_outstanding,0000,Indonesia (national),2013-11-01,16.535954,million instruments
bi_payment_system.emoney_instruments_outstanding,0000,Indonesia (national),2013-12-01,23.801544,million instruments
bi_payment_system.emoney_instruments_outstanding,0000,Indonesia (national),2014-01-01,23.921998,million instruments
bi_payment_system.emoney_instruments_outstanding,0000,Indonesia (national),2014-02-01,24.017401,million instruments
bi_payment_system.emoney_instruments_outstanding,0000,Indonesia (national),2014-03-01,16.83874,million instruments
bi_payment_system.emoney_instruments_outstanding,0000,Indonesia (national),2014-04-01,17.012755,million instruments
bi_payment_system.emoney_instruments_outstanding,0000,Indonesia (national),2014-05-01,17.113144,million instruments
bi_payment_system.emoney_instruments_outstanding,0000,Indonesia (national),2014-06-01,17.246123,million instruments
bi_payment_system.emoney_instruments_outstanding,0000,Indonesia (national),2014-07-01,17.551574,million instruments
bi_payment_system.emoney_instruments_outstanding,0000,Indonesia (national),2014-08-01,17.910823,million instruments
bi_payment_system.emoney_instruments_outstanding,0000,Indonesia (national),2014-09-01,17.925711,million instruments
bi_payment_system.emoney_instruments_outstanding,0000,Indonesia (national),2014-10-01,18.160398,million instruments
bi_payment_system.emoney_instruments_outstanding,0000,Indonesia (national),2014-11-01,18.418668,million instruments
bi_payment_system.emoney_instruments_outstanding,0000,Indonesia (national),2014-12-01,18.800632,million instruments
bi_payment_system.emoney_instruments_outstanding,0000,Indonesia (national),2015-01-01,18.673664,million instruments
bi_payment_system.emoney_instruments_outstanding,0000,Indonesia (national),2015-02-01,18.911534,million instruments
bi_payment_system.emoney_instruments_outstanding,0000,Indonesia (national),2015-03-01,19.149101,million instruments
bi_payment_system.emoney_instruments_outstanding,0000,Indonesia (national),2015-04-01,19.622398,million instruments
bi_payment_system.emoney_instruments_outstanding,0000,Indonesia (national),2015-05-01,19.948341,million instruments
bi_payment_system.emoney_instruments_outstanding,0000,Indonesia (national),2015-06-01,20.27,million instruments
bi_payment_system.emoney_instruments_outstanding,0000,Indonesia (national),2015-07-01,20.620719,million instruments
bi_payment_system.emoney_instruments_outstanding,0000,Indonesia (national),2015-08-01,20.965983,million instruments
bi_payment_system.emoney_instruments_outstanding,0000,Indonesia (national),2015-09-01,21.237158,million instruments
bi_payment_system.emoney_instruments_outstanding,0000,Indonesia (national),2015-10-01,21.556754,million instruments
bi_payment_system.emoney_instruments_outstanding,0000,Indonesia (national),2015-11-01,22.147201,million instruments
bi_payment_system.emoney_instruments_outstanding,0000,Indonesia (national),2015-12-01,11.367172,million instruments
bi_payment_system.emoney_instruments_outstanding,0000,Indonesia (national),2016-01-01,11.65507,million instruments
bi_payment_system.emoney_instruments_outstanding,0000,Indonesia (national),2016-02-01,11.944011,million instruments
bi_payment_system.emoney_instruments_outstanding,0000,Indonesia (national),2016-03-01,12.317059,million instruments
bi_payment_system.emoney_instruments_outstanding,0000,Indonesia (national),2016-04-01,12.618995,million instruments
bi_payment_system.emoney_instruments_outstanding,0000,Indonesia (national),2016-05-01,12.922713,million instruments
bi_payment_system.emoney_instruments_outstanding,0000,Indonesia (national),2016-06-01,13.41669,million instruments
bi_payment_system.emoney_instruments_outstanding,0000,Indonesia (national),2016-07-01,14.04921,million instruments
bi_payment_system.emoney_instruments_outstanding,0000,Indonesia (national),2016-08-01,14.66924,million instruments
bi_payment_system.emoney_instruments_outstanding,0000,Indonesia (national),2016-09-01,15.002421,million instruments
bi_payment_system.emoney_instruments_outstanding,0000,Indonesia (national),2016-10-01,15.710797,million instruments
bi_payment_system.emoney_instruments_outstanding,0000,Indonesia (national),2016-11-01,18.275933,million instruments
bi_payment_system.emoney_instruments_outstanding,0000,Indonesia (national),2016-12-01,19.003199,million instruments
bi_payment_system.emoney_instruments_outstanding,0000,Indonesia (national),2017-01-01,19.396334,million instruments
bi_payment_system.emoney_instruments_outstanding,0000,Indonesia (national),2017-02-01,19.838531,million instruments
bi_payment_system.emoney_instruments_outstanding,0000,Indonesia (national),2017-03-01,20.408195,million instruments
bi_payment_system.emoney_instruments_outstanding,0000,Indonesia (national),2017-04-01,20.958298,million instruments
bi_payment_system.emoney_instruments_outstanding,0000,Indonesia (national),2017-05-01,22.185692,million instruments
bi_payment_system.emoney_instruments_outstanding,0000,Indonesia (national),2017-06-01,24.61012,million instruments
bi_payment_system.emoney_instruments_outstanding,0000,Indonesia (national),2017-07-01,29.347916,million instruments
bi_payment_system.emoney_instruments_outstanding,0000,Indonesia (national),2017-08-01,27.539889,million instruments
bi_payment_system.emoney_instruments_outstanding,0000,Indonesia (national),2017-09-01,28.441224,million instruments
bi_payment_system.emoney_instruments_outstanding,0000,Indonesia (national),2017-10-01,29.811426,million instruments
bi_payment_system.emoney_instruments_outstanding,0000,Indonesia (national),2017-11-01,65.824247,million instruments
bi_payment_system.emoney_instruments_outstanding,0000,Indonesia (national),2017-12-01,41.016961,million instruments
bi_payment_system.emoney_instruments_outstanding,0000,Indonesia (national),2018-01-01,46.999236,million instruments
bi_payment_system.emoney_instruments_outstanding,0000,Indonesia (national),2018-02-01,52.666596,million instruments
bi_payment_system.emoney_instruments_outstanding,0000,Indonesia (national),2018-03-01,57.755302,million instruments
bi_payment_system.emoney_instruments_outstanding,0000,Indonesia (national),2018-04-01,60.753425,million instruments
bi_payment_system.emoney_instruments_outstanding,0000,Indonesia (national),2018-05-01,64.770068,million instruments
bi_payment_system.emoney_instruments_outstanding,0000,Indonesia (national),2018-06-01,70.447364,million instruments
bi_payment_system.emoney_instruments_outstanding,0000,Indonesia (national),2018-07-01,75.930393,million instruments
bi_payment_system.emoney_instruments_outstanding,0000,Indonesia (national),2018-08-01,79.641026,million instruments
bi_payment_system.emoney_instruments_outstanding,0000,Indonesia (national),2018-09-01,84.905236,million instruments
bi_payment_system.emoney_instruments_outstanding,0000,Indonesia (national),2018-10-01,86.83066,million instruments
bi_payment_system.emoney_instruments_outstanding,0000,Indonesia (national),2018-11-01,93.77675,million instruments
bi_payment_system.emoney_instruments_outstanding,0000,Indonesia (national),2018-12-01,107.735647,million instruments
bi_payment_system.emoney_instruments_outstanding,0000,Indonesia (national),2019-01-01,113.485863,million instruments
bi_payment_system.emoney_instruments_outstanding,0000,Indonesia (national),2019-02-01,120.962942,million instruments
bi_payment_system.emoney_instruments_outstanding,0000,Indonesia (national),2019-03-01,130.277035,million instruments
bi_payment_system.emoney_instruments_outstanding,0000,Indonesia (national),2019-04-01,138.606522,million instruments
bi_payment_system.emoney_instruments_outstanding,0000,Indonesia (national),2019-05-01,138.553797,million instruments
bi_payment_system.emoney_instruments_outstanding,0000,Indonesia (national),2019-06-01,148.662633,million instruments
bi_payment_system.emoney_instruments_outstanding,0000,Indonesia (national),2019-07-01,170.563248,million instruments
bi_payment_system.emoney_instruments_outstanding,0000,Indonesia (national),2019-08-01,187.760618,million instruments
bi_payment_system.emoney_instruments_outstanding,0000,Indonesia (national),2019-09-01,193.380164,million instruments
bi_payment_system.emoney_instruments_outstanding,0000,Indonesia (national),2019-10-01,204.05623,million instruments
bi_payment_system.emoney_instruments_outstanding,0000,Indonesia (national),2019-11-01,212.620137,million instruments
bi_payment_system.emoney_instruments_outstanding,0000,Indonesia (national),2019-12-01,226.078265,million instruments
bi_payment_system.emoney_instruments_outstanding,0000,Indonesia (national),2020-01-01,246.749977,million instruments
bi_payment_system.emoney_instruments_outstanding,0000,Indonesia (national),2020-02-01,252.047624,million instruments
bi_payment_system.emoney_instruments_outstanding,0000,Indonesia (national),2020-03-01,262.050219,million instruments
bi_payment_system.emoney_instruments_outstanding,0000,Indonesia (national),2020-04-01,342.719188,million instruments
bi_payment_system.emoney_instruments_outstanding,0000,Indonesia (national),2020-05-01,277.056782,million instruments
bi_payment_system.emoney_instruments_outstanding,0000,Indonesia (national),2020-06-01,283.32367,million instruments
bi_payment_system.emoney_instruments_outstanding,0000,Indonesia (national),2020-07-01,288.331839,million instruments
bi_payment_system.emoney_instruments_outstanding,0000,Indonesia (national),2020-08-01,304.180212,million instruments
bi_payment_system.emoney_instruments_outstanding,0000,Indonesia (national),2020-09-01,320.939496,million instruments
bi_payment_system.emoney_instruments_outstanding,0000,Indonesia (national),2020-10-01,336.992809,million instruments
bi_payment_system.emoney_instruments_outstanding,0000,Indonesia (national),2020-11-01,345.857773,million instruments
bi_payment_system.emoney_instruments_outstanding,0000,Indonesia (national),2020-12-01,356.762788,million instruments
bi_payment_system.emoney_instruments_outstanding,0000,Indonesia (national),2021-01-01,366.219729,million instruments
bi_payment_system.emoney_instruments_outstanding,0000,Indonesia (national),2021-02-01,379.529822,million instruments
bi_payment_system.emoney_instruments_outstanding,0000,Indonesia (national),2021-03-01,392.610438,million instruments
bi_payment_system.emoney_instruments_outstanding,0000,Indonesia (national),2021-04-01,404.063051,million instruments
bi_payment_system.emoney_instruments_outstanding,0000,Indonesia (national),2021-05-01,417.602072,million instruments
bi_payment_system.emoney_instruments_outstanding,0000,Indonesia (national),2021-06-01,429.345631,million instruments
bi_payment_system.emoney_instruments_outstanding,0000,Indonesia (national),2021-07-01,411.955802,million instruments
bi_payment_system.emoney_instruments_outstanding,0000,Indonesia (national),2021-08-01,425.659433,million instruments
bi_payment_system.emoney_instruments_outstanding,0000,Indonesia (national),2021-09-01,440.011991,million instruments
bi_payment_system.emoney_instruments_outstanding,0000,Indonesia (national),2021-10-01,452.021774,million instruments
bi_payment_system.emoney_instruments_outstanding,0000,Indonesia (national),2021-11-01,459.197014,million instruments
bi_payment_system.emoney_instruments_outstanding,0000,Indonesia (national),2021-12-01,472.026066,million instruments
bi_payment_system.emoney_instruments_outstanding,0000,Indonesia (national),2022-01-01,482.857583,million instruments
bi_payment_system.emoney_instruments_outstanding,0000,Indonesia (national),2022-02-01,494.535644,million instruments
bi_payment_system.emoney_instruments_outstanding,0000,Indonesia (national),2022-03-01,506.775518,million instruments
bi_payment_system.emoney_instruments_outstanding,0000,Indonesia (national),2022-04-01,519.532751,million instruments
bi_payment_system.emoney_instruments_outstanding,0000,Indonesia (national),2022-05-01,532.912619,million instruments
bi_payment_system.emoney_instruments_outstanding,0000,Indonesia (national),2022-06-01,627.819343,million instruments
bi_payment_system.emoney_instruments_outstanding,0000,Indonesia (national),2022-07-01,613.972619,million instruments
bi_payment_system.emoney_instruments_outstanding,0000,Indonesia (national),2022-08-01,619.94192,million instruments
bi_payment_system.emoney_instruments_outstanding,0000,Indonesia (national),2022-09-01,641.314426,million instruments
bi_payment_system.emoney_instruments_outstanding,0000,Indonesia (national),2022-10-01,641.133332,million instruments
bi_payment_system.emoney_instruments_outstanding,0000,Indonesia (national),2022-11-01,657.992662,million instruments
bi_payment_system.emoney_instruments_outstanding,0000,Indonesia (national),2022-12-01,615.543567,million instruments
bi_payment_system.emoney_instruments_outstanding,0000,Indonesia (national),2023-01-01,592.970219,million instruments
bi_payment_system.emoney_instruments_outstanding,0000,Indonesia (national),2023-02-01,625.751801,million instruments
bi_payment_system.emoney_instruments_outstanding,0000,Indonesia (national),2023-03-01,630.722098,million instruments
bi_payment_system.emoney_instruments_outstanding,0000,Indonesia (national),2023-04-01,637.936571,million instruments
bi_payment_system.emoney_instruments_outstanding,0000,Indonesia (national),2023-05-01,647.019034,million instruments
bi_payment_system.emoney_instruments_outstanding,0000,Indonesia (national),2023-06-01,647.516858,million instruments
bi_payment_system.emoney_instruments_outstanding,0000,Indonesia (national),2023-07-01,659.342501,million instruments
bi_payment_system.emoney_instruments_outstanding,0000,Indonesia (national),2023-08-01,666.455218,million instruments
bi_payment_system.emoney_instruments_outstanding,0000,Indonesia (national),2023-09-01,673.639708,million instruments
bi_payment_system.emoney_instruments_outstanding,0000,Indonesia (national),2023-10-01,681.157341,million instruments
bi_payment_system.emoney_instruments_outstanding,0000,Indonesia (national),2023-11-01,686.46683,million instruments
bi_payment_system.emoney_instruments_outstanding,0000,Indonesia (national),2023-12-01,693.881161,million instruments
bi_payment_system.emoney_instruments_outstanding,0000,Indonesia (national),2024-01-01,700.189547,million instruments
bi_payment_system.emoney_instruments_outstanding,0000,Indonesia (national),2024-02-01,707.40387,million instruments
bi_payment_system.emoney_instruments_outstanding,0000,Indonesia (national),2024-03-01,720.958094,million instruments
bi_payment_system.emoney_instruments_outstanding,0000,Indonesia (national),2024-04-01,728.813452,million instruments
bi_payment_system.emoney_instruments_outstanding,0000,Indonesia (national),2024-05-01,737.227876,million instruments
bi_payment_system.emoney_instruments_outstanding,0000,Indonesia (national),2024-06-01,744.034761,million instruments
bi_payment_system.emoney_instruments_outstanding,0000,Indonesia (national),2024-07-01,751.658822,million instruments
bi_payment_system.emoney_instruments_outstanding,0000,Indonesia (national),2024-08-01,759.792184,million instruments
bi_payment_system.emoney_instruments_outstanding,0000,Indonesia (national),2024-09-01,765.303987,million instruments
bi_payment_system.emoney_instruments_outstanding,0000,Indonesia (national),2024-10-01,777.071283,million instruments
bi_payment_system.emoney_instruments_outstanding,0000,Indonesia (national),2024-11-01,781.508461,million instruments
bi_payment_system.emoney_instruments_outstanding,0000,Indonesia (national),2024-12-01,790.167514,million instruments
bi_payment_system.emoney_instruments_outstanding,0000,Indonesia (national),2025-01-01,799.310363,million instruments
bi_payment_system.emoney_instruments_outstanding,0000,Indonesia (national),2025-02-01,807.553558,million instruments
bi_payment_system.emoney_instruments_outstanding,0000,Indonesia (national),2025-03-01,818.171408,million instruments
bi_payment_system.emoney_instruments_outstanding,0000,Indonesia (national),2025-04-01,828.538173,million instruments
bi_payment_system.emoney_instruments_outstanding,0000,Indonesia (national),2025-05-01,838.144083,million instruments
bi_payment_system.emoney_instruments_outstanding,0000,Indonesia (national),2025-06-01,847.3956,million instruments
bi_payment_system.emoney_instruments_outstanding,0000,Indonesia (national),2025-07-01,864.549383,million instruments
bi_payment_system.emoney_instruments_outstanding,0000,Indonesia (national),2025-08-01,879.688206,million instruments
bi_payment_system.emoney_instruments_outstanding,0000,Indonesia (national),2025-09-01,890.372,million instruments
bi_payment_system.emoney_instruments_outstanding,0000,Indonesia (national),2025-10-01,900.282,million instruments
bi_payment_system.emoney_instruments_outstanding,0000,Indonesia (national),2025-11-01,914.081,million instruments
bi_payment_system.emoney_instruments_outstanding,0000,Indonesia (national),2025-12-01,923.993,million instruments
bi_payment_system.emoney_instruments_outstanding,0000,Indonesia (national),2026-01-01,924.249,million instruments
bi_payment_system.emoney_instruments_outstanding,0000,Indonesia (national),2026-02-01,918.205,million instruments
bi_payment_system.emoney_instruments_outstanding,0000,Indonesia (national),2026-03-01,902.445,million instruments
bi_payment_system.emoney_instruments_outstanding,0000,Indonesia (national),2026-04-01,901.498,million instruments
bi_payment_system.emoney_instruments_outstanding,0000,Indonesia (national),2026-05-01,959.125,million instruments
bi_payment_system.emoney_instruments_outstanding,0000,Indonesia (national),2026-06-01,964.374,million instruments
bi_payment_system.narrow_money,0000,Indonesia (national),2012-01-01,1441635.702851,IDR billion
bi_payment_system.narrow_money,0000,Indonesia (national),2012-02-01,1429411.934622,IDR billion
bi_payment_system.narrow_money,0000,Indonesia (national),2012-03-01,1461681.840875,IDR billion
bi_payment_system.narrow_money,0000,Indonesia (national),2012-04-01,1480354.560726,IDR billion
bi_payment_system.narrow_money,0000,Indonesia (national),2012-05-01,1517830.462795,IDR billion
bi_payment_system.narrow_money,0000,Indonesia (national),2012-06-01,1568077.2133240001,IDR billion
bi_payment_system.narrow_money,0000,Indonesia (national),2012-07-01,1567630.243477,IDR billion
bi_payment_system.narrow_money,0000,Indonesia (national),2012-08-01,1590914.321523,IDR billion
bi_payment_system.narrow_money,0000,Indonesia (national),2012-09-01,1620318.740993,IDR billion
bi_payment_system.narrow_money,0000,Indonesia (national),2012-10-01,1609921.271315,IDR billion
bi_payment_system.narrow_money,0000,Indonesia (national),2012-11-01,1650775.6599730002,IDR billion
bi_payment_system.narrow_money,0000,Indonesia (national),2012-12-01,1747735.154759,IDR billion
bi_payment_system.narrow_money,0000,Indonesia (national),2013-01-01,1679087.361236,IDR billion
bi_payment_system.narrow_money,0000,Indonesia (national),2013-02-01,1668121.26666,IDR billion
bi_payment_system.narrow_money,0000,Indonesia (national),2013-03-01,1682729.855628,IDR billion
bi_payment_system.narrow_money,0000,Indonesia (national),2013-04-01,1716144.9307229999,IDR billion
bi_payment_system.narrow_money,0000,Indonesia (national),2013-05-01,1708192.125848,IDR billion
bi_payment_system.narrow_money,0000,Indonesia (national),2013-06-01,1747058.556133,IDR billion
bi_payment_system.narrow_money,0000,Indonesia (national),2013-07-01,1795198.6637940002,IDR billion
bi_payment_system.narrow_money,0000,Indonesia (national),2013-08-01,1769644.953979,IDR billion
bi_payment_system.narrow_money,0000,Indonesia (national),2013-09-01,1792827.4430419998,IDR billion
bi_payment_system.narrow_money,0000,Indonesia (national),2013-10-01,1780661.9390699998,IDR billion
bi_payment_system.narrow_money,0000,Indonesia (national),2013-11-01,1806527.860824,IDR billion
bi_payment_system.narrow_money,0000,Indonesia (national),2013-12-01,1888584.087965,IDR billion
bi_payment_system.narrow_money,0000,Indonesia (national),2014-01-01,1814112.490894,IDR billion
bi_payment_system.narrow_money,0000,Indonesia (national),2014-02-01,1799704.446639,IDR billion
bi_payment_system.narrow_money,0000,Indonesia (national),2014-03-01,1799629.577449,IDR billion
bi_payment_system.narrow_money,0000,Indonesia (national),2014-04-01,1837859.134922,IDR billion
bi_payment_system.narrow_money,0000,Indonesia (national),2014-05-01,1883483.240272,IDR billion
bi_payment_system.narrow_money,0000,Indonesia (national),2014-06-01,1936150.155768,IDR billion
bi_payment_system.narrow_money,0000,Indonesia (national),2014-07-01,1943648.936339,IDR billion
bi_payment_system.narrow_money,0000,Indonesia (national),2014-08-01,1908110.9473040001,IDR billion
bi_payment_system.narrow_money,0000,Indonesia (national),2014-09-01,1971640.2287849998,IDR billion
bi_payment_system.narrow_money,0000,Indonesia (national),2014-10-01,1960006.268316,IDR billion
bi_payment_system.narrow_money,0000,Indonesia (national),2014-11-01,1990825.815044,IDR billion
bi_payment_system.narrow_money,0000,Indonesia (national),2014-12-01,2049202.4777890001,IDR billion
bi_payment_system.narrow_money,0000,Indonesia (national),2015-01-01,1974011.977128,IDR billion
bi_payment_system.narrow_money,0000,Indonesia (national),2015-02-01,1980078.095558,IDR billion
bi_payment_system.narrow_money,0000,Indonesia (national),2015-03-01,1997120.35949,IDR billion
bi_payment_system.narrow_money,0000,Indonesia (national),2015-04-01,2003216.092997,IDR billion
bi_payment_system.narrow_money,0000,Indonesia (national),2015-05-01,2020350.216458,IDR billion
bi_payment_system.narrow_money,0000,Indonesia (national),2015-06-01,2096983.994627,IDR billion
bi_payment_system.narrow_money,0000,Indonesia (national),2015-07-01,2118572.4034160003,IDR billion
bi_payment_system.narrow_money,0000,Indonesia (national),2015-08-01,2106285.012476,IDR billion
bi_payment_system.narrow_money,0000,Indonesia (national),2015-09-01,2163218.907226,IDR billion
bi_payment_system.narrow_money,0000,Indonesia (national),2015-10-01,2134695.596187,IDR billion
bi_payment_system.narrow_money,0000,Indonesia (national),2015-11-01,2171545.629095,IDR billion
bi_payment_system.narrow_money,0000,Indonesia (national),2015-12-01,2264459.436221,IDR billion
bi_payment_system.narrow_money,0000,Indonesia (national),2016-01-01,2202473.464995,IDR billion
bi_payment_system.narrow_money,0000,Indonesia (national),2016-02-01,2185775.0623979997,IDR billion
bi_payment_system.narrow_money,0000,Indonesia (national),2016-03-01,2214527.17971,IDR billion
bi_payment_system.narrow_money,0000,Indonesia (national),2016-04-01,2245787.840301,IDR billion
bi_payment_system.narrow_money,0000,Indonesia (national),2016-05-01,2281890.436956,IDR billion
bi_payment_system.narrow_money,0000,Indonesia (national),2016-06-01,2415710.81814,IDR billion
bi_payment_system.narrow_money,0000,Indonesia (national),2016-07-01,2362508.928233,IDR billion
bi_payment_system.narrow_money,0000,Indonesia (national),2016-08-01,2367640.1568980003,IDR billion
bi_payment_system.narrow_money,0000,Indonesia (national),2016-09-01,2355704.1513259998,IDR billion
bi_payment_system.narrow_money,0000,Indonesia (national),2016-10-01,2369601.2462170003,IDR billion
bi_payment_system.narrow_money,0000,Indonesia (national),2016-11-01,2437950.031361,IDR billion
bi_payment_system.narrow_money,0000,Indonesia (national),2016-12-01,2570782.031084,IDR billion
bi_payment_system.narrow_money,0000,Indonesia (national),2017-01-01,2475360.960784,IDR billion
bi_payment_system.narrow_money,0000,Indonesia (national),2017-02-01,2474726.832536,IDR billion
bi_payment_system.narrow_money,0000,Indonesia (national),2017-03-01,2494148.069219,IDR billion
bi_payment_system.narrow_money,0000,Indonesia (national),2017-04-01,2517561.9122280004,IDR billion
bi_payment_system.narrow_money,0000,Indonesia (national),2017-05-01,2559166.810800667,IDR billion
bi_payment_system.narrow_money,0000,Indonesia (national),2017-06-01,2675544.467729277,IDR billion
bi_payment_system.narrow_money,0000,Indonesia (national),2017-07-01,2631997.878305941,IDR billion
bi_payment_system.narrow_money,0000,Indonesia (national),2017-08-01,2616865.572979776,IDR billion
bi_payment_system.narrow_money,0000,Indonesia (national),2017-09-01,2656545.596123131,IDR billion
bi_payment_system.narrow_money,0000,Indonesia (national),2017-10-01,2685554.8544267663,IDR billion
bi_payment_system.narrow_money,0000,Indonesia (national),2017-11-01,2733062.683987841,IDR billion
bi_payment_system.narrow_money,0000,Indonesia (national),2017-12-01,2857012.078912791,IDR billion
bi_payment_system.narrow_money,0000,Indonesia (national),2018-01-01,2760669.0899087777,IDR billion
bi_payment_system.narrow_money,0000,Indonesia (national),2018-02-01,2787115.158224122,IDR billion
bi_payment_system.narrow_money,0000,Indonesia (national),2018-03-01,2790305.751664562,IDR billion
bi_payment_system.narrow_money,0000,Indonesia (national),2018-04-01,2796518.926683813,IDR billion
bi_payment_system.narrow_money,0000,Indonesia (national),2018-05-01,2862782.431611396,IDR billion
bi_payment_system.narrow_money,0000,Indonesia (national),2018-06-01,2941467.5237620575,IDR billion
bi_payment_system.narrow_money,0000,Indonesia (national),2018-07-01,2879146.841174847,IDR billion
bi_payment_system.narrow_money,0000,Indonesia (national),2018-08-01,2877543.127715933,IDR billion
bi_payment_system.narrow_money,0000,Indonesia (national),2018-09-01,2904142.886813466,IDR billion
bi_payment_system.narrow_money,0000,Indonesia (national),2018-10-01,2911546.7515023802,IDR billion
bi_payment_system.narrow_money,0000,Indonesia (national),2018-11-01,2913030.17826063,IDR billion
bi_payment_system.narrow_money,0000,Indonesia (national),2018-12-01,3042897.569205864,IDR billion
bi_payment_system.narrow_money,0000,Indonesia (national),2019-01-01,2907379.941270594,IDR billion
bi_payment_system.narrow_money,0000,Indonesia (national),2019-02-01,2906953.191841731,IDR billion
bi_payment_system.narrow_money,0000,Indonesia (national),2019-03-01,2950788.9533539936,IDR billion
bi_payment_system.narrow_money,0000,Indonesia (national),2019-04-01,2974498.331472122,IDR billion
bi_payment_system.narrow_money,0000,Indonesia (national),2019-05-01,3098313.5345995165,IDR billion
bi_payment_system.narrow_money,0000,Indonesia (national),2019-06-01,3102493.47375312,IDR billion
bi_payment_system.narrow_money,0000,Indonesia (national),2019-07-01,3081190.705360229,IDR billion
bi_payment_system.narrow_money,0000,Indonesia (national),2019-08-01,3055248.984667464,IDR billion
bi_payment_system.narrow_money,0000,Indonesia (national),2019-09-01,3095289.046478846,IDR billion
bi_payment_system.narrow_money,0000,Indonesia (national),2019-10-01,3098607.573858794,IDR billion
bi_payment_system.narrow_money,0000,Indonesia (national),2019-11-01,3171154.0688941423,IDR billion
bi_payment_system.narrow_money,0000,Indonesia (national),2019-12-01,3256902.1085022707,IDR billion
bi_payment_system.narrow_money,0000,Indonesia (national),2020-01-01,3125160.1261275313,IDR billion
bi_payment_system.narrow_money,0000,Indonesia (national),2020-02-01,3136253.7795208367,IDR billion
bi_payment_system.narrow_money,0000,Indonesia (national),2020-03-01,3333033.4167432874,IDR billion
bi_payment_system.narrow_money,0000,Indonesia (national),2020-04-01,3244579.6756190867,IDR billion
bi_payment_system.narrow_money,0000,Indonesia (national),2020-05-01,3391325.8770015575,IDR billion
bi_payment_system.narrow_money,0000,Indonesia (national),2020-06-01,3363510.124997431,IDR billion
bi_payment_system.narrow_money,0000,Indonesia (national),2020-07-01,3422040.760600414,IDR billion
bi_payment_system.narrow_money,0000,Indonesia (national),2020-08-01,3529664.1133901067,IDR billion
bi_payment_system.narrow_money,0000,Indonesia (national),2020-09-01,3555654.454516511,IDR billion
bi_payment_system.narrow_money,0000,Indonesia (national),2020-10-01,3557900.516641072,IDR billion
bi_payment_system.narrow_money,0000,Indonesia (national),2020-11-01,3615110.341293833,IDR billion
bi_payment_system.narrow_money,0000,Indonesia (national),2020-12-01,3742960.113013895,IDR billion
bi_payment_system.narrow_money,0000,Indonesia (national),2021-01-01,3605444.8383229906,IDR billion
bi_payment_system.narrow_money,0000,Indonesia (national),2021-02-01,3612459.931906038,IDR billion
bi_payment_system.narrow_money,0000,Indonesia (national),2021-03-01,3667048.108508135,IDR billion
bi_payment_system.narrow_money,0000,Indonesia (national),2021-04-01,3741585.382495925,IDR billion
bi_payment_system.narrow_money,0000,Indonesia (national),2021-05-01,3778311.3251058273,IDR billion
bi_payment_system.narrow_money,0000,Indonesia (national),2021-06-01,3865120.0166081497,IDR billion
bi_payment_system.narrow_money,0000,Indonesia (national),2021-07-01,3887573.73865727,IDR billion
bi_payment_system.narrow_money,0000,Indonesia (national),2021-08-01,3905124.7304129056,IDR billion
bi_payment_system.narrow_money,0000,Indonesia (national),2021-09-01,3952792.4799440335,IDR billion
bi_payment_system.narrow_money,0000,Indonesia (national),2021-10-01,4077722.360588354,IDR billion
bi_payment_system.narrow_money,0000,Indonesia (national),2021-11-01,4146223.85,IDR billion
bi_payment_system.narrow_money,0000,Indonesia (national),2021-12-01,4413956.14,IDR billion
bi_payment_system.narrow_money,0000,Indonesia (national),2022-01-01,4223459.28,IDR billion
bi_payment_system.narrow_money,0000,Indonesia (national),2022-02-01,4274235.63,IDR billion
bi_payment_system.narrow_money,0000,Indonesia (national),2022-03-01,4352023.3,IDR billion
bi_payment_system.narrow_money,0000,Indonesia (national),2022-04-01,4518395.22,IDR billion
bi_payment_system.narrow_money,0000,Indonesia (national),2022-05-01,4472184.49,IDR billion
bi_payment_system.narrow_money,0000,Indonesia (national),2022-06-01,4506812.59,IDR billion
bi_payment_system.narrow_money,0000,Indonesia (national),2022-07-01,4466516.24,IDR billion
bi_payment_system.narrow_money,0000,Indonesia (national),2022-08-01,4440263.0,IDR billion
bi_payment_system.narrow_money,0000,Indonesia (national),2022-09-01,4487532.96,IDR billion
bi_payment_system.narrow_money,0000,Indonesia (national),2022-10-01,4684383.87,IDR billion
bi_payment_system.narrow_money,0000,Indonesia (national),2022-11-01,4631900.72,IDR billion
bi_payment_system.narrow_money,0000,Indonesia (national),2022-12-01,4834646.0,IDR billion
bi_payment_system.narrow_money,0000,Indonesia (national),2023-01-01,4581289.1501,IDR billion
bi_payment_system.narrow_money,0000,Indonesia (national),2023-02-01,4555336.0,IDR billion
bi_payment_system.narrow_money,0000,Indonesia (national),2023-03-01,4561682.0,IDR billion
bi_payment_system.narrow_money,0000,Indonesia (national),2023-04-01,4673184.5993,IDR billion
bi_payment_system.narrow_money,0000,Indonesia (national),2023-05-01,4623291.8383,IDR billion
bi_payment_system.narrow_money,0000,Indonesia (national),2023-06-01,4682738.9291,IDR billion
bi_payment_system.narrow_money,0000,Indonesia (national),2023-07-01,4648140.037,IDR billion
bi_payment_system.narrow_money,0000,Indonesia (national),2023-08-01,4609507.7164,IDR billion
bi_payment_system.narrow_money,0000,Indonesia (national),2023-09-01,4671013.003,IDR billion
bi_payment_system.narrow_money,0000,Indonesia (national),2023-10-01,4691151.7221,IDR billion
bi_payment_system.narrow_money,0000,Indonesia (national),2023-11-01,4725742.9241,IDR billion
bi_payment_system.narrow_money,0000,Indonesia (national),2023-12-01,4935525.0812,IDR billion
bi_payment_system.narrow_money,0000,Indonesia (national),2024-01-01,4806886.153,IDR billion
bi_payment_system.narrow_money,0000,Indonesia (national),2024-02-01,4791561.7442,IDR billion
bi_payment_system.narrow_money,0000,Indonesia (national),2024-03-01,4922436.5214,IDR billion
bi_payment_system.narrow_money,0000,Indonesia (national),2024-04-01,4928527.3158,IDR billion
bi_payment_system.narrow_money,0000,Indonesia (national),2024-05-01,4915822.306,IDR billion
bi_payment_system.narrow_money,0000,Indonesia (national),2024-06-01,5008417.0643,IDR billion
bi_payment_system.narrow_money,0000,Indonesia (national),2024-07-01,4942509.0024,IDR billion
bi_payment_system.narrow_money,0000,Indonesia (national),2024-08-01,4932864.6385,IDR billion
bi_payment_system.narrow_money,0000,Indonesia (national),2024-09-01,4993549.0605,IDR billion
bi_payment_system.narrow_money,0000,Indonesia (national),2024-10-01,5022195.7681,IDR billion
bi_payment_system.narrow_money,0000,Indonesia (national),2024-11-01,5157742.3822,IDR billion
bi_payment_system.narrow_money,0000,Indonesia (national),2024-12-01,5223980.84,IDR billion
bi_payment_system.narrow_money,0000,Indonesia (national),2025-01-01,5155243.5354,IDR billion
bi_payment_system.narrow_money,0000,Indonesia (national),2025-02-01,5145795.5982,IDR billion
bi_payment_system.narrow_money,0000,Indonesia (national),2025-03-01,5273030.1756,IDR billion
bi_payment_system.narrow_money,0000,Indonesia (national),2025-04-01,5223605.8531,IDR billion
bi_payment_system.narrow_money,0000,Indonesia (national),2025-05-01,5224937.6026,IDR billion
bi_payment_system.narrow_money,0000,Indonesia (national),2025-06-01,5407738.9166,IDR billion
bi_payment_system.narrow_money,0000,Indonesia (national),2025-07-01,5373562.7139,IDR billion
bi_payment_system.narrow_money,0000,Indonesia (national),2025-08-01,5451497.2393,IDR billion
bi_payment_system.narrow_money,0000,Indonesia (national),2025-09-01,5528972.2929,IDR billion
bi_payment_system.narrow_money,0000,Indonesia (national),2025-10-01,5573482.3845,IDR billion
bi_payment_system.narrow_money,0000,Indonesia (national),2025-11-01,5747973.8716,IDR billion
bi_payment_system.narrow_money,0000,Indonesia (national),2025-12-01,5955941.5511,IDR billion
bi_payment_system.narrow_money,0000,Indonesia (national),2026-01-01,5923385.7966,IDR billion
bi_payment_system.narrow_money,0000,Indonesia (national),2026-02-01,5886893.9145,IDR billion
bi_payment_system.narrow_money,0000,Indonesia (national),2026-03-01,6033775.7606,IDR billion
bi_payment_system.narrow_money,0000,Indonesia (national),2026-04-01,5936260.0863,IDR billion
bi_payment_system.narrow_money,0000,Indonesia (national),2026-05-01,6024907.7425,IDR billion
bi_payment_system.narrow_money,0000,Indonesia (national),2026-06-01,5937479.3242,IDR billion
bi_payment_system.rtgs.value,0000,Indonesia (national),2012-01-01,10679242.84154386,IDR billion
bi_payment_system.rtgs.value,0000,Indonesia (national),2012-02-01,10391327.730051279,IDR billion
bi_payment_system.rtgs.value,0000,Indonesia (national),2012-03-01,10336170.387102222,IDR billion
bi_payment_system.rtgs.value,0000,Indonesia (national),2012-04-01,10200543.636074018,IDR billion
bi_payment_system.rtgs.value,0000,Indonesia (national),2012-05-01,9648360.958773628,IDR billion
bi_payment_system.rtgs.value,0000,Indonesia (national),2012-06-01,7688022.492872316,IDR billion
bi_payment_system.rtgs.value,0000,Indonesia (national),2012-07-01,7393446.724808235,IDR billion
bi_payment_system.rtgs.value,0000,Indonesia (national),2012-08-01,6414790.387651596,IDR billion
bi_payment_system.rtgs.value,0000,Indonesia (national),2012-09-01,6672392.192128802,IDR billion
bi_payment_system.rtgs.value,0000,Indonesia (national),2012-10-01,6365437.60379913,IDR billion
bi_payment_system.rtgs.value,0000,Indonesia (national),2012-11-01,6291283.449040889,IDR billion
bi_payment_system.rtgs.value,0000,Indonesia (national),2012-12-01,7316091.937855782,IDR billion
bi_payment_system.rtgs.value,0000,Indonesia (national),2013-01-01,6983393.122337769,IDR billion
bi_payment_system.rtgs.value,0000,Indonesia (national),2013-02-01,5969171.382322382,IDR billion
bi_payment_system.rtgs.value,0000,Indonesia (national),2013-03-01,5825747.577585329,IDR billion
bi_payment_system.rtgs.value,0000,Indonesia (national),2013-04-01,7113104.799641514,IDR billion
bi_payment_system.rtgs.value,0000,Indonesia (national),2013-05-01,7245887.571844448,IDR billion
bi_payment_system.rtgs.value,0000,Indonesia (national),2013-06-01,7051438.325254103,IDR billion
bi_payment_system.rtgs.value,0000,Indonesia (national),2013-07-01,9130191.004796892,IDR billion
bi_payment_system.rtgs.value,0000,Indonesia (national),2013-08-01,8399413.9074877,IDR billion
bi_payment_system.rtgs.value,0000,Indonesia (national),2013-09-01,8839852.703546358,IDR billion
bi_payment_system.rtgs.value,0000,Indonesia (national),2013-10-01,8285089.585677549,IDR billion
bi_payment_system.rtgs.value,0000,Indonesia (national),2013-11-01,7339215.016032814,IDR billion
bi_payment_system.rtgs.value,0000,Indonesia (national),2013-12-01,8778014.700344518,IDR billion
bi_payment_system.rtgs.value,0000,Indonesia (national),2014-01-01,8463871.530085286,IDR billion
bi_payment_system.rtgs.value,0000,Indonesia (national),2014-02-01,7565723.22148732,IDR billion
bi_payment_system.rtgs.value,0000,Indonesia (national),2014-03-01,7785058.378886665,IDR billion
bi_payment_system.rtgs.value,0000,Indonesia (national),2014-04-01,7990469.0,IDR billion
bi_payment_system.rtgs.value,0000,Indonesia (national),2014-05-01,7497558.1920329025,IDR billion
bi_payment_system.rtgs.value,0000,Indonesia (national),2014-06-01,8662360.668737292,IDR billion
bi_payment_system.rtgs.value,0000,Indonesia (national),2014-07-01,9445921.745116824,IDR billion
bi_payment_system.rtgs.value,0000,Indonesia (national),2014-08-01,10011548.040484235,IDR billion
bi_payment_system.rtgs.value,0000,Indonesia (national),2014-09-01,10333259.024054367,IDR billion
bi_payment_system.rtgs.value,0000,Indonesia (national),2014-10-01,11621931.109795209,IDR billion
bi_payment_system.rtgs.value,0000,Indonesia (national),2014-11-01,10290138.238069043,IDR billion
bi_payment_system.rtgs.value,0000,Indonesia (national),2014-12-01,11129584.984945167,IDR billion
bi_payment_system.rtgs.value,0000,Indonesia (national),2015-01-01,9868707.4256926,IDR billion
bi_payment_system.rtgs.value,0000,Indonesia (national),2015-02-01,8992299.405018583,IDR billion
bi_payment_system.rtgs.value,0000,Indonesia (national),2015-03-01,10216243.08035679,IDR billion
bi_payment_system.rtgs.value,0000,Indonesia (national),2015-04-01,10312562.076001516,IDR billion
bi_payment_system.rtgs.value,0000,Indonesia (national),2015-05-01,8437819.159753243,IDR billion
bi_payment_system.rtgs.value,0000,Indonesia (national),2015-06-01,9338864.855509331,IDR billion
bi_payment_system.rtgs.value,0000,Indonesia (national),2015-07-01,9500960.75256925,IDR billion
bi_payment_system.rtgs.value,0000,Indonesia (national),2015-08-01,9178166.717164077,IDR billion
bi_payment_system.rtgs.value,0000,Indonesia (national),2015-09-01,9343178.0,IDR billion
bi_payment_system.rtgs.value,0000,Indonesia (national),2015-10-01,8919263.158670552,IDR billion
bi_payment_system.rtgs.value,0000,Indonesia (national),2015-11-01,8744381.057353256,IDR billion
bi_payment_system.rtgs.value,0000,Indonesia (national),2015-12-01,10118750.144900337,IDR billion
bi_payment_system.rtgs.value,0000,Indonesia (national),2016-01-01,8559260.704407062,IDR billion
bi_payment_system.rtgs.value,0000,Indonesia (national),2016-02-01,8643509.21326852,IDR billion
bi_payment_system.rtgs.value,0000,Indonesia (national),2016-03-01,9536761.53565422,IDR billion
bi_payment_system.rtgs.value,0000,Indonesia (national),2016-04-01,9024297.124964532,IDR billion
bi_payment_system.rtgs.value,0000,Indonesia (national),2016-05-01,8141879.76714165,IDR billion
bi_payment_system.rtgs.value,0000,Indonesia (national),2016-06-01,9951585.605347225,IDR billion
bi_payment_system.rtgs.value,0000,Indonesia (national),2016-07-01,8212233.223714217,IDR billion
bi_payment_system.rtgs.value,0000,Indonesia (national),2016-08-01,9389602.0,IDR billion
bi_payment_system.rtgs.value,0000,Indonesia (national),2016-09-01,9324492.741952052,IDR billion
bi_payment_system.rtgs.value,0000,Indonesia (national),2016-10-01,9023439.729275865,IDR billion
bi_payment_system.rtgs.value,0000,Indonesia (national),2016-11-01,10012007.991542913,IDR billion
bi_payment_system.rtgs.value,0000,Indonesia (national),2016-12-01,12008284.531300932,IDR billion
bi_payment_system.rtgs.value,0000,Indonesia (national),2017-01-01,10694028.793163601,IDR billion
bi_payment_system.rtgs.value,0000,Indonesia (national),2017-02-01,8262232.847201341,IDR billion
bi_payment_system.rtgs.value,0000,Indonesia (national),2017-03-01,9968494.548834959,IDR billion
bi_payment_system.rtgs.value,0000,Indonesia (national),2017-04-01,8585855.151590593,IDR billion
bi_payment_system.rtgs.value,0000,Indonesia (national),2017-05-01,10156782.398711538,IDR billion
bi_payment_system.rtgs.value,0000,Indonesia (national),2017-06-01,8561633.113736123,IDR billion
bi_payment_system.rtgs.value,0000,Indonesia (national),2017-07-01,10728576.809069306,IDR billion
bi_payment_system.rtgs.value,0000,Indonesia (national),2017-08-01,10183824.109777976,IDR billion
bi_payment_system.rtgs.value,0000,Indonesia (national),2017-09-01,9370633.181136597,IDR billion
bi_payment_system.rtgs.value,0000,Indonesia (national),2017-10-01,10335562.285859365,IDR billion
bi_payment_system.rtgs.value,0000,Indonesia (national),2017-11-01,10527041.058249008,IDR billion
bi_payment_system.rtgs.value,0000,Indonesia (national),2017-12-01,11157257.396665048,IDR billion
bi_payment_system.rtgs.value,0000,Indonesia (national),2018-01-01,11413740.132051539,IDR billion
bi_payment_system.rtgs.value,0000,Indonesia (national),2018-02-01,9336726.450119417,IDR billion
bi_payment_system.rtgs.value,0000,Indonesia (national),2018-03-01,10155036.478204502,IDR billion
bi_payment_system.rtgs.value,0000,Indonesia (national),2018-04-01,9967838.100211505,IDR billion
bi_payment_system.rtgs.value,0000,Indonesia (national),2018-05-01,10932232.048789581,IDR billion
bi_payment_system.rtgs.value,0000,Indonesia (national),2018-06-01,8670281.396272225,IDR billion
bi_payment_system.rtgs.value,0000,Indonesia (national),2018-07-01,10457288.331953483,IDR billion
bi_payment_system.rtgs.value,0000,Indonesia (national),2018-08-01,9688406.679796517,IDR billion
bi_payment_system.rtgs.value,0000,Indonesia (national),2018-09-01,9438137.055063669,IDR billion
bi_payment_system.rtgs.value,0000,Indonesia (national),2018-10-01,10374591.805250302,IDR billion
bi_payment_system.rtgs.value,0000,Indonesia (national),2018-11-01,9879813.833682414,IDR billion
bi_payment_system.rtgs.value,0000,Indonesia (national),2018-12-01,11327758.839735094,IDR billion
bi_payment_system.rtgs.value,0000,Indonesia (national),2019-01-01,11426332.53867779,IDR billion
bi_payment_system.rtgs.value,0000,Indonesia (national),2019-02-01,9084230.089150269,IDR billion
bi_payment_system.rtgs.value,0000,Indonesia (national),2019-03-01,9564891.6962491,IDR billion
bi_payment_system.rtgs.value,0000,Indonesia (national),2019-04-01,11317673.520176882,IDR billion
bi_payment_system.rtgs.value,0000,Indonesia (national),2019-05-01,12981775.583827611,IDR billion
bi_payment_system.rtgs.value,0000,Indonesia (national),2019-06-01,8978749.407335982,IDR billion
bi_payment_system.rtgs.value,0000,Indonesia (national),2019-07-01,11030657.01593804,IDR billion
bi_payment_system.rtgs.value,0000,Indonesia (national),2019-08-01,10144093.048594492,IDR billion
bi_payment_system.rtgs.value,0000,Indonesia (national),2019-09-01,9773863.5933169,IDR billion
bi_payment_system.rtgs.value,0000,Indonesia (national),2019-10-01,11209612.490629992,IDR billion
bi_payment_system.rtgs.value,0000,Indonesia (national),2019-11-01,10580072.0058464,IDR billion
bi_payment_system.rtgs.value,0000,Indonesia (national),2019-12-01,11504160.750040673,IDR billion
bi_payment_system.rtgs.value,0000,Indonesia (national),2020-01-01,11804078.744790807,IDR billion
bi_payment_system.rtgs.value,0000,Indonesia (national),2020-02-01,9772486.564109398,IDR billion
bi_payment_system.rtgs.value,0000,Indonesia (national),2020-03-01,12079908.992801886,IDR billion
bi_payment_system.rtgs.value,0000,Indonesia (national),2020-04-01,11152539.57130353,IDR billion
bi_payment_system.rtgs.value,0000,Indonesia (national),2020-05-01,10552914.12095302,IDR billion
bi_payment_system.rtgs.value,0000,Indonesia (national),2020-06-01,11649920.297426,IDR billion
bi_payment_system.rtgs.value,0000,Indonesia (national),2020-07-01,13380199.455790438,IDR billion
bi_payment_system.rtgs.value,0000,Indonesia (national),2020-08-01,14191607.594854467,IDR billion
bi_payment_system.rtgs.value,0000,Indonesia (national),2020-09-01,16645963.727148093,IDR billion
bi_payment_system.rtgs.value,0000,Indonesia (national),2020-10-01,14543841.538594725,IDR billion
bi_payment_system.rtgs.value,0000,Indonesia (national),2020-11-01,15283103.010157436,IDR billion
bi_payment_system.rtgs.value,0000,Indonesia (national),2020-12-01,15940816.141136765,IDR billion
bi_payment_system.rtgs.value,0000,Indonesia (national),2021-01-01,14200882.188900951,IDR billion
bi_payment_system.rtgs.value,0000,Indonesia (national),2021-02-01,12747202.363135587,IDR billion
bi_payment_system.rtgs.value,0000,Indonesia (national),2021-03-01,15898756.2673765,IDR billion
bi_payment_system.rtgs.value,0000,Indonesia (national),2021-04-01,14824319.9853346,IDR billion
bi_payment_system.rtgs.value,0000,Indonesia (national),2021-05-01,13632144.6502598,IDR billion
bi_payment_system.rtgs.value,0000,Indonesia (national),2021-06-01,17211544.12532517,IDR billion
bi_payment_system.rtgs.value,0000,Indonesia (national),2021-07-01,17656523.326201778,IDR billion
bi_payment_system.rtgs.value,0000,Indonesia (national),2021-08-01,15596416.977262937,IDR billion
bi_payment_system.rtgs.value,0000,Indonesia (national),2021-09-01,16679340.677456085,IDR billion
bi_payment_system.rtgs.value,0000,Indonesia (national),2021-10-01,16998258.29884324,IDR billion
bi_payment_system.rtgs.value,0000,Indonesia (national),2021-11-01,18504486.952039726,IDR billion
bi_payment_system.rtgs.value,0000,Indonesia (national),2021-12-01,21636420.960396048,IDR billion
bi_payment_system.rtgs.value,0000,Indonesia (national),2022-01-01,21051596.85756843,IDR billion
bi_payment_system.rtgs.value,0000,Indonesia (national),2022-02-01,15931704.727741327,IDR billion
bi_payment_system.rtgs.value,0000,Indonesia (national),2022-03-01,19021084.63133944,IDR billion
bi_payment_system.rtgs.value,0000,Indonesia (national),2022-04-01,16703697.372979019,IDR billion
bi_payment_system.rtgs.value,0000,Indonesia (national),2022-05-01,16557382.997354997,IDR billion
bi_payment_system.rtgs.value,0000,Indonesia (national),2022-06-01,18856498.923119344,IDR billion
bi_payment_system.rtgs.value,0000,Indonesia (national),2022-07-01,18127352.2129266,IDR billion
bi_payment_system.rtgs.value,0000,Indonesia (national),2022-08-01,14517129.759549083,IDR billion
bi_payment_system.rtgs.value,0000,Indonesia (national),2022-09-01,13851674.737824168,IDR billion
bi_payment_system.rtgs.value,0000,Indonesia (national),2022-10-01,13694714.067414792,IDR billion
bi_payment_system.rtgs.value,0000,Indonesia (national),2022-11-01,16292107.35672744,IDR billion
bi_payment_system.rtgs.value,0000,Indonesia (national),2022-12-01,17256969.553428654,IDR billion
bi_payment_system.rtgs.value,0000,Indonesia (national),2023-01-01,14458777.169993501,IDR billion
bi_payment_system.rtgs.value,0000,Indonesia (national),2023-02-01,11854267.990883363,IDR billion
bi_payment_system.rtgs.value,0000,Indonesia (national),2023-03-01,13231386.37358576,IDR billion
bi_payment_system.rtgs.value,0000,Indonesia (national),2023-04-01,11113091.894743571,IDR billion
bi_payment_system.rtgs.value,0000,Indonesia (national),2023-05-01,14534347.100742051,IDR billion
bi_payment_system.rtgs.value,0000,Indonesia (national),2023-06-01,11453855.577483905,IDR billion
bi_payment_system.rtgs.value,0000,Indonesia (national),2023-07-01,13392041.6387156,IDR billion
bi_payment_system.rtgs.value,0000,Indonesia (national),2023-08-01,13184692.5143945,IDR billion
bi_payment_system.rtgs.value,0000,Indonesia (national),2023-09-01,12434206.366601901,IDR billion
bi_payment_system.rtgs.value,0000,Indonesia (national),2023-10-01,13772898.4450411,IDR billion
bi_payment_system.rtgs.value,0000,Indonesia (national),2023-11-01,13631109.2276867,IDR billion
bi_payment_system.rtgs.value,0000,Indonesia (national),2023-12-01,15618114.7068258,IDR billion
bi_payment_system.rtgs.value,0000,Indonesia (national),2024-01-01,15303708.2030244,IDR billion
bi_payment_system.rtgs.value,0000,Indonesia (national),2024-02-01,12916417.7939208,IDR billion
bi_payment_system.rtgs.value,0000,Indonesia (national),2024-03-01,13785357.1134287,IDR billion
bi_payment_system.rtgs.value,0000,Indonesia (national),2024-04-01,13112216.646027049,IDR billion
bi_payment_system.rtgs.value,0000,Indonesia (national),2024-05-01,14557288.0568469,IDR billion
bi_payment_system.rtgs.value,0000,Indonesia (national),2024-06-01,14338579.4936107,IDR billion
bi_payment_system.rtgs.value,0000,Indonesia (national),2024-07-01,15449601.5818553,IDR billion
bi_payment_system.rtgs.value,0000,Indonesia (national),2024-08-01,14731545.3615632,IDR billion
bi_payment_system.rtgs.value,0000,Indonesia (national),2024-09-01,15070994.4386876,IDR billion
bi_payment_system.rtgs.value,0000,Indonesia (national),2024-10-01,16682575.6322282,IDR billion
bi_payment_system.rtgs.value,0000,Indonesia (national),2024-11-01,14969365.72386594,IDR billion
bi_payment_system.rtgs.value,0000,Indonesia (national),2024-12-01,18002641.5363427,IDR billion
bi_payment_system.rtgs.value,0000,Indonesia (national),2025-01-01,15880391.767053,IDR billion
bi_payment_system.rtgs.value,0000,Indonesia (national),2025-02-01,14749902.245624099,IDR billion
bi_payment_system.rtgs.value,0000,Indonesia (national),2025-03-01,15650839.0807376,IDR billion
bi_payment_system.rtgs.value,0000,Indonesia (national),2025-04-01,15293921.812146999,IDR billion
bi_payment_system.rtgs.value,0000,Indonesia (national),2025-05-01,14450030.637833398,IDR billion
bi_payment_system.rtgs.value,0000,Indonesia (national),2025-06-01,17737086.811234497,IDR billion
bi_payment_system.rtgs.value,0000,Indonesia (national),2025-07-01,19791943.4345148,IDR billion
bi_payment_system.rtgs.value,0000,Indonesia (national),2025-08-01,17170265.553691577,IDR billion
bi_payment_system.rtgs.value,0000,Indonesia (national),2025-09-01,19460658.574514702,IDR billion
bi_payment_system.rtgs.value,0000,Indonesia (national),2025-10-01,22524608.057599,IDR billion
bi_payment_system.rtgs.value,0000,Indonesia (national),2025-11-01,20462699.3425025,IDR billion
bi_payment_system.rtgs.value,0000,Indonesia (national),2025-12-01,22082474.616,IDR billion
bi_payment_system.rtgs.value,0000,Indonesia (national),2026-01-01,19555258.276047975,IDR billion
bi_payment_system.rtgs.value,0000,Indonesia (national),2026-02-01,16424212.699076373,IDR billion
bi_payment_system.rtgs.value,0000,Indonesia (national),2026-03-01,15510900.62233692,IDR billion
bi_payment_system.rtgs.value,0000,Indonesia (national),2026-04-01,17519796.438231118,IDR billion
bi_payment_system.rtgs.value,0000,Indonesia (national),2026-05-01,15617622.07776936,IDR billion
bi_payment_system.rtgs.value,0000,Indonesia (national),2026-06-01,20354107.17906856,IDR billion
bi_payment_system.rtgs.value,0000,Indonesia (national),2026-07-01,20156066.06526773,IDR billion
bi_payment_system.rtgs.volume,0000,Indonesia (national),2012-01-01,1384.169,thousand transactions
bi_payment_system.rtgs.volume,0000,Indonesia (national),2012-02-01,1375.369,thousand transactions
bi_payment_system.rtgs.volume,0000,Indonesia (national),2012-03-01,1402.863,thousand transactions
bi_payment_system.rtgs.volume,0000,Indonesia (national),2012-04-01,1361.976,thousand transactions
bi_payment_system.rtgs.volume,0000,Indonesia (national),2012-05-01,1477.506,thousand transactions
bi_payment_system.rtgs.volume,0000,Indonesia (national),2012-06-01,1461.735,thousand transactions
bi_payment_system.rtgs.volume,0000,Indonesia (national),2012-07-01,1536.598,thousand transactions
bi_payment_system.rtgs.volume,0000,Indonesia (national),2012-08-01,1392.014,thousand transactions
bi_payment_system.rtgs.volume,0000,Indonesia (national),2012-09-01,1387.092,thousand transactions
bi_payment_system.rtgs.volume,0000,Indonesia (national),2012-10-01,1610.298,thousand transactions
bi_payment_system.rtgs.volume,0000,Indonesia (national),2012-11-01,1548.902,thousand transactions
bi_payment_system.rtgs.volume,0000,Indonesia (national),2012-12-01,1559.903,thousand transactions
bi_payment_system.rtgs.volume,0000,Indonesia (national),2013-01-01,1485.318,thousand transactions
bi_payment_system.rtgs.volume,0000,Indonesia (national),2013-02-01,1372.615,thousand transactions
bi_payment_system.rtgs.volume,0000,Indonesia (national),2013-03-01,1392.099,thousand transactions
bi_payment_system.rtgs.volume,0000,Indonesia (national),2013-04-01,1575.066,thousand transactions
bi_payment_system.rtgs.volume,0000,Indonesia (national),2013-05-01,1587.93,thousand transactions
bi_payment_system.rtgs.volume,0000,Indonesia (national),2013-06-01,1335.989,thousand transactions
bi_payment_system.rtgs.volume,0000,Indonesia (national),2013-07-01,1617.937,thousand transactions
bi_payment_system.rtgs.volume,0000,Indonesia (national),2013-08-01,1193.386,thousand transactions
bi_payment_system.rtgs.volume,0000,Indonesia (national),2013-09-01,1452.193,thousand transactions
bi_payment_system.rtgs.volume,0000,Indonesia (national),2013-10-01,1513.407,thousand transactions
bi_payment_system.rtgs.volume,0000,Indonesia (national),2013-11-01,1452.799,thousand transactions
bi_payment_system.rtgs.volume,0000,Indonesia (national),2013-12-01,1654.828,thousand transactions
bi_payment_system.rtgs.volume,0000,Indonesia (national),2014-01-01,1418.379,thousand transactions
bi_payment_system.rtgs.volume,0000,Indonesia (national),2014-02-01,1351.609,thousand transactions
bi_payment_system.rtgs.volume,0000,Indonesia (national),2014-03-01,1401.357,thousand transactions
bi_payment_system.rtgs.volume,0000,Indonesia (national),2014-04-01,1499.257,thousand transactions
bi_payment_system.rtgs.volume,0000,Indonesia (national),2014-05-01,1410.901,thousand transactions
bi_payment_system.rtgs.volume,0000,Indonesia (national),2014-06-01,1561.186,thousand transactions
bi_payment_system.rtgs.volume,0000,Indonesia (national),2014-07-01,1503.762,thousand transactions
bi_payment_system.rtgs.volume,0000,Indonesia (national),2014-08-01,1409.658,thousand transactions
bi_payment_system.rtgs.volume,0000,Indonesia (national),2014-09-01,1606.157,thousand transactions
bi_payment_system.rtgs.volume,0000,Indonesia (national),2014-10-01,1668.903,thousand transactions
bi_payment_system.rtgs.volume,0000,Indonesia (national),2014-11-01,1508.874,thousand transactions
bi_payment_system.rtgs.volume,0000,Indonesia (national),2014-12-01,1402.173,thousand transactions
bi_payment_system.rtgs.volume,0000,Indonesia (national),2015-01-01,957.938,thousand transactions
bi_payment_system.rtgs.volume,0000,Indonesia (national),2015-02-01,854.613,thousand transactions
bi_payment_system.rtgs.volume,0000,Indonesia (national),2015-03-01,1002.267,thousand transactions
bi_payment_system.rtgs.volume,0000,Indonesia (national),2015-04-01,981.261,thousand transactions
bi_payment_system.rtgs.volume,0000,Indonesia (national),2015-05-01,909.812,thousand transactions
bi_payment_system.rtgs.volume,0000,Indonesia (national),2015-06-01,1026.72,thousand transactions
bi_payment_system.rtgs.volume,0000,Indonesia (national),2015-07-01,937.215,thousand transactions
bi_payment_system.rtgs.volume,0000,Indonesia (national),2015-08-01,971.421,thousand transactions
bi_payment_system.rtgs.volume,0000,Indonesia (national),2015-09-01,1030.412,thousand transactions
bi_payment_system.rtgs.volume,0000,Indonesia (national),2015-10-01,1045.313,thousand transactions
bi_payment_system.rtgs.volume,0000,Indonesia (national),2015-11-01,750.517,thousand transactions
bi_payment_system.rtgs.volume,0000,Indonesia (national),2015-12-01,576.788,thousand transactions
bi_payment_system.rtgs.volume,0000,Indonesia (national),2016-01-01,469.832,thousand transactions
bi_payment_system.rtgs.volume,0000,Indonesia (national),2016-02-01,468.364,thousand transactions
bi_payment_system.rtgs.volume,0000,Indonesia (national),2016-03-01,498.056,thousand transactions
bi_payment_system.rtgs.volume,0000,Indonesia (national),2016-04-01,495.027,thousand transactions
bi_payment_system.rtgs.volume,0000,Indonesia (national),2016-05-01,480.453,thousand transactions
bi_payment_system.rtgs.volume,0000,Indonesia (national),2016-06-01,548.379,thousand transactions
bi_payment_system.rtgs.volume,0000,Indonesia (national),2016-07-01,544.264,thousand transactions
bi_payment_system.rtgs.volume,0000,Indonesia (national),2016-08-01,785.65,thousand transactions
bi_payment_system.rtgs.volume,0000,Indonesia (national),2016-09-01,801.332,thousand transactions
bi_payment_system.rtgs.volume,0000,Indonesia (national),2016-10-01,796.576,thousand transactions
bi_payment_system.rtgs.volume,0000,Indonesia (national),2016-11-01,851.88,thousand transactions
bi_payment_system.rtgs.volume,0000,Indonesia (national),2016-12-01,917.635,thousand transactions
bi_payment_system.rtgs.volume,0000,Indonesia (national),2017-01-01,790.75,thousand transactions
bi_payment_system.rtgs.volume,0000,Indonesia (national),2017-02-01,738.303,thousand transactions
bi_payment_system.rtgs.volume,0000,Indonesia (national),2017-03-01,873.367,thousand transactions
bi_payment_system.rtgs.volume,0000,Indonesia (national),2017-04-01,738.468,thousand transactions
bi_payment_system.rtgs.volume,0000,Indonesia (national),2017-05-01,870.231,thousand transactions
bi_payment_system.rtgs.volume,0000,Indonesia (national),2017-06-01,756.299,thousand transactions
bi_payment_system.rtgs.volume,0000,Indonesia (national),2017-07-01,861.635,thousand transactions
bi_payment_system.rtgs.volume,0000,Indonesia (national),2017-08-01,927.649,thousand transactions
bi_payment_system.rtgs.volume,0000,Indonesia (national),2017-09-01,842.892,thousand transactions
bi_payment_system.rtgs.volume,0000,Indonesia (national),2017-10-01,937.082,thousand transactions
bi_payment_system.rtgs.volume,0000,Indonesia (national),2017-11-01,944.481,thousand transactions
bi_payment_system.rtgs.volume,0000,Indonesia (national),2017-12-01,947.724,thousand transactions
bi_payment_system.rtgs.volume,0000,Indonesia (national),2018-01-01,934.671,thousand transactions
bi_payment_system.rtgs.volume,0000,Indonesia (national),2018-02-01,823.475,thousand transactions
bi_payment_system.rtgs.volume,0000,Indonesia (national),2018-03-01,913.415,thousand transactions
bi_payment_system.rtgs.volume,0000,Indonesia (national),2018-04-01,924.328,thousand transactions
bi_payment_system.rtgs.volume,0000,Indonesia (national),2018-05-01,970.42,thousand transactions
bi_payment_system.rtgs.volume,0000,Indonesia (national),2018-06-01,676.293,thousand transactions
bi_payment_system.rtgs.volume,0000,Indonesia (national),2018-07-01,984.886,thousand transactions
bi_payment_system.rtgs.volume,0000,Indonesia (national),2018-08-01,964.013,thousand transactions
bi_payment_system.rtgs.volume,0000,Indonesia (national),2018-09-01,886.951,thousand transactions
bi_payment_system.rtgs.volume,0000,Indonesia (national),2018-10-01,1033.345,thousand transactions
bi_payment_system.rtgs.volume,0000,Indonesia (national),2018-11-01,974.761,thousand transactions
bi_payment_system.rtgs.volume,0000,Indonesia (national),2018-12-01,1000.6320000000001,thousand transactions
bi_payment_system.rtgs.volume,0000,Indonesia (national),2019-01-01,967.323,thousand transactions
bi_payment_system.rtgs.volume,0000,Indonesia (national),2019-02-01,848.031,thousand transactions
bi_payment_system.rtgs.volume,0000,Indonesia (national),2019-03-01,921.693,thousand transactions
bi_payment_system.rtgs.volume,0000,Indonesia (national),2019-04-01,920.582,thousand transactions
bi_payment_system.rtgs.volume,0000,Indonesia (national),2019-05-01,1067.158,thousand transactions
bi_payment_system.rtgs.volume,0000,Indonesia (national),2019-06-01,690.169,thousand transactions
bi_payment_system.rtgs.volume,0000,Indonesia (national),2019-07-01,1058.119,thousand transactions
bi_payment_system.rtgs.volume,0000,Indonesia (national),2019-08-01,998.602,thousand transactions
bi_payment_system.rtgs.volume,0000,Indonesia (national),2019-09-01,914.075,thousand transactions
bi_payment_system.rtgs.volume,0000,Indonesia (national),2019-10-01,984.196,thousand transactions
bi_payment_system.rtgs.volume,0000,Indonesia (national),2019-11-01,915.579,thousand transactions
bi_payment_system.rtgs.volume,0000,Indonesia (national),2019-12-01,987.653,thousand transactions
bi_payment_system.rtgs.volume,0000,Indonesia (national),2020-01-01,890.703,thousand transactions
bi_payment_system.rtgs.volume,0000,Indonesia (national),2020-02-01,802.802,thousand transactions
bi_payment_system.rtgs.volume,0000,Indonesia (national),2020-03-01,860.808,thousand transactions
bi_payment_system.rtgs.volume,0000,Indonesia (national),2020-04-01,742.5369999999999,thousand transactions
bi_payment_system.rtgs.volume,0000,Indonesia (national),2020-05-01,634.501,thousand transactions
bi_payment_system.rtgs.volume,0000,Indonesia (national),2020-06-01,765.014,thousand transactions
bi_payment_system.rtgs.volume,0000,Indonesia (national),2020-07-01,808.835,thousand transactions
bi_payment_system.rtgs.volume,0000,Indonesia (national),2020-08-01,744.623,thousand transactions
bi_payment_system.rtgs.volume,0000,Indonesia (national),2020-09-01,840.218,thousand transactions
bi_payment_system.rtgs.volume,0000,Indonesia (national),2020-10-01,743.64,thousand transactions
bi_payment_system.rtgs.volume,0000,Indonesia (national),2020-11-01,876.917,thousand transactions
bi_payment_system.rtgs.volume,0000,Indonesia (national),2020-12-01,921.52,thousand transactions
bi_payment_system.rtgs.volume,0000,Indonesia (national),2021-01-01,774.612,thousand transactions
bi_payment_system.rtgs.volume,0000,Indonesia (national),2021-02-01,722.648,thousand transactions
bi_payment_system.rtgs.volume,0000,Indonesia (national),2021-03-01,869.786,thousand transactions
bi_payment_system.rtgs.volume,0000,Indonesia (national),2021-04-01,855.303,thousand transactions
bi_payment_system.rtgs.volume,0000,Indonesia (national),2021-05-01,726.531,thousand transactions
bi_payment_system.rtgs.volume,0000,Indonesia (national),2021-06-01,852.379,thousand transactions
bi_payment_system.rtgs.volume,0000,Indonesia (national),2021-07-01,792.573,thousand transactions
bi_payment_system.rtgs.volume,0000,Indonesia (national),2021-08-01,822.5519999999999,thousand transactions
bi_payment_system.rtgs.volume,0000,Indonesia (national),2021-09-01,882.489,thousand transactions
bi_payment_system.rtgs.volume,0000,Indonesia (national),2021-10-01,873.778,thousand transactions
bi_payment_system.rtgs.volume,0000,Indonesia (national),2021-11-01,906.487,thousand transactions
bi_payment_system.rtgs.volume,0000,Indonesia (national),2021-12-01,1048.6779999999999,thousand transactions
bi_payment_system.rtgs.volume,0000,Indonesia (national),2022-01-01,828.639,thousand transactions
bi_payment_system.rtgs.volume,0000,Indonesia (national),2022-02-01,706.592,thousand transactions
bi_payment_system.rtgs.volume,0000,Indonesia (national),2022-03-01,945.466,thousand transactions
bi_payment_system.rtgs.volume,0000,Indonesia (national),2022-04-01,891.313,thousand transactions
bi_payment_system.rtgs.volume,0000,Indonesia (national),2022-05-01,677.877,thousand transactions
bi_payment_system.rtgs.volume,0000,Indonesia (national),2022-06-01,880.262,thousand transactions
bi_payment_system.rtgs.volume,0000,Indonesia (national),2022-07-01,849.183,thousand transactions
bi_payment_system.rtgs.volume,0000,Indonesia (national),2022-08-01,895.862,thousand transactions
bi_payment_system.rtgs.volume,0000,Indonesia (national),2022-09-01,889.607,thousand transactions
bi_payment_system.rtgs.volume,0000,Indonesia (national),2022-10-01,851.52,thousand transactions
bi_payment_system.rtgs.volume,0000,Indonesia (national),2022-11-01,893.742,thousand transactions
bi_payment_system.rtgs.volume,0000,Indonesia (national),2022-12-01,982.087,thousand transactions
bi_payment_system.rtgs.volume,0000,Indonesia (national),2023-01-01,823.299,thousand transactions
bi_payment_system.rtgs.volume,0000,Indonesia (national),2023-02-01,764.345,thousand transactions
bi_payment_system.rtgs.volume,0000,Indonesia (national),2023-03-01,857.052,thousand transactions
bi_payment_system.rtgs.volume,0000,Indonesia (national),2023-04-01,666.114,thousand transactions
bi_payment_system.rtgs.volume,0000,Indonesia (national),2023-05-01,854.371,thousand transactions
bi_payment_system.rtgs.volume,0000,Indonesia (national),2023-06-01,738.658,thousand transactions
bi_payment_system.rtgs.volume,0000,Indonesia (national),2023-07-01,846.511,thousand transactions
bi_payment_system.rtgs.volume,0000,Indonesia (national),2023-08-01,884.503,thousand transactions
bi_payment_system.rtgs.volume,0000,Indonesia (national),2023-09-01,821.795,thousand transactions
bi_payment_system.rtgs.volume,0000,Indonesia (national),2023-10-01,905.624,thousand transactions
bi_payment_system.rtgs.volume,0000,Indonesia (national),2023-11-01,906.451,thousand transactions
bi_payment_system.rtgs.volume,0000,Indonesia (national),2023-12-01,909.597,thousand transactions
bi_payment_system.rtgs.volume,0000,Indonesia (national),2024-01-01,878.323,thousand transactions
bi_payment_system.rtgs.volume,0000,Indonesia (national),2024-02-01,771.224,thousand transactions
bi_payment_system.rtgs.volume,0000,Indonesia (national),2024-03-01,801.223,thousand transactions
bi_payment_system.rtgs.volume,0000,Indonesia (national),2024-04-01,745.749,thousand transactions
bi_payment_system.rtgs.volume,0000,Indonesia (national),2024-05-01,817.23,thousand transactions
bi_payment_system.rtgs.volume,0000,Indonesia (national),2024-06-01,793.212,thousand transactions
bi_payment_system.rtgs.volume,0000,Indonesia (national),2024-07-01,937.837,thousand transactions
bi_payment_system.rtgs.volume,0000,Indonesia (national),2024-08-01,923.727,thousand transactions
bi_payment_system.rtgs.volume,0000,Indonesia (national),2024-09-01,856.529,thousand transactions
bi_payment_system.rtgs.volume,0000,Indonesia (national),2024-10-01,942.248,thousand transactions
bi_payment_system.rtgs.volume,0000,Indonesia (national),2024-11-01,859.234,thousand transactions
bi_payment_system.rtgs.volume,0000,Indonesia (national),2024-12-01,971.321,thousand transactions
bi_payment_system.rtgs.volume,0000,Indonesia (national),2025-01-01,799.287,thousand transactions
bi_payment_system.rtgs.volume,0000,Indonesia (national),2025-02-01,807.1840000000001,thousand transactions
bi_payment_system.rtgs.volume,0000,Indonesia (national),2025-03-01,861.31,thousand transactions
bi_payment_system.rtgs.volume,0000,Indonesia (national),2025-04-01,724.028,thousand transactions
bi_payment_system.rtgs.volume,0000,Indonesia (national),2025-05-01,767.517,thousand transactions
bi_payment_system.rtgs.volume,0000,Indonesia (national),2025-06-01,832.84,thousand transactions
bi_payment_system.rtgs.volume,0000,Indonesia (national),2025-07-01,959.317,thousand transactions
bi_payment_system.rtgs.volume,0000,Indonesia (national),2025-08-01,876.885,thousand transactions
bi_payment_system.rtgs.volume,0000,Indonesia (national),2025-09-01,921.8290000000001,thousand transactions
bi_payment_system.rtgs.volume,0000,Indonesia (national),2025-10-01,992.5050000000001,thousand transactions
bi_payment_system.rtgs.volume,0000,Indonesia (national),2025-11-01,865.5899999999999,thousand transactions
bi_payment_system.rtgs.volume,0000,Indonesia (national),2025-12-01,1020.5059999999999,thousand transactions
bi_payment_system.rtgs.volume,0000,Indonesia (national),2026-01-01,860.076,thousand transactions
bi_payment_system.rtgs.volume,0000,Indonesia (national),2026-02-01,783.582,thousand transactions
bi_payment_system.rtgs.volume,0000,Indonesia (national),2026-03-01,819.1179999999999,thousand transactions
bi_payment_system.rtgs.volume,0000,Indonesia (national),2026-04-01,910.227,thousand transactions
bi_payment_system.rtgs.volume,0000,Indonesia (national),2026-05-01,782.717,thousand transactions
bi_payment_system.rtgs.volume,0000,Indonesia (national),2026-06-01,934.313,thousand transactions
bi_payment_system.rtgs.volume,0000,Indonesia (national),2026-07-01,990.173,thousand transactions
