series_id,geo_id,geo_name,ref_date,value,unit
bi_card_transactions.atm_debit.cards,0000,Indonesia (national),2009-01-01,42.759658,million units
bi_card_transactions.atm_debit.cards,0000,Indonesia (national),2009-02-01,43.438116,million units
bi_card_transactions.atm_debit.cards,0000,Indonesia (national),2009-03-01,43.466084,million units
bi_card_transactions.atm_debit.cards,0000,Indonesia (national),2009-04-01,41.002634,million units
bi_card_transactions.atm_debit.cards,0000,Indonesia (national),2009-05-01,39.682941,million units
bi_card_transactions.atm_debit.cards,0000,Indonesia (national),2009-06-01,40.853809,million units
bi_card_transactions.atm_debit.cards,0000,Indonesia (national),2009-07-01,41.56689,million units
bi_card_transactions.atm_debit.cards,0000,Indonesia (national),2009-08-01,42.192305000000005,million units
bi_card_transactions.atm_debit.cards,0000,Indonesia (national),2009-09-01,42.741202,million units
bi_card_transactions.atm_debit.cards,0000,Indonesia (national),2009-10-01,43.424071999999995,million units
bi_card_transactions.atm_debit.cards,0000,Indonesia (national),2009-11-01,43.938434,million units
bi_card_transactions.atm_debit.cards,0000,Indonesia (national),2009-12-01,44.530085,million units
bi_card_transactions.atm_debit.cards,0000,Indonesia (national),2010-01-01,44.943873,million units
bi_card_transactions.atm_debit.cards,0000,Indonesia (national),2010-02-01,45.152536,million units
bi_card_transactions.atm_debit.cards,0000,Indonesia (national),2010-03-01,45.877068,million units
bi_card_transactions.atm_debit.cards,0000,Indonesia (national),2010-04-01,46.457316999999996,million units
bi_card_transactions.atm_debit.cards,0000,Indonesia (national),2010-05-01,47.075970999999996,million units
bi_card_transactions.atm_debit.cards,0000,Indonesia (national),2010-06-01,47.774075,million units
bi_card_transactions.atm_debit.cards,0000,Indonesia (national),2010-07-01,48.472342000000005,million units
bi_card_transactions.atm_debit.cards,0000,Indonesia (national),2010-08-01,50.001194999999996,million units
bi_card_transactions.atm_debit.cards,0000,Indonesia (national),2010-09-01,50.675239,million units
bi_card_transactions.atm_debit.cards,0000,Indonesia (national),2010-10-01,50.862589,million units
bi_card_transactions.atm_debit.cards,0000,Indonesia (national),2010-11-01,51.818393,million units
bi_card_transactions.atm_debit.cards,0000,Indonesia (national),2010-12-01,51.639165,million units
bi_card_transactions.atm_debit.cards,0000,Indonesia (national),2011-01-01,53.785161,million units
bi_card_transactions.atm_debit.cards,0000,Indonesia (national),2011-02-01,54.452739,million units
bi_card_transactions.atm_debit.cards,0000,Indonesia (national),2011-03-01,55.655716,million units
bi_card_transactions.atm_debit.cards,0000,Indonesia (national),2011-04-01,56.333597000000005,million units
bi_card_transactions.atm_debit.cards,0000,Indonesia (national),2011-05-01,57.239473,million units
bi_card_transactions.atm_debit.cards,0000,Indonesia (national),2011-06-01,58.326268,million units
bi_card_transactions.atm_debit.cards,0000,Indonesia (national),2011-07-01,58.195742,million units
bi_card_transactions.atm_debit.cards,0000,Indonesia (national),2011-08-01,59.490361,million units
bi_card_transactions.atm_debit.cards,0000,Indonesia (national),2011-09-01,59.864379,million units
bi_card_transactions.atm_debit.cards,0000,Indonesia (national),2011-10-01,60.812379,million units
bi_card_transactions.atm_debit.cards,0000,Indonesia (national),2011-11-01,9.3492528,million units
bi_card_transactions.atm_debit.cards,0000,Indonesia (national),2011-12-01,63.385310000000004,million units
bi_card_transactions.atm_debit.cards,0000,Indonesia (national),2012-01-01,63.667477999999996,million units
bi_card_transactions.atm_debit.cards,0000,Indonesia (national),2012-02-01,64.63545,million units
bi_card_transactions.atm_debit.cards,0000,Indonesia (national),2012-03-01,65.865604,million units
bi_card_transactions.atm_debit.cards,0000,Indonesia (national),2012-04-01,67.01596500000001,million units
bi_card_transactions.atm_debit.cards,0000,Indonesia (national),2012-05-01,68.241969,million units
bi_card_transactions.atm_debit.cards,0000,Indonesia (national),2012-06-01,69.485564,million units
bi_card_transactions.atm_debit.cards,0000,Indonesia (national),2012-07-01,71.396341,million units
bi_card_transactions.atm_debit.cards,0000,Indonesia (national),2012-08-01,72.589955,million units
bi_card_transactions.atm_debit.cards,0000,Indonesia (national),2012-09-01,74.257512,million units
bi_card_transactions.atm_debit.cards,0000,Indonesia (national),2012-10-01,75.23492229556575,million units
bi_card_transactions.atm_debit.cards,0000,Indonesia (national),2012-11-01,76.98865833176578,million units
bi_card_transactions.atm_debit.cards,0000,Indonesia (national),2012-12-01,77.752552,million units
bi_card_transactions.atm_debit.cards,0000,Indonesia (national),2013-01-01,78.770278,million units
bi_card_transactions.atm_debit.cards,0000,Indonesia (national),2013-02-01,79.693066,million units
bi_card_transactions.atm_debit.cards,0000,Indonesia (national),2013-03-01,80.554627,million units
bi_card_transactions.atm_debit.cards,0000,Indonesia (national),2013-04-01,81.09535000000001,million units
bi_card_transactions.atm_debit.cards,0000,Indonesia (national),2013-05-01,82.381147,million units
bi_card_transactions.atm_debit.cards,0000,Indonesia (national),2013-06-01,83.007126,million units
bi_card_transactions.atm_debit.cards,0000,Indonesia (national),2013-07-01,84.362741,million units
bi_card_transactions.atm_debit.cards,0000,Indonesia (national),2013-08-01,84.946271,million units
bi_card_transactions.atm_debit.cards,0000,Indonesia (national),2013-09-01,85.22169699999999,million units
bi_card_transactions.atm_debit.cards,0000,Indonesia (national),2013-10-01,87.00197899999999,million units
bi_card_transactions.atm_debit.cards,0000,Indonesia (national),2013-11-01,88.396312,million units
bi_card_transactions.atm_debit.cards,0000,Indonesia (national),2013-12-01,89.462289,million units
bi_card_transactions.atm_debit.cards,0000,Indonesia (national),2014-01-01,90.595829,million units
bi_card_transactions.atm_debit.cards,0000,Indonesia (national),2014-02-01,91.636043,million units
bi_card_transactions.atm_debit.cards,0000,Indonesia (national),2014-03-01,87.018594,million units
bi_card_transactions.atm_debit.cards,0000,Indonesia (national),2014-04-01,87.906273,million units
bi_card_transactions.atm_debit.cards,0000,Indonesia (national),2014-05-01,90.640344,million units
bi_card_transactions.atm_debit.cards,0000,Indonesia (national),2014-06-01,93.655977,million units
bi_card_transactions.atm_debit.cards,0000,Indonesia (national),2014-07-01,96.56836799999999,million units
bi_card_transactions.atm_debit.cards,0000,Indonesia (national),2014-08-01,99.892455,million units
bi_card_transactions.atm_debit.cards,0000,Indonesia (national),2014-09-01,101.03670799999999,million units
bi_card_transactions.atm_debit.cards,0000,Indonesia (national),2014-10-01,103.23491899999999,million units
bi_card_transactions.atm_debit.cards,0000,Indonesia (national),2014-11-01,104.31190099999999,million units
bi_card_transactions.atm_debit.cards,0000,Indonesia (national),2014-12-01,105.828204,million units
bi_card_transactions.atm_debit.cards,0000,Indonesia (national),2015-01-01,107.219064,million units
bi_card_transactions.atm_debit.cards,0000,Indonesia (national),2015-02-01,108.635313,million units
bi_card_transactions.atm_debit.cards,0000,Indonesia (national),2015-03-01,109.854595,million units
bi_card_transactions.atm_debit.cards,0000,Indonesia (national),2015-04-01,111.079234,million units
bi_card_transactions.atm_debit.cards,0000,Indonesia (national),2015-05-01,110.89165700000001,million units
bi_card_transactions.atm_debit.cards,0000,Indonesia (national),2015-06-01,112.2952,million units
bi_card_transactions.atm_debit.cards,0000,Indonesia (national),2015-07-01,114.043182,million units
bi_card_transactions.atm_debit.cards,0000,Indonesia (national),2015-08-01,114.876732,million units
bi_card_transactions.atm_debit.cards,0000,Indonesia (national),2015-09-01,117.03381200000001,million units
bi_card_transactions.atm_debit.cards,0000,Indonesia (national),2015-10-01,118.07950399999999,million units
bi_card_transactions.atm_debit.cards,0000,Indonesia (national),2015-11-01,119.41971000000001,million units
bi_card_transactions.atm_debit.cards,0000,Indonesia (national),2015-12-01,120.279206,million units
bi_card_transactions.atm_debit.cards,0000,Indonesia (national),2016-01-01,121.036802,million units
bi_card_transactions.atm_debit.cards,0000,Indonesia (national),2016-02-01,122.460742,million units
bi_card_transactions.atm_debit.cards,0000,Indonesia (national),2016-03-01,123.892739,million units
bi_card_transactions.atm_debit.cards,0000,Indonesia (national),2016-04-01,125.574581,million units
bi_card_transactions.atm_debit.cards,0000,Indonesia (national),2016-05-01,127.01434,million units
bi_card_transactions.atm_debit.cards,0000,Indonesia (national),2016-06-01,126.63525800000001,million units
bi_card_transactions.atm_debit.cards,0000,Indonesia (national),2016-07-01,127.38060300000001,million units
bi_card_transactions.atm_debit.cards,0000,Indonesia (national),2016-08-01,128.603705,million units
bi_card_transactions.atm_debit.cards,0000,Indonesia (national),2016-09-01,130.94808799999998,million units
bi_card_transactions.atm_debit.cards,0000,Indonesia (national),2016-10-01,132.699273,million units
bi_card_transactions.atm_debit.cards,0000,Indonesia (national),2016-11-01,135.064188,million units
bi_card_transactions.atm_debit.cards,0000,Indonesia (national),2016-12-01,136.14835,million units
bi_card_transactions.atm_debit.cards,0000,Indonesia (national),2017-01-01,138.223161,million units
bi_card_transactions.atm_debit.cards,0000,Indonesia (national),2017-02-01,138.792395,million units
bi_card_transactions.atm_debit.cards,0000,Indonesia (national),2017-03-01,142.36306,million units
bi_card_transactions.atm_debit.cards,0000,Indonesia (national),2017-04-01,142.793001,million units
bi_card_transactions.atm_debit.cards,0000,Indonesia (national),2017-05-01,145.447205,million units
bi_card_transactions.atm_debit.cards,0000,Indonesia (national),2017-06-01,148.500904,million units
bi_card_transactions.atm_debit.cards,0000,Indonesia (national),2017-07-01,151.473713,million units
bi_card_transactions.atm_debit.cards,0000,Indonesia (national),2017-08-01,154.899382,million units
bi_card_transactions.atm_debit.cards,0000,Indonesia (national),2017-09-01,157.49184300000002,million units
bi_card_transactions.atm_debit.cards,0000,Indonesia (national),2017-10-01,160.825163,million units
bi_card_transactions.atm_debit.cards,0000,Indonesia (national),2017-11-01,162.693613,million units
bi_card_transactions.atm_debit.cards,0000,Indonesia (national),2017-12-01,164.478449,million units
bi_card_transactions.atm_debit.cards,0000,Indonesia (national),2018-01-01,167.32479,million units
bi_card_transactions.atm_debit.cards,0000,Indonesia (national),2018-02-01,170.033039,million units
bi_card_transactions.atm_debit.cards,0000,Indonesia (national),2018-03-01,172.747122,million units
bi_card_transactions.atm_debit.cards,0000,Indonesia (national),2018-04-01,175.221135,million units
bi_card_transactions.atm_debit.cards,0000,Indonesia (national),2018-05-01,180.136375,million units
bi_card_transactions.atm_debit.cards,0000,Indonesia (national),2018-06-01,165.156459,million units
bi_card_transactions.atm_debit.cards,0000,Indonesia (national),2018-07-01,167.51273,million units
bi_card_transactions.atm_debit.cards,0000,Indonesia (national),2018-08-01,161.52299499999998,million units
bi_card_transactions.atm_debit.cards,0000,Indonesia (national),2018-09-01,163.425652,million units
bi_card_transactions.atm_debit.cards,0000,Indonesia (national),2018-10-01,160.21502900000002,million units
bi_card_transactions.atm_debit.cards,0000,Indonesia (national),2018-11-01,159.39525,million units
bi_card_transactions.atm_debit.cards,0000,Indonesia (national),2018-12-01,161.329105,million units
bi_card_transactions.atm_debit.cards,0000,Indonesia (national),2019-01-01,163.22696299999998,million units
bi_card_transactions.atm_debit.cards,0000,Indonesia (national),2019-02-01,163.855019,million units
bi_card_transactions.atm_debit.cards,0000,Indonesia (national),2019-03-01,166.094339,million units
bi_card_transactions.atm_debit.cards,0000,Indonesia (national),2019-04-01,167.9361,million units
bi_card_transactions.atm_debit.cards,0000,Indonesia (national),2019-05-01,170.715329,million units
bi_card_transactions.atm_debit.cards,0000,Indonesia (national),2019-06-01,172.505677,million units
bi_card_transactions.atm_debit.cards,0000,Indonesia (national),2019-07-01,175.399034,million units
bi_card_transactions.atm_debit.cards,0000,Indonesia (national),2019-08-01,177.836971,million units
bi_card_transactions.atm_debit.cards,0000,Indonesia (national),2019-09-01,179.382941,million units
bi_card_transactions.atm_debit.cards,0000,Indonesia (national),2019-10-01,181.482506,million units
bi_card_transactions.atm_debit.cards,0000,Indonesia (national),2019-11-01,183.762464,million units
bi_card_transactions.atm_debit.cards,0000,Indonesia (national),2019-12-01,183.42534999999998,million units
bi_card_transactions.atm_debit.cards,0000,Indonesia (national),2020-01-01,185.292594,million units
bi_card_transactions.atm_debit.cards,0000,Indonesia (national),2020-02-01,186.573803,million units
bi_card_transactions.atm_debit.cards,0000,Indonesia (national),2020-03-01,189.430692,million units
bi_card_transactions.atm_debit.cards,0000,Indonesia (national),2020-04-01,192.743493,million units
bi_card_transactions.atm_debit.cards,0000,Indonesia (national),2020-05-01,195.515805,million units
bi_card_transactions.atm_debit.cards,0000,Indonesia (national),2020-06-01,197.710472,million units
bi_card_transactions.atm_debit.cards,0000,Indonesia (national),2020-07-01,200.011629,million units
bi_card_transactions.atm_debit.cards,0000,Indonesia (national),2020-08-01,202.108613,million units
bi_card_transactions.atm_debit.cards,0000,Indonesia (national),2020-09-01,205.241821,million units
bi_card_transactions.atm_debit.cards,0000,Indonesia (national),2020-10-01,208.23127200000002,million units
bi_card_transactions.atm_debit.cards,0000,Indonesia (national),2020-11-01,213.40917100000001,million units
bi_card_transactions.atm_debit.cards,0000,Indonesia (national),2020-12-01,213.607269,million units
bi_card_transactions.atm_debit.cards,0000,Indonesia (national),2021-01-01,216.508142,million units
bi_card_transactions.atm_debit.cards,0000,Indonesia (national),2021-02-01,217.953813,million units
bi_card_transactions.atm_debit.cards,0000,Indonesia (national),2021-03-01,220.477788,million units
bi_card_transactions.atm_debit.cards,0000,Indonesia (national),2021-04-01,220.750454,million units
bi_card_transactions.atm_debit.cards,0000,Indonesia (national),2021-05-01,221.898041,million units
bi_card_transactions.atm_debit.cards,0000,Indonesia (national),2021-06-01,213.990705,million units
bi_card_transactions.atm_debit.cards,0000,Indonesia (national),2021-07-01,213.370342,million units
bi_card_transactions.atm_debit.cards,0000,Indonesia (national),2021-08-01,216.494757,million units
bi_card_transactions.atm_debit.cards,0000,Indonesia (national),2021-09-01,217.447943,million units
bi_card_transactions.atm_debit.cards,0000,Indonesia (national),2021-10-01,219.49098500000002,million units
bi_card_transactions.atm_debit.cards,0000,Indonesia (national),2021-11-01,221.063632,million units
bi_card_transactions.atm_debit.cards,0000,Indonesia (national),2021-12-01,226.301984,million units
bi_card_transactions.atm_debit.cards,0000,Indonesia (national),2022-01-01,229.66378500000002,million units
bi_card_transactions.atm_debit.cards,0000,Indonesia (national),2022-02-01,232.10916,million units
bi_card_transactions.atm_debit.cards,0000,Indonesia (national),2022-03-01,233.929099,million units
bi_card_transactions.atm_debit.cards,0000,Indonesia (national),2022-04-01,237.35283,million units
bi_card_transactions.atm_debit.cards,0000,Indonesia (national),2022-05-01,239.046504,million units
bi_card_transactions.atm_debit.cards,0000,Indonesia (national),2022-06-01,240.96380499999998,million units
bi_card_transactions.atm_debit.cards,0000,Indonesia (national),2022-07-01,244.056032,million units
bi_card_transactions.atm_debit.cards,0000,Indonesia (national),2022-08-01,247.088329,million units
bi_card_transactions.atm_debit.cards,0000,Indonesia (national),2022-09-01,249.82702,million units
bi_card_transactions.atm_debit.cards,0000,Indonesia (national),2022-10-01,253.20839800000002,million units
bi_card_transactions.atm_debit.cards,0000,Indonesia (national),2022-11-01,254.066439,million units
bi_card_transactions.atm_debit.cards,0000,Indonesia (national),2022-12-01,256.04830499999997,million units
bi_card_transactions.atm_debit.cards,0000,Indonesia (national),2023-01-01,257.86649800000004,million units
bi_card_transactions.atm_debit.cards,0000,Indonesia (national),2023-02-01,260.759589,million units
bi_card_transactions.atm_debit.cards,0000,Indonesia (national),2023-03-01,264.266837,million units
bi_card_transactions.atm_debit.cards,0000,Indonesia (national),2023-04-01,265.307341,million units
bi_card_transactions.atm_debit.cards,0000,Indonesia (national),2023-05-01,268.44417200000004,million units
bi_card_transactions.atm_debit.cards,0000,Indonesia (national),2023-06-01,270.93087299999996,million units
bi_card_transactions.atm_debit.cards,0000,Indonesia (national),2023-07-01,274.116319,million units
bi_card_transactions.atm_debit.cards,0000,Indonesia (national),2023-08-01,277.878576,million units
bi_card_transactions.atm_debit.cards,0000,Indonesia (national),2023-09-01,281.34816,million units
bi_card_transactions.atm_debit.cards,0000,Indonesia (national),2023-10-01,284.69734,million units
bi_card_transactions.atm_debit.cards,0000,Indonesia (national),2023-11-01,282.134747,million units
bi_card_transactions.atm_debit.cards,0000,Indonesia (national),2023-12-01,285.772981,million units
bi_card_transactions.atm_debit.cards,0000,Indonesia (national),2024-01-01,296.26007500000003,million units
bi_card_transactions.atm_debit.cards,0000,Indonesia (national),2024-02-01,300.620002,million units
bi_card_transactions.atm_debit.cards,0000,Indonesia (national),2024-03-01,302.803427,million units
bi_card_transactions.atm_debit.cards,0000,Indonesia (national),2024-04-01,304.943071,million units
bi_card_transactions.atm_debit.cards,0000,Indonesia (national),2024-05-01,308.334074,million units
bi_card_transactions.atm_debit.cards,0000,Indonesia (national),2024-06-01,311.454814,million units
bi_card_transactions.atm_debit.cards,0000,Indonesia (national),2024-07-01,314.32587600000005,million units
bi_card_transactions.atm_debit.cards,0000,Indonesia (national),2024-08-01,316.57761500000004,million units
bi_card_transactions.atm_debit.cards,0000,Indonesia (national),2024-09-01,310.490208,million units
bi_card_transactions.atm_debit.cards,0000,Indonesia (national),2024-10-01,317.157091,million units
bi_card_transactions.atm_debit.cards,0000,Indonesia (national),2024-11-01,316.735252,million units
bi_card_transactions.atm_debit.cards,0000,Indonesia (national),2024-12-01,325.55109300000004,million units
bi_card_transactions.atm_debit.cards,0000,Indonesia (national),2025-01-01,326.065653,million units
bi_card_transactions.atm_debit.cards,0000,Indonesia (national),2025-02-01,323.431839,million units
bi_card_transactions.atm_debit.cards,0000,Indonesia (national),2025-03-01,322.909142,million units
bi_card_transactions.atm_debit.cards,0000,Indonesia (national),2025-04-01,312.365369,million units
bi_card_transactions.atm_debit.cards,0000,Indonesia (national),2025-05-01,317.242932,million units
bi_card_transactions.atm_debit.cards,0000,Indonesia (national),2025-06-01,322.52027599999997,million units
bi_card_transactions.atm_debit.cards,0000,Indonesia (national),2025-07-01,324.836363,million units
bi_card_transactions.atm_debit.cards,0000,Indonesia (national),2025-08-01,326.492129,million units
bi_card_transactions.atm_debit.cards,0000,Indonesia (national),2025-09-01,327.474044,million units
bi_card_transactions.atm_debit.cards,0000,Indonesia (national),2025-10-01,329.523284,million units
bi_card_transactions.atm_debit.cards,0000,Indonesia (national),2025-11-01,328.92975,million units
bi_card_transactions.atm_debit.cards,0000,Indonesia (national),2025-12-01,329.561914,million units
bi_card_transactions.atm_debit.cards,0000,Indonesia (national),2026-01-01,331.392155,million units
bi_card_transactions.atm_debit.cards,0000,Indonesia (national),2026-02-01,334.350573,million units
bi_card_transactions.atm_debit.cards,0000,Indonesia (national),2026-03-01,325.13102,million units
bi_card_transactions.atm_debit.cards,0000,Indonesia (national),2026-04-01,325.882927,million units
bi_card_transactions.atm_debit.cards,0000,Indonesia (national),2026-05-01,326.37319299999996,million units
bi_card_transactions.atm_debit.cards,0000,Indonesia (national),2026-06-01,332.282089,million units
bi_card_transactions.atm_debit.value,0000,Indonesia (national),2009-01-01,155146.58500000002,IDR billion
bi_card_transactions.atm_debit.value,0000,Indonesia (national),2009-02-01,138391.53499999997,IDR billion
bi_card_transactions.atm_debit.value,0000,Indonesia (national),2009-03-01,159533.788,IDR billion
bi_card_transactions.atm_debit.value,0000,Indonesia (national),2009-04-01,171034.86100000003,IDR billion
bi_card_transactions.atm_debit.value,0000,Indonesia (national),2009-05-01,133164.628,IDR billion
bi_card_transactions.atm_debit.value,0000,Indonesia (national),2009-06-01,140301.817,IDR billion
bi_card_transactions.atm_debit.value,0000,Indonesia (national),2009-07-01,149000.875,IDR billion
bi_card_transactions.atm_debit.value,0000,Indonesia (national),2009-08-01,151817.30099999998,IDR billion
bi_card_transactions.atm_debit.value,0000,Indonesia (national),2009-09-01,147828.303,IDR billion
bi_card_transactions.atm_debit.value,0000,Indonesia (national),2009-10-01,156358.13799999998,IDR billion
bi_card_transactions.atm_debit.value,0000,Indonesia (national),2009-11-01,145570.897,IDR billion
bi_card_transactions.atm_debit.value,0000,Indonesia (national),2009-12-01,163347.647,IDR billion
bi_card_transactions.atm_debit.value,0000,Indonesia (national),2010-01-01,154476.889,IDR billion
bi_card_transactions.atm_debit.value,0000,Indonesia (national),2010-02-01,139151.47400000002,IDR billion
bi_card_transactions.atm_debit.value,0000,Indonesia (national),2010-03-01,161393.178,IDR billion
bi_card_transactions.atm_debit.value,0000,Indonesia (national),2010-04-01,154648.123,IDR billion
bi_card_transactions.atm_debit.value,0000,Indonesia (national),2010-05-01,160455.234,IDR billion
bi_card_transactions.atm_debit.value,0000,Indonesia (national),2010-06-01,164871.79,IDR billion
bi_card_transactions.atm_debit.value,0000,Indonesia (national),2010-07-01,174943.047,IDR billion
bi_card_transactions.atm_debit.value,0000,Indonesia (national),2010-08-01,184138.487,IDR billion
bi_card_transactions.atm_debit.value,0000,Indonesia (national),2010-09-01,159521.52300000002,IDR billion
bi_card_transactions.atm_debit.value,0000,Indonesia (national),2010-10-01,175964.09300000002,IDR billion
bi_card_transactions.atm_debit.value,0000,Indonesia (national),2010-11-01,176392.673,IDR billion
bi_card_transactions.atm_debit.value,0000,Indonesia (national),2010-12-01,195896.68899999998,IDR billion
bi_card_transactions.atm_debit.value,0000,Indonesia (national),2011-01-01,194757.644,IDR billion
bi_card_transactions.atm_debit.value,0000,Indonesia (national),2011-02-01,175538.444,IDR billion
bi_card_transactions.atm_debit.value,0000,Indonesia (national),2011-03-01,193416.24599999998,IDR billion
bi_card_transactions.atm_debit.value,0000,Indonesia (national),2011-04-01,188214.253,IDR billion
bi_card_transactions.atm_debit.value,0000,Indonesia (national),2011-05-01,199493.99,IDR billion
bi_card_transactions.atm_debit.value,0000,Indonesia (national),2011-06-01,202145.52099999998,IDR billion
bi_card_transactions.atm_debit.value,0000,Indonesia (national),2011-07-01,221876.61200000002,IDR billion
bi_card_transactions.atm_debit.value,0000,Indonesia (national),2011-08-01,232801.422,IDR billion
bi_card_transactions.atm_debit.value,0000,Indonesia (national),2011-09-01,193497.38499999998,IDR billion
bi_card_transactions.atm_debit.value,0000,Indonesia (national),2011-10-01,220937.91100000002,IDR billion
bi_card_transactions.atm_debit.value,0000,Indonesia (national),2011-11-01,215554.94100000002,IDR billion
bi_card_transactions.atm_debit.value,0000,Indonesia (national),2011-12-01,238807.08,IDR billion
bi_card_transactions.atm_debit.value,0000,Indonesia (national),2012-01-01,229573.358620221,IDR billion
bi_card_transactions.atm_debit.value,0000,Indonesia (national),2012-02-01,225653.602854763,IDR billion
bi_card_transactions.atm_debit.value,0000,Indonesia (national),2012-03-01,241276.57848470806,IDR billion
bi_card_transactions.atm_debit.value,0000,Indonesia (national),2012-04-01,229045.41703624596,IDR billion
bi_card_transactions.atm_debit.value,0000,Indonesia (national),2012-05-01,250709.870237888,IDR billion
bi_card_transactions.atm_debit.value,0000,Indonesia (national),2012-06-01,265043.73934903194,IDR billion
bi_card_transactions.atm_debit.value,0000,Indonesia (national),2012-07-01,278324.68044742994,IDR billion
bi_card_transactions.atm_debit.value,0000,Indonesia (national),2012-08-01,270371.65057246806,IDR billion
bi_card_transactions.atm_debit.value,0000,Indonesia (national),2012-09-01,255836.8384982719,IDR billion
bi_card_transactions.atm_debit.value,0000,Indonesia (national),2012-10-01,264773.536078136,IDR billion
bi_card_transactions.atm_debit.value,0000,Indonesia (national),2012-11-01,266630.59078725235,IDR billion
bi_card_transactions.atm_debit.value,0000,Indonesia (national),2012-12-01,287840.179523144,IDR billion
bi_card_transactions.atm_debit.value,0000,Indonesia (national),2013-01-01,291301.584083466,IDR billion
bi_card_transactions.atm_debit.value,0000,Indonesia (national),2013-02-01,270283.989424927,IDR billion
bi_card_transactions.atm_debit.value,0000,Indonesia (national),2013-03-01,304755.771904869,IDR billion
bi_card_transactions.atm_debit.value,0000,Indonesia (national),2013-04-01,306129.993127135,IDR billion
bi_card_transactions.atm_debit.value,0000,Indonesia (national),2013-05-01,314308.26911114604,IDR billion
bi_card_transactions.atm_debit.value,0000,Indonesia (national),2013-06-01,313943.444043906,IDR billion
bi_card_transactions.atm_debit.value,0000,Indonesia (national),2013-07-01,360823.90404891694,IDR billion
bi_card_transactions.atm_debit.value,0000,Indonesia (national),2013-08-01,305842.39913638914,IDR billion
bi_card_transactions.atm_debit.value,0000,Indonesia (national),2013-09-01,315697.800128772,IDR billion
bi_card_transactions.atm_debit.value,0000,Indonesia (national),2013-10-01,333682.36354683083,IDR billion
bi_card_transactions.atm_debit.value,0000,Indonesia (national),2013-11-01,322216.0700726991,IDR billion
bi_card_transactions.atm_debit.value,0000,Indonesia (national),2013-12-01,358384.8491239128,IDR billion
bi_card_transactions.atm_debit.value,0000,Indonesia (national),2014-01-01,341819.8932705389,IDR billion
bi_card_transactions.atm_debit.value,0000,Indonesia (national),2014-02-01,318458.08016780205,IDR billion
bi_card_transactions.atm_debit.value,0000,Indonesia (national),2014-03-01,360189.9903783028,IDR billion
bi_card_transactions.atm_debit.value,0000,Indonesia (national),2014-04-01,343036.431445275,IDR billion
bi_card_transactions.atm_debit.value,0000,Indonesia (national),2014-05-01,373374.3962878789,IDR billion
bi_card_transactions.atm_debit.value,0000,Indonesia (national),2014-06-01,378459.393157577,IDR billion
bi_card_transactions.atm_debit.value,0000,Indonesia (national),2014-07-01,410167.49534634093,IDR billion
bi_card_transactions.atm_debit.value,0000,Indonesia (national),2014-08-01,361024.33468548825,IDR billion
bi_card_transactions.atm_debit.value,0000,Indonesia (national),2014-09-01,379226.1781727671,IDR billion
bi_card_transactions.atm_debit.value,0000,Indonesia (national),2014-10-01,384546.8352223891,IDR billion
bi_card_transactions.atm_debit.value,0000,Indonesia (national),2014-11-01,375898.20823675516,IDR billion
bi_card_transactions.atm_debit.value,0000,Indonesia (national),2014-12-01,418872.20062907,IDR billion
bi_card_transactions.atm_debit.value,0000,Indonesia (national),2015-01-01,387684.13411179103,IDR billion
bi_card_transactions.atm_debit.value,0000,Indonesia (national),2015-02-01,354339.85406048107,IDR billion
bi_card_transactions.atm_debit.value,0000,Indonesia (national),2015-03-01,399001.7995239039,IDR billion
bi_card_transactions.atm_debit.value,0000,Indonesia (national),2015-04-01,391571.080521227,IDR billion
bi_card_transactions.atm_debit.value,0000,Indonesia (national),2015-05-01,403391.92550269,IDR billion
bi_card_transactions.atm_debit.value,0000,Indonesia (national),2015-06-01,415057.0408219868,IDR billion
bi_card_transactions.atm_debit.value,0000,Indonesia (national),2015-07-01,434120.89801090304,IDR billion
bi_card_transactions.atm_debit.value,0000,Indonesia (national),2015-08-01,412077.57867364684,IDR billion
bi_card_transactions.atm_debit.value,0000,Indonesia (national),2015-09-01,403919.67677226185,IDR billion
bi_card_transactions.atm_debit.value,0000,Indonesia (national),2015-10-01,419768.12352511985,IDR billion
bi_card_transactions.atm_debit.value,0000,Indonesia (national),2015-11-01,412758.014549571,IDR billion
bi_card_transactions.atm_debit.value,0000,Indonesia (national),2015-12-01,464104.30903366103,IDR billion
bi_card_transactions.atm_debit.value,0000,Indonesia (national),2016-01-01,430262.4332567788,IDR billion
bi_card_transactions.atm_debit.value,0000,Indonesia (national),2016-02-01,412718.7643912851,IDR billion
bi_card_transactions.atm_debit.value,0000,Indonesia (national),2016-03-01,455676.51142939593,IDR billion
bi_card_transactions.atm_debit.value,0000,Indonesia (national),2016-04-01,445203.87200808484,IDR billion
bi_card_transactions.atm_debit.value,0000,Indonesia (national),2016-05-01,471020.73464625597,IDR billion
bi_card_transactions.atm_debit.value,0000,Indonesia (national),2016-06-01,522171.41413059575,IDR billion
bi_card_transactions.atm_debit.value,0000,Indonesia (national),2016-07-01,448006.9362043269,IDR billion
bi_card_transactions.atm_debit.value,0000,Indonesia (national),2016-08-01,484744.3813788441,IDR billion
bi_card_transactions.atm_debit.value,0000,Indonesia (national),2016-09-01,468704.68003599613,IDR billion
bi_card_transactions.atm_debit.value,0000,Indonesia (national),2016-10-01,479354.09834588517,IDR billion
bi_card_transactions.atm_debit.value,0000,Indonesia (national),2016-11-01,483137.5285776601,IDR billion
bi_card_transactions.atm_debit.value,0000,Indonesia (national),2016-12-01,522911.291451373,IDR billion
bi_card_transactions.atm_debit.value,0000,Indonesia (national),2017-01-01,482970.10303305194,IDR billion
bi_card_transactions.atm_debit.value,0000,Indonesia (national),2017-02-01,437494.3176867039,IDR billion
bi_card_transactions.atm_debit.value,0000,Indonesia (national),2017-03-01,502599.6700581349,IDR billion
bi_card_transactions.atm_debit.value,0000,Indonesia (national),2017-04-01,487332.764483282,IDR billion
bi_card_transactions.atm_debit.value,0000,Indonesia (national),2017-05-01,540310.6855445802,IDR billion
bi_card_transactions.atm_debit.value,0000,Indonesia (national),2017-06-01,550976.3259705259,IDR billion
bi_card_transactions.atm_debit.value,0000,Indonesia (national),2017-07-01,524794.9963718749,IDR billion
bi_card_transactions.atm_debit.value,0000,Indonesia (national),2017-08-01,545063.6711769181,IDR billion
bi_card_transactions.atm_debit.value,0000,Indonesia (national),2017-09-01,502058.71551623824,IDR billion
bi_card_transactions.atm_debit.value,0000,Indonesia (national),2017-10-01,533790.2618863849,IDR billion
bi_card_transactions.atm_debit.value,0000,Indonesia (national),2017-11-01,518536.4406788907,IDR billion
bi_card_transactions.atm_debit.value,0000,Indonesia (national),2017-12-01,574509.6837119821,IDR billion
bi_card_transactions.atm_debit.value,0000,Indonesia (national),2018-01-01,538217.1307996488,IDR billion
bi_card_transactions.atm_debit.value,0000,Indonesia (national),2018-02-01,495291.3095771351,IDR billion
bi_card_transactions.atm_debit.value,0000,Indonesia (national),2018-03-01,563083.4405723391,IDR billion
bi_card_transactions.atm_debit.value,0000,Indonesia (national),2018-04-01,549569.9838881441,IDR billion
bi_card_transactions.atm_debit.value,0000,Indonesia (national),2018-05-01,600905.2649707722,IDR billion
bi_card_transactions.atm_debit.value,0000,Indonesia (national),2018-06-01,574783.452683957,IDR billion
bi_card_transactions.atm_debit.value,0000,Indonesia (national),2018-07-01,595466.696855731,IDR billion
bi_card_transactions.atm_debit.value,0000,Indonesia (national),2018-08-01,595270.337726321,IDR billion
bi_card_transactions.atm_debit.value,0000,Indonesia (national),2018-09-01,569859.7284816551,IDR billion
bi_card_transactions.atm_debit.value,0000,Indonesia (national),2018-10-01,601908.4139356472,IDR billion
bi_card_transactions.atm_debit.value,0000,Indonesia (national),2018-11-01,592730.9419482729,IDR billion
bi_card_transactions.atm_debit.value,0000,Indonesia (national),2018-12-01,650180.8116771663,IDR billion
bi_card_transactions.atm_debit.value,0000,Indonesia (national),2019-01-01,621082.4442250209,IDR billion
bi_card_transactions.atm_debit.value,0000,Indonesia (national),2019-02-01,577656.7072050391,IDR billion
bi_card_transactions.atm_debit.value,0000,Indonesia (national),2019-03-01,619179.344484386,IDR billion
bi_card_transactions.atm_debit.value,0000,Indonesia (national),2019-04-01,613167.3549492259,IDR billion
bi_card_transactions.atm_debit.value,0000,Indonesia (national),2019-05-01,730938.6080478922,IDR billion
bi_card_transactions.atm_debit.value,0000,Indonesia (national),2019-06-01,543844.9938319947,IDR billion
bi_card_transactions.atm_debit.value,0000,Indonesia (national),2019-07-01,674511.0966399999,IDR billion
bi_card_transactions.atm_debit.value,0000,Indonesia (national),2019-08-01,619441.5585499996,IDR billion
bi_card_transactions.atm_debit.value,0000,Indonesia (national),2019-09-01,594507.26289,IDR billion
bi_card_transactions.atm_debit.value,0000,Indonesia (national),2019-10-01,620972.2439499999,IDR billion
bi_card_transactions.atm_debit.value,0000,Indonesia (national),2019-11-01,606203.4884099999,IDR billion
bi_card_transactions.atm_debit.value,0000,Indonesia (national),2019-12-01,653318.71269,IDR billion
bi_card_transactions.atm_debit.value,0000,Indonesia (national),2020-01-01,605499.5063199999,IDR billion
bi_card_transactions.atm_debit.value,0000,Indonesia (national),2020-02-01,583732.7532699996,IDR billion
bi_card_transactions.atm_debit.value,0000,Indonesia (national),2020-03-01,586043.4860500002,IDR billion
bi_card_transactions.atm_debit.value,0000,Indonesia (national),2020-04-01,494528.40038611984,IDR billion
bi_card_transactions.atm_debit.value,0000,Indonesia (national),2020-05-01,554747.1998499997,IDR billion
bi_card_transactions.atm_debit.value,0000,Indonesia (national),2020-06-01,475150.2862429541,IDR billion
bi_card_transactions.atm_debit.value,0000,Indonesia (national),2020-07-01,583121.1231,IDR billion
bi_card_transactions.atm_debit.value,0000,Indonesia (national),2020-08-01,579779.33519,IDR billion
bi_card_transactions.atm_debit.value,0000,Indonesia (national),2020-09-01,569952.4388299999,IDR billion
bi_card_transactions.atm_debit.value,0000,Indonesia (national),2020-10-01,607251.33462,IDR billion
bi_card_transactions.atm_debit.value,0000,Indonesia (national),2020-11-01,602759.0415100001,IDR billion
bi_card_transactions.atm_debit.value,0000,Indonesia (national),2020-12-01,674310.3236700002,IDR billion
bi_card_transactions.atm_debit.value,0000,Indonesia (national),2021-01-01,603529.7674700001,IDR billion
bi_card_transactions.atm_debit.value,0000,Indonesia (national),2021-02-01,562352.6798599999,IDR billion
bi_card_transactions.atm_debit.value,0000,Indonesia (national),2021-03-01,647234.2090100002,IDR billion
bi_card_transactions.atm_debit.value,0000,Indonesia (national),2021-04-01,659566.5248499997,IDR billion
bi_card_transactions.atm_debit.value,0000,Indonesia (national),2021-05-01,669967.7259499999,IDR billion
bi_card_transactions.atm_debit.value,0000,Indonesia (national),2021-06-01,640040.8741399999,IDR billion
bi_card_transactions.atm_debit.value,0000,Indonesia (national),2021-07-01,624895.4101446022,IDR billion
bi_card_transactions.atm_debit.value,0000,Indonesia (national),2021-08-01,613273.28384,IDR billion
bi_card_transactions.atm_debit.value,0000,Indonesia (national),2021-09-01,637516.32429,IDR billion
bi_card_transactions.atm_debit.value,0000,Indonesia (national),2021-10-01,642829.7673599999,IDR billion
bi_card_transactions.atm_debit.value,0000,Indonesia (national),2021-11-01,651386.2760899998,IDR billion
bi_card_transactions.atm_debit.value,0000,Indonesia (national),2021-12-01,724591.91955,IDR billion
bi_card_transactions.atm_debit.value,0000,Indonesia (national),2022-01-01,628906.642108028,IDR billion
bi_card_transactions.atm_debit.value,0000,Indonesia (national),2022-02-01,577176.3497993669,IDR billion
bi_card_transactions.atm_debit.value,0000,Indonesia (national),2022-03-01,677587.0176576569,IDR billion
bi_card_transactions.atm_debit.value,0000,Indonesia (national),2022-04-01,738911.073184757,IDR billion
bi_card_transactions.atm_debit.value,0000,Indonesia (national),2022-05-01,605275.164197851,IDR billion
bi_card_transactions.atm_debit.value,0000,Indonesia (national),2022-06-01,631219.1905017893,IDR billion
bi_card_transactions.atm_debit.value,0000,Indonesia (national),2022-07-01,712991.1643491898,IDR billion
bi_card_transactions.atm_debit.value,0000,Indonesia (national),2022-08-01,694130.0208911689,IDR billion
bi_card_transactions.atm_debit.value,0000,Indonesia (national),2022-09-01,657971.4769573701,IDR billion
bi_card_transactions.atm_debit.value,0000,Indonesia (national),2022-10-01,660831.0260728229,IDR billion
bi_card_transactions.atm_debit.value,0000,Indonesia (national),2022-11-01,635201.058168014,IDR billion
bi_card_transactions.atm_debit.value,0000,Indonesia (national),2022-12-01,701426.8767683815,IDR billion
bi_card_transactions.atm_debit.value,0000,Indonesia (national),2023-01-01,642860.097140337,IDR billion
bi_card_transactions.atm_debit.value,0000,Indonesia (national),2023-02-01,590221.0587243871,IDR billion
bi_card_transactions.atm_debit.value,0000,Indonesia (national),2023-03-01,671114.3586451841,IDR billion
bi_card_transactions.atm_debit.value,0000,Indonesia (national),2023-04-01,707542.2591981308,IDR billion
bi_card_transactions.atm_debit.value,0000,Indonesia (national),2023-05-01,650335.4136551839,IDR billion
bi_card_transactions.atm_debit.value,0000,Indonesia (national),2023-06-01,660231.5294078408,IDR billion
bi_card_transactions.atm_debit.value,0000,Indonesia (national),2023-07-01,671771.5997453769,IDR billion
bi_card_transactions.atm_debit.value,0000,Indonesia (national),2023-08-01,644778.0325205688,IDR billion
bi_card_transactions.atm_debit.value,0000,Indonesia (national),2023-09-01,621227.0100614978,IDR billion
bi_card_transactions.atm_debit.value,0000,Indonesia (national),2023-10-01,630795.4178504808,IDR billion
bi_card_transactions.atm_debit.value,0000,Indonesia (national),2023-11-01,628025.2575804023,IDR billion
bi_card_transactions.atm_debit.value,0000,Indonesia (national),2023-12-01,686722.158833634,IDR billion
bi_card_transactions.atm_debit.value,0000,Indonesia (national),2024-01-01,593433.0511575767,IDR billion
bi_card_transactions.atm_debit.value,0000,Indonesia (national),2024-02-01,583367.666695763,IDR billion
bi_card_transactions.atm_debit.value,0000,Indonesia (national),2024-03-01,654964.881835446,IDR billion
bi_card_transactions.atm_debit.value,0000,Indonesia (national),2024-04-01,617074.9400367538,IDR billion
bi_card_transactions.atm_debit.value,0000,Indonesia (national),2024-05-01,611033.2482936298,IDR billion
bi_card_transactions.atm_debit.value,0000,Indonesia (national),2024-06-01,604828.6222707459,IDR billion
bi_card_transactions.atm_debit.value,0000,Indonesia (national),2024-07-01,610037.9536889561,IDR billion
bi_card_transactions.atm_debit.value,0000,Indonesia (national),2024-08-01,590765.7614173689,IDR billion
bi_card_transactions.atm_debit.value,0000,Indonesia (national),2024-09-01,555731.862373173,IDR billion
bi_card_transactions.atm_debit.value,0000,Indonesia (national),2024-10-01,572802.1380415169,IDR billion
bi_card_transactions.atm_debit.value,0000,Indonesia (national),2024-11-01,536803.6277339751,IDR billion
bi_card_transactions.atm_debit.value,0000,Indonesia (national),2024-12-01,665901.2848648229,IDR billion
bi_card_transactions.atm_debit.value,0000,Indonesia (national),2025-01-01,617075.2553122619,IDR billion
bi_card_transactions.atm_debit.value,0000,Indonesia (national),2025-02-01,586622.3127149967,IDR billion
bi_card_transactions.atm_debit.value,0000,Indonesia (national),2025-03-01,721315.2020889681,IDR billion
bi_card_transactions.atm_debit.value,0000,Indonesia (national),2025-04-01,566049.1847276541,IDR billion
bi_card_transactions.atm_debit.value,0000,Indonesia (national),2025-05-01,627390.4464144729,IDR billion
bi_card_transactions.atm_debit.value,0000,Indonesia (national),2025-06-01,668566.247871243,IDR billion
bi_card_transactions.atm_debit.value,0000,Indonesia (national),2025-07-01,632514.4168970088,IDR billion
bi_card_transactions.atm_debit.value,0000,Indonesia (national),2025-08-01,623383.800992094,IDR billion
bi_card_transactions.atm_debit.value,0000,Indonesia (national),2025-09-01,602332.91297,IDR billion
bi_card_transactions.atm_debit.value,0000,Indonesia (national),2025-10-01,634489.1512583754,IDR billion
bi_card_transactions.atm_debit.value,0000,Indonesia (national),2025-11-01,631687.4252391648,IDR billion
bi_card_transactions.atm_debit.value,0000,Indonesia (national),2025-12-01,665398.076775049,IDR billion
bi_card_transactions.atm_debit.value,0000,Indonesia (national),2026-01-01,615201.1913334364,IDR billion
bi_card_transactions.atm_debit.value,0000,Indonesia (national),2026-02-01,592684.6816784219,IDR billion
bi_card_transactions.atm_debit.value,0000,Indonesia (national),2026-03-01,682523.9514626565,IDR billion
bi_card_transactions.atm_debit.value,0000,Indonesia (national),2026-04-01,589158.8820882931,IDR billion
bi_card_transactions.atm_debit.value,0000,Indonesia (national),2026-05-01,632424.0206230563,IDR billion
bi_card_transactions.atm_debit.value,0000,Indonesia (national),2026-06-01,620151.2901912632,IDR billion
bi_card_transactions.atm_debit.volume,0000,Indonesia (national),2009-01-01,117718.59500000002,thousand transactions
bi_card_transactions.atm_debit.volume,0000,Indonesia (national),2009-02-01,107473.033,thousand transactions
bi_card_transactions.atm_debit.volume,0000,Indonesia (national),2009-03-01,125964.90500000001,thousand transactions
bi_card_transactions.atm_debit.volume,0000,Indonesia (national),2009-04-01,120527.44499999999,thousand transactions
bi_card_transactions.atm_debit.volume,0000,Indonesia (national),2009-05-01,122622.49799999999,thousand transactions
bi_card_transactions.atm_debit.volume,0000,Indonesia (national),2009-06-01,127092.121,thousand transactions
bi_card_transactions.atm_debit.volume,0000,Indonesia (national),2009-07-01,134697.143,thousand transactions
bi_card_transactions.atm_debit.volume,0000,Indonesia (national),2009-08-01,137585.996,thousand transactions
bi_card_transactions.atm_debit.volume,0000,Indonesia (national),2009-09-01,139008.71500000003,thousand transactions
bi_card_transactions.atm_debit.volume,0000,Indonesia (national),2009-10-01,144875.682,thousand transactions
bi_card_transactions.atm_debit.volume,0000,Indonesia (national),2009-11-01,134608.566,thousand transactions
bi_card_transactions.atm_debit.volume,0000,Indonesia (national),2009-12-01,148986.974,thousand transactions
bi_card_transactions.atm_debit.volume,0000,Indonesia (national),2010-01-01,142304.378,thousand transactions
bi_card_transactions.atm_debit.volume,0000,Indonesia (national),2010-02-01,129115.114,thousand transactions
bi_card_transactions.atm_debit.volume,0000,Indonesia (national),2010-03-01,146331.363,thousand transactions
bi_card_transactions.atm_debit.volume,0000,Indonesia (national),2010-04-01,142328.615,thousand transactions
bi_card_transactions.atm_debit.volume,0000,Indonesia (national),2010-05-01,150197.77599999998,thousand transactions
bi_card_transactions.atm_debit.volume,0000,Indonesia (national),2010-06-01,149585.036,thousand transactions
bi_card_transactions.atm_debit.volume,0000,Indonesia (national),2010-07-01,157276.639,thousand transactions
bi_card_transactions.atm_debit.volume,0000,Indonesia (national),2010-08-01,162414.702,thousand transactions
bi_card_transactions.atm_debit.volume,0000,Indonesia (national),2010-09-01,148209.87199999997,thousand transactions
bi_card_transactions.atm_debit.volume,0000,Indonesia (national),2010-10-01,157496.10700000002,thousand transactions
bi_card_transactions.atm_debit.volume,0000,Indonesia (national),2010-11-01,156142.46899999998,thousand transactions
bi_card_transactions.atm_debit.volume,0000,Indonesia (national),2010-12-01,170673.81,thousand transactions
bi_card_transactions.atm_debit.volume,0000,Indonesia (national),2011-01-01,173062.56900000002,thousand transactions
bi_card_transactions.atm_debit.volume,0000,Indonesia (national),2011-02-01,158448.97600000002,thousand transactions
bi_card_transactions.atm_debit.volume,0000,Indonesia (national),2011-03-01,175069.44799999997,thousand transactions
bi_card_transactions.atm_debit.volume,0000,Indonesia (national),2011-04-01,172946.279,thousand transactions
bi_card_transactions.atm_debit.volume,0000,Indonesia (national),2011-05-01,182193.673,thousand transactions
bi_card_transactions.atm_debit.volume,0000,Indonesia (national),2011-06-01,186019.56300000002,thousand transactions
bi_card_transactions.atm_debit.volume,0000,Indonesia (national),2011-07-01,202840.41000000003,thousand transactions
bi_card_transactions.atm_debit.volume,0000,Indonesia (national),2011-08-01,211111.086,thousand transactions
bi_card_transactions.atm_debit.volume,0000,Indonesia (national),2011-09-01,178482.796,thousand transactions
bi_card_transactions.atm_debit.volume,0000,Indonesia (national),2011-10-01,204776.90899999999,thousand transactions
bi_card_transactions.atm_debit.volume,0000,Indonesia (national),2011-11-01,198252.545,thousand transactions
bi_card_transactions.atm_debit.volume,0000,Indonesia (national),2011-12-01,219095.179,thousand transactions
bi_card_transactions.atm_debit.volume,0000,Indonesia (national),2012-01-01,207902.27300000002,thousand transactions
bi_card_transactions.atm_debit.volume,0000,Indonesia (national),2012-02-01,202857.09599999996,thousand transactions
bi_card_transactions.atm_debit.volume,0000,Indonesia (national),2012-03-01,225448.43800000002,thousand transactions
bi_card_transactions.atm_debit.volume,0000,Indonesia (national),2012-04-01,213400.076,thousand transactions
bi_card_transactions.atm_debit.volume,0000,Indonesia (national),2012-05-01,231958.795,thousand transactions
bi_card_transactions.atm_debit.volume,0000,Indonesia (national),2012-06-01,243241.70400000003,thousand transactions
bi_card_transactions.atm_debit.volume,0000,Indonesia (national),2012-07-01,251360.31600000002,thousand transactions
bi_card_transactions.atm_debit.volume,0000,Indonesia (national),2012-08-01,250417.69999999995,thousand transactions
bi_card_transactions.atm_debit.volume,0000,Indonesia (national),2012-09-01,237818.23300000004,thousand transactions
bi_card_transactions.atm_debit.volume,0000,Indonesia (national),2012-10-01,242483.69056205265,thousand transactions
bi_card_transactions.atm_debit.volume,0000,Indonesia (national),2012-11-01,247648.14503819484,thousand transactions
bi_card_transactions.atm_debit.volume,0000,Indonesia (national),2012-12-01,269571.843,thousand transactions
bi_card_transactions.atm_debit.volume,0000,Indonesia (national),2013-01-01,267120.564,thousand transactions
bi_card_transactions.atm_debit.volume,0000,Indonesia (national),2013-02-01,244816.66100000002,thousand transactions
bi_card_transactions.atm_debit.volume,0000,Indonesia (national),2013-03-01,280805.277,thousand transactions
bi_card_transactions.atm_debit.volume,0000,Indonesia (national),2013-04-01,283160.069,thousand transactions
bi_card_transactions.atm_debit.volume,0000,Indonesia (national),2013-05-01,289372.996,thousand transactions
bi_card_transactions.atm_debit.volume,0000,Indonesia (national),2013-06-01,285433.493,thousand transactions
bi_card_transactions.atm_debit.volume,0000,Indonesia (national),2013-07-01,315785.902,thousand transactions
bi_card_transactions.atm_debit.volume,0000,Indonesia (national),2013-08-01,283304.564,thousand transactions
bi_card_transactions.atm_debit.volume,0000,Indonesia (national),2013-09-01,284941.74199999997,thousand transactions
bi_card_transactions.atm_debit.volume,0000,Indonesia (national),2013-10-01,306630.36199999996,thousand transactions
bi_card_transactions.atm_debit.volume,0000,Indonesia (national),2013-11-01,295724.823,thousand transactions
bi_card_transactions.atm_debit.volume,0000,Indonesia (national),2013-12-01,324053.412,thousand transactions
bi_card_transactions.atm_debit.volume,0000,Indonesia (national),2014-01-01,311083.581,thousand transactions
bi_card_transactions.atm_debit.volume,0000,Indonesia (national),2014-02-01,290817.419,thousand transactions
bi_card_transactions.atm_debit.volume,0000,Indonesia (national),2014-03-01,337092.307,thousand transactions
bi_card_transactions.atm_debit.volume,0000,Indonesia (national),2014-04-01,319886.28699999995,thousand transactions
bi_card_transactions.atm_debit.volume,0000,Indonesia (national),2014-05-01,343463.495,thousand transactions
bi_card_transactions.atm_debit.volume,0000,Indonesia (national),2014-06-01,341372.52800000005,thousand transactions
bi_card_transactions.atm_debit.volume,0000,Indonesia (national),2014-07-01,369783.149,thousand transactions
bi_card_transactions.atm_debit.volume,0000,Indonesia (national),2014-08-01,332086.435,thousand transactions
bi_card_transactions.atm_debit.volume,0000,Indonesia (national),2014-09-01,344541.207,thousand transactions
bi_card_transactions.atm_debit.volume,0000,Indonesia (national),2014-10-01,354411.263,thousand transactions
bi_card_transactions.atm_debit.volume,0000,Indonesia (national),2014-11-01,350935.855,thousand transactions
bi_card_transactions.atm_debit.volume,0000,Indonesia (national),2014-12-01,382222.638,thousand transactions
bi_card_transactions.atm_debit.volume,0000,Indonesia (national),2015-01-01,362710.637,thousand transactions
bi_card_transactions.atm_debit.volume,0000,Indonesia (national),2015-02-01,337478.592,thousand transactions
bi_card_transactions.atm_debit.volume,0000,Indonesia (national),2015-03-01,376644.533,thousand transactions
bi_card_transactions.atm_debit.volume,0000,Indonesia (national),2015-04-01,370384.292,thousand transactions
bi_card_transactions.atm_debit.volume,0000,Indonesia (national),2015-05-01,383589.181,thousand transactions
bi_card_transactions.atm_debit.volume,0000,Indonesia (national),2015-06-01,379309.141,thousand transactions
bi_card_transactions.atm_debit.volume,0000,Indonesia (national),2015-07-01,397157.596,thousand transactions
bi_card_transactions.atm_debit.volume,0000,Indonesia (national),2015-08-01,380438.719,thousand transactions
bi_card_transactions.atm_debit.volume,0000,Indonesia (national),2015-09-01,375894.52099999995,thousand transactions
bi_card_transactions.atm_debit.volume,0000,Indonesia (national),2015-10-01,394234.619,thousand transactions
bi_card_transactions.atm_debit.volume,0000,Indonesia (national),2015-11-01,389887.019,thousand transactions
bi_card_transactions.atm_debit.volume,0000,Indonesia (national),2015-12-01,426658.783,thousand transactions
bi_card_transactions.atm_debit.volume,0000,Indonesia (national),2016-01-01,405682.51,thousand transactions
bi_card_transactions.atm_debit.volume,0000,Indonesia (national),2016-02-01,387271.612,thousand transactions
bi_card_transactions.atm_debit.volume,0000,Indonesia (national),2016-03-01,426856.817,thousand transactions
bi_card_transactions.atm_debit.volume,0000,Indonesia (national),2016-04-01,418875.34299999994,thousand transactions
bi_card_transactions.atm_debit.volume,0000,Indonesia (national),2016-05-01,437023.644,thousand transactions
bi_card_transactions.atm_debit.volume,0000,Indonesia (national),2016-06-01,457305.29299999995,thousand transactions
bi_card_transactions.atm_debit.volume,0000,Indonesia (national),2016-07-01,420393.639,thousand transactions
bi_card_transactions.atm_debit.volume,0000,Indonesia (national),2016-08-01,441025.99299999996,thousand transactions
bi_card_transactions.atm_debit.volume,0000,Indonesia (national),2016-09-01,432803.58499999996,thousand transactions
bi_card_transactions.atm_debit.volume,0000,Indonesia (national),2016-10-01,446659.893,thousand transactions
bi_card_transactions.atm_debit.volume,0000,Indonesia (national),2016-11-01,447003.19499999995,thousand transactions
bi_card_transactions.atm_debit.volume,0000,Indonesia (national),2016-12-01,475610.928,thousand transactions
bi_card_transactions.atm_debit.volume,0000,Indonesia (national),2017-01-01,441632.83099999995,thousand transactions
bi_card_transactions.atm_debit.volume,0000,Indonesia (national),2017-02-01,404433.41300000006,thousand transactions
bi_card_transactions.atm_debit.volume,0000,Indonesia (national),2017-03-01,468687.446,thousand transactions
bi_card_transactions.atm_debit.volume,0000,Indonesia (national),2017-04-01,451827.17400000006,thousand transactions
bi_card_transactions.atm_debit.volume,0000,Indonesia (national),2017-05-01,490852.83599999995,thousand transactions
bi_card_transactions.atm_debit.volume,0000,Indonesia (national),2017-06-01,495129.624,thousand transactions
bi_card_transactions.atm_debit.volume,0000,Indonesia (national),2017-07-01,471900.723,thousand transactions
bi_card_transactions.atm_debit.volume,0000,Indonesia (national),2017-08-01,492612.973,thousand transactions
bi_card_transactions.atm_debit.volume,0000,Indonesia (national),2017-09-01,466634.767,thousand transactions
bi_card_transactions.atm_debit.volume,0000,Indonesia (national),2017-10-01,496621.435,thousand transactions
bi_card_transactions.atm_debit.volume,0000,Indonesia (national),2017-11-01,483423.26099999994,thousand transactions
bi_card_transactions.atm_debit.volume,0000,Indonesia (national),2017-12-01,529470.069,thousand transactions
bi_card_transactions.atm_debit.volume,0000,Indonesia (national),2018-01-01,502611.96300000005,thousand transactions
bi_card_transactions.atm_debit.volume,0000,Indonesia (national),2018-02-01,466027.116,thousand transactions
bi_card_transactions.atm_debit.volume,0000,Indonesia (national),2018-03-01,530232.506,thousand transactions
bi_card_transactions.atm_debit.volume,0000,Indonesia (national),2018-04-01,512242.783,thousand transactions
bi_card_transactions.atm_debit.volume,0000,Indonesia (national),2018-05-01,546349.7579999999,thousand transactions
bi_card_transactions.atm_debit.volume,0000,Indonesia (national),2018-06-01,523777.9639999999,thousand transactions
bi_card_transactions.atm_debit.volume,0000,Indonesia (national),2018-07-01,544424.173,thousand transactions
bi_card_transactions.atm_debit.volume,0000,Indonesia (national),2018-08-01,545693.449,thousand transactions
bi_card_transactions.atm_debit.volume,0000,Indonesia (national),2018-09-01,528158.444,thousand transactions
bi_card_transactions.atm_debit.volume,0000,Indonesia (national),2018-10-01,555903.387,thousand transactions
bi_card_transactions.atm_debit.volume,0000,Indonesia (national),2018-11-01,555589.238,thousand transactions
bi_card_transactions.atm_debit.volume,0000,Indonesia (national),2018-12-01,597107.6120000001,thousand transactions
bi_card_transactions.atm_debit.volume,0000,Indonesia (national),2019-01-01,561271.909,thousand transactions
bi_card_transactions.atm_debit.volume,0000,Indonesia (national),2019-02-01,531467.797,thousand transactions
bi_card_transactions.atm_debit.volume,0000,Indonesia (national),2019-03-01,582391.274,thousand transactions
bi_card_transactions.atm_debit.volume,0000,Indonesia (national),2019-04-01,573792.392,thousand transactions
bi_card_transactions.atm_debit.volume,0000,Indonesia (national),2019-05-01,633817.978,thousand transactions
bi_card_transactions.atm_debit.volume,0000,Indonesia (national),2019-06-01,559405.998,thousand transactions
bi_card_transactions.atm_debit.volume,0000,Indonesia (national),2019-07-01,609703.2097581453,thousand transactions
bi_card_transactions.atm_debit.volume,0000,Indonesia (national),2019-08-01,566397.502,thousand transactions
bi_card_transactions.atm_debit.volume,0000,Indonesia (national),2019-09-01,572805.378,thousand transactions
bi_card_transactions.atm_debit.volume,0000,Indonesia (national),2019-10-01,636852.2880000001,thousand transactions
bi_card_transactions.atm_debit.volume,0000,Indonesia (national),2019-11-01,582130.365,thousand transactions
bi_card_transactions.atm_debit.volume,0000,Indonesia (national),2019-12-01,616926.599,thousand transactions
bi_card_transactions.atm_debit.volume,0000,Indonesia (national),2020-01-01,576535.978,thousand transactions
bi_card_transactions.atm_debit.volume,0000,Indonesia (national),2020-02-01,557071.672,thousand transactions
bi_card_transactions.atm_debit.volume,0000,Indonesia (national),2020-03-01,561258.0360000001,thousand transactions
bi_card_transactions.atm_debit.volume,0000,Indonesia (national),2020-04-01,477240.69200000004,thousand transactions
bi_card_transactions.atm_debit.volume,0000,Indonesia (national),2020-05-01,527197.189,thousand transactions
bi_card_transactions.atm_debit.volume,0000,Indonesia (national),2020-06-01,459583.245,thousand transactions
bi_card_transactions.atm_debit.volume,0000,Indonesia (national),2020-07-01,560846.6490000001,thousand transactions
bi_card_transactions.atm_debit.volume,0000,Indonesia (national),2020-08-01,563250.383,thousand transactions
bi_card_transactions.atm_debit.volume,0000,Indonesia (national),2020-09-01,560531.4709999999,thousand transactions
bi_card_transactions.atm_debit.volume,0000,Indonesia (national),2020-10-01,590758.795,thousand transactions
bi_card_transactions.atm_debit.volume,0000,Indonesia (national),2020-11-01,585224.755,thousand transactions
bi_card_transactions.atm_debit.volume,0000,Indonesia (national),2020-12-01,639033.67,thousand transactions
bi_card_transactions.atm_debit.volume,0000,Indonesia (national),2021-01-01,578624.375,thousand transactions
bi_card_transactions.atm_debit.volume,0000,Indonesia (national),2021-02-01,532685.9419999999,thousand transactions
bi_card_transactions.atm_debit.volume,0000,Indonesia (national),2021-03-01,613646.245,thousand transactions
bi_card_transactions.atm_debit.volume,0000,Indonesia (national),2021-04-01,608722.821,thousand transactions
bi_card_transactions.atm_debit.volume,0000,Indonesia (national),2021-05-01,626924.012,thousand transactions
bi_card_transactions.atm_debit.volume,0000,Indonesia (national),2021-06-01,606657.048,thousand transactions
bi_card_transactions.atm_debit.volume,0000,Indonesia (national),2021-07-01,604907.3680000001,thousand transactions
bi_card_transactions.atm_debit.volume,0000,Indonesia (national),2021-08-01,594284.91,thousand transactions
bi_card_transactions.atm_debit.volume,0000,Indonesia (national),2021-09-01,607797.524,thousand transactions
bi_card_transactions.atm_debit.volume,0000,Indonesia (national),2021-10-01,605614.157,thousand transactions
bi_card_transactions.atm_debit.volume,0000,Indonesia (national),2021-11-01,606549.1830000001,thousand transactions
bi_card_transactions.atm_debit.volume,0000,Indonesia (national),2021-12-01,654701.6980000001,thousand transactions
bi_card_transactions.atm_debit.volume,0000,Indonesia (national),2022-01-01,615999.703,thousand transactions
bi_card_transactions.atm_debit.volume,0000,Indonesia (national),2022-02-01,551260.389,thousand transactions
bi_card_transactions.atm_debit.volume,0000,Indonesia (national),2022-03-01,637264.9269999999,thousand transactions
bi_card_transactions.atm_debit.volume,0000,Indonesia (national),2022-04-01,653620.096,thousand transactions
bi_card_transactions.atm_debit.volume,0000,Indonesia (national),2022-05-01,586711.348,thousand transactions
bi_card_transactions.atm_debit.volume,0000,Indonesia (national),2022-06-01,597486.3439999999,thousand transactions
bi_card_transactions.atm_debit.volume,0000,Indonesia (national),2022-07-01,669154.457,thousand transactions
bi_card_transactions.atm_debit.volume,0000,Indonesia (national),2022-08-01,659060.2540000001,thousand transactions
bi_card_transactions.atm_debit.volume,0000,Indonesia (national),2022-09-01,640407.624,thousand transactions
bi_card_transactions.atm_debit.volume,0000,Indonesia (national),2022-10-01,648646.274,thousand transactions
bi_card_transactions.atm_debit.volume,0000,Indonesia (national),2022-11-01,621842.3829999999,thousand transactions
bi_card_transactions.atm_debit.volume,0000,Indonesia (national),2022-12-01,676563.913,thousand transactions
bi_card_transactions.atm_debit.volume,0000,Indonesia (national),2023-01-01,629178.6980000001,thousand transactions
bi_card_transactions.atm_debit.volume,0000,Indonesia (national),2023-02-01,577349.265,thousand transactions
bi_card_transactions.atm_debit.volume,0000,Indonesia (national),2023-03-01,649407.1359999999,thousand transactions
bi_card_transactions.atm_debit.volume,0000,Indonesia (national),2023-04-01,659958.213,thousand transactions
bi_card_transactions.atm_debit.volume,0000,Indonesia (national),2023-05-01,627746.83,thousand transactions
bi_card_transactions.atm_debit.volume,0000,Indonesia (national),2023-06-01,634003.164,thousand transactions
bi_card_transactions.atm_debit.volume,0000,Indonesia (national),2023-07-01,646855.949,thousand transactions
bi_card_transactions.atm_debit.volume,0000,Indonesia (national),2023-08-01,635226.827,thousand transactions
bi_card_transactions.atm_debit.volume,0000,Indonesia (national),2023-09-01,619731.4770000001,thousand transactions
bi_card_transactions.atm_debit.volume,0000,Indonesia (national),2023-10-01,630375.529,thousand transactions
bi_card_transactions.atm_debit.volume,0000,Indonesia (national),2023-11-01,631652.599,thousand transactions
bi_card_transactions.atm_debit.volume,0000,Indonesia (national),2023-12-01,664505.58,thousand transactions
bi_card_transactions.atm_debit.volume,0000,Indonesia (national),2024-01-01,583024.753,thousand transactions
bi_card_transactions.atm_debit.volume,0000,Indonesia (national),2024-02-01,569621.4180000001,thousand transactions
bi_card_transactions.atm_debit.volume,0000,Indonesia (national),2024-03-01,620719.3910000001,thousand transactions
bi_card_transactions.atm_debit.volume,0000,Indonesia (national),2024-04-01,579974.02,thousand transactions
bi_card_transactions.atm_debit.volume,0000,Indonesia (national),2024-05-01,589145.997,thousand transactions
bi_card_transactions.atm_debit.volume,0000,Indonesia (national),2024-06-01,580816.522,thousand transactions
bi_card_transactions.atm_debit.volume,0000,Indonesia (national),2024-07-01,584945.471,thousand transactions
bi_card_transactions.atm_debit.volume,0000,Indonesia (national),2024-08-01,581330.0310000001,thousand transactions
bi_card_transactions.atm_debit.volume,0000,Indonesia (national),2024-09-01,555095.835,thousand transactions
bi_card_transactions.atm_debit.volume,0000,Indonesia (national),2024-10-01,572093.473,thousand transactions
bi_card_transactions.atm_debit.volume,0000,Indonesia (national),2024-11-01,526515.115,thousand transactions
bi_card_transactions.atm_debit.volume,0000,Indonesia (national),2024-12-01,610653.006,thousand transactions
bi_card_transactions.atm_debit.volume,0000,Indonesia (national),2025-01-01,564959.3770000001,thousand transactions
bi_card_transactions.atm_debit.volume,0000,Indonesia (national),2025-02-01,534192.566,thousand transactions
bi_card_transactions.atm_debit.volume,0000,Indonesia (national),2025-03-01,614434.1950000001,thousand transactions
bi_card_transactions.atm_debit.volume,0000,Indonesia (national),2025-04-01,504415.185,thousand transactions
bi_card_transactions.atm_debit.volume,0000,Indonesia (national),2025-05-01,560154.493,thousand transactions
bi_card_transactions.atm_debit.volume,0000,Indonesia (national),2025-06-01,569945.235,thousand transactions
bi_card_transactions.atm_debit.volume,0000,Indonesia (national),2025-07-01,565603.191,thousand transactions
bi_card_transactions.atm_debit.volume,0000,Indonesia (national),2025-08-01,555042.2070000002,thousand transactions
bi_card_transactions.atm_debit.volume,0000,Indonesia (national),2025-09-01,538373.0660000001,thousand transactions
bi_card_transactions.atm_debit.volume,0000,Indonesia (national),2025-10-01,559706.904,thousand transactions
bi_card_transactions.atm_debit.volume,0000,Indonesia (national),2025-11-01,554852.407,thousand transactions
bi_card_transactions.atm_debit.volume,0000,Indonesia (national),2025-12-01,564439.019,thousand transactions
bi_card_transactions.atm_debit.volume,0000,Indonesia (national),2026-01-01,524966.6320000002,thousand transactions
bi_card_transactions.atm_debit.volume,0000,Indonesia (national),2026-02-01,494555.88300000003,thousand transactions
bi_card_transactions.atm_debit.volume,0000,Indonesia (national),2026-03-01,551026.1290000001,thousand transactions
bi_card_transactions.atm_debit.volume,0000,Indonesia (national),2026-04-01,496977.108,thousand transactions
bi_card_transactions.atm_debit.volume,0000,Indonesia (national),2026-05-01,538957.8970000005,thousand transactions
bi_card_transactions.atm_debit.volume,0000,Indonesia (national),2026-06-01,520147.12600000005,thousand transactions
bi_card_transactions.credit.cards,0000,Indonesia (national),2009-01-01,11.562572,million units
bi_card_transactions.credit.cards,0000,Indonesia (national),2009-02-01,11.552233,million units
bi_card_transactions.credit.cards,0000,Indonesia (national),2009-03-01,11.715461,million units
bi_card_transactions.credit.cards,0000,Indonesia (national),2009-04-01,11.671304,million units
bi_card_transactions.credit.cards,0000,Indonesia (national),2009-05-01,11.686889,million units
bi_card_transactions.credit.cards,0000,Indonesia (national),2009-06-01,11.783091,million units
bi_card_transactions.credit.cards,0000,Indonesia (national),2009-07-01,11.884015,million units
bi_card_transactions.credit.cards,0000,Indonesia (national),2009-08-01,12.001107,million units
bi_card_transactions.credit.cards,0000,Indonesia (national),2009-09-01,12.08491,million units
bi_card_transactions.credit.cards,0000,Indonesia (national),2009-10-01,12.130413,million units
bi_card_transactions.credit.cards,0000,Indonesia (national),2009-11-01,12.161819,million units
bi_card_transactions.credit.cards,0000,Indonesia (national),2009-12-01,12.259295,million units
bi_card_transactions.credit.cards,0000,Indonesia (national),2010-01-01,12.300122,million units
bi_card_transactions.credit.cards,0000,Indonesia (national),2010-02-01,12.402707,million units
bi_card_transactions.credit.cards,0000,Indonesia (national),2010-03-01,12.519221,million units
bi_card_transactions.credit.cards,0000,Indonesia (national),2010-04-01,12.613314,million units
bi_card_transactions.credit.cards,0000,Indonesia (national),2010-05-01,12.612545,million units
bi_card_transactions.credit.cards,0000,Indonesia (national),2010-06-01,12.752457,million units
bi_card_transactions.credit.cards,0000,Indonesia (national),2010-07-01,12.834775,million units
bi_card_transactions.credit.cards,0000,Indonesia (national),2010-08-01,12.988388,million units
bi_card_transactions.credit.cards,0000,Indonesia (national),2010-09-01,13.057186,million units
bi_card_transactions.credit.cards,0000,Indonesia (national),2010-10-01,13.220119,million units
bi_card_transactions.credit.cards,0000,Indonesia (national),2010-11-01,13.381774,million units
bi_card_transactions.credit.cards,0000,Indonesia (national),2010-12-01,13.574673,million units
bi_card_transactions.credit.cards,0000,Indonesia (national),2011-01-01,13.51302,million units
bi_card_transactions.credit.cards,0000,Indonesia (national),2011-02-01,13.803196,million units
bi_card_transactions.credit.cards,0000,Indonesia (national),2011-03-01,13.9191,million units
bi_card_transactions.credit.cards,0000,Indonesia (national),2011-04-01,14.019372,million units
bi_card_transactions.credit.cards,0000,Indonesia (national),2011-05-01,14.16219,million units
bi_card_transactions.credit.cards,0000,Indonesia (national),2011-06-01,14.243048,million units
bi_card_transactions.credit.cards,0000,Indonesia (national),2011-07-01,14.379802,million units
bi_card_transactions.credit.cards,0000,Indonesia (national),2011-08-01,14.166928,million units
bi_card_transactions.credit.cards,0000,Indonesia (national),2011-09-01,14.273168,million units
bi_card_transactions.credit.cards,0000,Indonesia (national),2011-10-01,14.438324,million units
bi_card_transactions.credit.cards,0000,Indonesia (national),2011-11-01,14.594689,million units
bi_card_transactions.credit.cards,0000,Indonesia (national),2011-12-01,14.785382,million units
bi_card_transactions.credit.cards,0000,Indonesia (national),2012-01-01,14.474565,million units
bi_card_transactions.credit.cards,0000,Indonesia (national),2012-02-01,14.581468,million units
bi_card_transactions.credit.cards,0000,Indonesia (national),2012-03-01,14.746354,million units
bi_card_transactions.credit.cards,0000,Indonesia (national),2012-04-01,14.896858,million units
bi_card_transactions.credit.cards,0000,Indonesia (national),2012-05-01,15.065898,million units
bi_card_transactions.credit.cards,0000,Indonesia (national),2012-06-01,15.285814,million units
bi_card_transactions.credit.cards,0000,Indonesia (national),2012-07-01,15.310554,million units
bi_card_transactions.credit.cards,0000,Indonesia (national),2012-08-01,15.428027,million units
bi_card_transactions.credit.cards,0000,Indonesia (national),2012-09-01,15.590119,million units
bi_card_transactions.credit.cards,0000,Indonesia (national),2012-10-01,15.755663591035912,million units
bi_card_transactions.credit.cards,0000,Indonesia (national),2012-11-01,14.61743,million units
bi_card_transactions.credit.cards,0000,Indonesia (national),2012-12-01,14.817168,million units
bi_card_transactions.credit.cards,0000,Indonesia (national),2013-01-01,14.591371,million units
bi_card_transactions.credit.cards,0000,Indonesia (national),2013-02-01,14.616755,million units
bi_card_transactions.credit.cards,0000,Indonesia (national),2013-03-01,14.601113,million units
bi_card_transactions.credit.cards,0000,Indonesia (national),2013-04-01,14.644937,million units
bi_card_transactions.credit.cards,0000,Indonesia (national),2013-05-01,14.666101,million units
bi_card_transactions.credit.cards,0000,Indonesia (national),2013-06-01,14.702331,million units
bi_card_transactions.credit.cards,0000,Indonesia (national),2013-07-01,14.760376,million units
bi_card_transactions.credit.cards,0000,Indonesia (national),2013-08-01,14.749024,million units
bi_card_transactions.credit.cards,0000,Indonesia (national),2013-09-01,14.798425,million units
bi_card_transactions.credit.cards,0000,Indonesia (national),2013-10-01,14.888694,million units
bi_card_transactions.credit.cards,0000,Indonesia (national),2013-11-01,15.007492,million units
bi_card_transactions.credit.cards,0000,Indonesia (national),2013-12-01,15.091684,million units
bi_card_transactions.credit.cards,0000,Indonesia (national),2014-01-01,15.124109,million units
bi_card_transactions.credit.cards,0000,Indonesia (national),2014-02-01,15.150829,million units
bi_card_transactions.credit.cards,0000,Indonesia (national),2014-03-01,15.100335,million units
bi_card_transactions.credit.cards,0000,Indonesia (national),2014-04-01,15.211565,million units
bi_card_transactions.credit.cards,0000,Indonesia (national),2014-05-01,15.280906,million units
bi_card_transactions.credit.cards,0000,Indonesia (national),2014-06-01,15.428664,million units
bi_card_transactions.credit.cards,0000,Indonesia (national),2014-07-01,15.552463,million units
bi_card_transactions.credit.cards,0000,Indonesia (national),2014-08-01,15.665796,million units
bi_card_transactions.credit.cards,0000,Indonesia (national),2014-09-01,15.819398,million units
bi_card_transactions.credit.cards,0000,Indonesia (national),2014-10-01,15.902962,million units
bi_card_transactions.credit.cards,0000,Indonesia (national),2014-11-01,15.979352,million units
bi_card_transactions.credit.cards,0000,Indonesia (national),2014-12-01,16.043347,million units
bi_card_transactions.credit.cards,0000,Indonesia (national),2015-01-01,16.04527,million units
bi_card_transactions.credit.cards,0000,Indonesia (national),2015-02-01,16.065029,million units
bi_card_transactions.credit.cards,0000,Indonesia (national),2015-03-01,16.110742,million units
bi_card_transactions.credit.cards,0000,Indonesia (national),2015-04-01,16.183622,million units
bi_card_transactions.credit.cards,0000,Indonesia (national),2015-05-01,16.226878,million units
bi_card_transactions.credit.cards,0000,Indonesia (national),2015-06-01,16.621918,million units
bi_card_transactions.credit.cards,0000,Indonesia (national),2015-07-01,16.655162,million units
bi_card_transactions.credit.cards,0000,Indonesia (national),2015-08-01,16.7096,million units
bi_card_transactions.credit.cards,0000,Indonesia (national),2015-09-01,16.741789,million units
bi_card_transactions.credit.cards,0000,Indonesia (national),2015-10-01,16.750971,million units
bi_card_transactions.credit.cards,0000,Indonesia (national),2015-11-01,16.813855,million units
bi_card_transactions.credit.cards,0000,Indonesia (national),2015-12-01,16.863842,million units
bi_card_transactions.credit.cards,0000,Indonesia (national),2016-01-01,16.878261,million units
bi_card_transactions.credit.cards,0000,Indonesia (national),2016-02-01,16.942073,million units
bi_card_transactions.credit.cards,0000,Indonesia (national),2016-03-01,16.892592,million units
bi_card_transactions.credit.cards,0000,Indonesia (national),2016-04-01,16.896126,million units
bi_card_transactions.credit.cards,0000,Indonesia (national),2016-05-01,16.918991,million units
bi_card_transactions.credit.cards,0000,Indonesia (national),2016-06-01,16.970178,million units
bi_card_transactions.credit.cards,0000,Indonesia (national),2016-07-01,16.998701,million units
bi_card_transactions.credit.cards,0000,Indonesia (national),2016-08-01,17.033436,million units
bi_card_transactions.credit.cards,0000,Indonesia (national),2016-09-01,17.111653,million units
bi_card_transactions.credit.cards,0000,Indonesia (national),2016-10-01,17.229402,million units
bi_card_transactions.credit.cards,0000,Indonesia (national),2016-11-01,17.351826,million units
bi_card_transactions.credit.cards,0000,Indonesia (national),2016-12-01,17.406327,million units
bi_card_transactions.credit.cards,0000,Indonesia (national),2017-01-01,17.494198,million units
bi_card_transactions.credit.cards,0000,Indonesia (national),2017-02-01,17.528716,million units
bi_card_transactions.credit.cards,0000,Indonesia (national),2017-03-01,17.59243,million units
bi_card_transactions.credit.cards,0000,Indonesia (national),2017-04-01,17.661935,million units
bi_card_transactions.credit.cards,0000,Indonesia (national),2017-05-01,17.21139,million units
bi_card_transactions.credit.cards,0000,Indonesia (national),2017-06-01,16.771865,million units
bi_card_transactions.credit.cards,0000,Indonesia (national),2017-07-01,16.855817,million units
bi_card_transactions.credit.cards,0000,Indonesia (national),2017-08-01,16.899174,million units
bi_card_transactions.credit.cards,0000,Indonesia (national),2017-09-01,16.905319,million units
bi_card_transactions.credit.cards,0000,Indonesia (national),2017-10-01,16.922296,million units
bi_card_transactions.credit.cards,0000,Indonesia (national),2017-11-01,17.079966,million units
bi_card_transactions.credit.cards,0000,Indonesia (national),2017-12-01,17.244127,million units
bi_card_transactions.credit.cards,0000,Indonesia (national),2018-01-01,17.400189,million units
bi_card_transactions.credit.cards,0000,Indonesia (national),2018-02-01,17.438938,million units
bi_card_transactions.credit.cards,0000,Indonesia (national),2018-03-01,17.396248,million units
bi_card_transactions.credit.cards,0000,Indonesia (national),2018-04-01,17.418527,million units
bi_card_transactions.credit.cards,0000,Indonesia (national),2018-05-01,17.268459,million units
bi_card_transactions.credit.cards,0000,Indonesia (national),2018-06-01,17.249578,million units
bi_card_transactions.credit.cards,0000,Indonesia (national),2018-07-01,17.27096,million units
bi_card_transactions.credit.cards,0000,Indonesia (national),2018-08-01,17.280602,million units
bi_card_transactions.credit.cards,0000,Indonesia (national),2018-09-01,17.224684,million units
bi_card_transactions.credit.cards,0000,Indonesia (national),2018-10-01,17.262472,million units
bi_card_transactions.credit.cards,0000,Indonesia (national),2018-11-01,17.241722,million units
bi_card_transactions.credit.cards,0000,Indonesia (national),2018-12-01,17.275128,million units
bi_card_transactions.credit.cards,0000,Indonesia (national),2019-01-01,17.118065,million units
bi_card_transactions.credit.cards,0000,Indonesia (national),2019-02-01,17.15394,million units
bi_card_transactions.credit.cards,0000,Indonesia (national),2019-03-01,17.184306,million units
bi_card_transactions.credit.cards,0000,Indonesia (national),2019-04-01,17.201494,million units
bi_card_transactions.credit.cards,0000,Indonesia (national),2019-05-01,17.199903000000003,million units
bi_card_transactions.credit.cards,0000,Indonesia (national),2019-06-01,17.216047,million units
bi_card_transactions.credit.cards,0000,Indonesia (national),2019-07-01,17.273927,million units
bi_card_transactions.credit.cards,0000,Indonesia (national),2019-08-01,17.302241000000002,million units
bi_card_transactions.credit.cards,0000,Indonesia (national),2019-09-01,17.346812,million units
bi_card_transactions.credit.cards,0000,Indonesia (national),2019-10-01,17.36904,million units
bi_card_transactions.credit.cards,0000,Indonesia (national),2019-11-01,17.383244,million units
bi_card_transactions.credit.cards,0000,Indonesia (national),2019-12-01,17.487057,million units
bi_card_transactions.credit.cards,0000,Indonesia (national),2020-01-01,17.538911,million units
bi_card_transactions.credit.cards,0000,Indonesia (national),2020-02-01,17.613455,million units
bi_card_transactions.credit.cards,0000,Indonesia (national),2020-03-01,17.603573,million units
bi_card_transactions.credit.cards,0000,Indonesia (national),2020-04-01,17.783248,million units
bi_card_transactions.credit.cards,0000,Indonesia (national),2020-05-01,17.469264,million units
bi_card_transactions.credit.cards,0000,Indonesia (national),2020-06-01,17.321671,million units
bi_card_transactions.credit.cards,0000,Indonesia (national),2020-07-01,17.18995,million units
bi_card_transactions.credit.cards,0000,Indonesia (national),2020-08-01,17.20286,million units
bi_card_transactions.credit.cards,0000,Indonesia (national),2020-09-01,17.021557,million units
bi_card_transactions.credit.cards,0000,Indonesia (national),2020-10-01,16.951496,million units
bi_card_transactions.credit.cards,0000,Indonesia (national),2020-11-01,16.945952,million units
bi_card_transactions.credit.cards,0000,Indonesia (national),2020-12-01,16.94004,million units
bi_card_transactions.credit.cards,0000,Indonesia (national),2021-01-01,16.836892,million units
bi_card_transactions.credit.cards,0000,Indonesia (national),2021-02-01,16.796543,million units
bi_card_transactions.credit.cards,0000,Indonesia (national),2021-03-01,16.761663,million units
bi_card_transactions.credit.cards,0000,Indonesia (national),2021-04-01,16.713107,million units
bi_card_transactions.credit.cards,0000,Indonesia (national),2021-05-01,16.674377,million units
bi_card_transactions.credit.cards,0000,Indonesia (national),2021-06-01,16.559576,million units
bi_card_transactions.credit.cards,0000,Indonesia (national),2021-07-01,17.17738,million units
bi_card_transactions.credit.cards,0000,Indonesia (national),2021-08-01,17.014797,million units
bi_card_transactions.credit.cards,0000,Indonesia (national),2021-09-01,16.520839,million units
bi_card_transactions.credit.cards,0000,Indonesia (national),2021-10-01,16.545925,million units
bi_card_transactions.credit.cards,0000,Indonesia (national),2021-11-01,16.60889,million units
bi_card_transactions.credit.cards,0000,Indonesia (national),2021-12-01,16.513623,million units
bi_card_transactions.credit.cards,0000,Indonesia (national),2022-01-01,16.549026,million units
bi_card_transactions.credit.cards,0000,Indonesia (national),2022-02-01,16.526544,million units
bi_card_transactions.credit.cards,0000,Indonesia (national),2022-03-01,16.54516,million units
bi_card_transactions.credit.cards,0000,Indonesia (national),2022-04-01,16.55724,million units
bi_card_transactions.credit.cards,0000,Indonesia (national),2022-05-01,16.588263,million units
bi_card_transactions.credit.cards,0000,Indonesia (national),2022-06-01,16.697988,million units
bi_card_transactions.credit.cards,0000,Indonesia (national),2022-07-01,16.727698,million units
bi_card_transactions.credit.cards,0000,Indonesia (national),2022-08-01,17.058774,million units
bi_card_transactions.credit.cards,0000,Indonesia (national),2022-09-01,16.888422000000002,million units
bi_card_transactions.credit.cards,0000,Indonesia (national),2022-10-01,16.958771,million units
bi_card_transactions.credit.cards,0000,Indonesia (national),2022-11-01,17.048868,million units
bi_card_transactions.credit.cards,0000,Indonesia (national),2022-12-01,17.198882,million units
bi_card_transactions.credit.cards,0000,Indonesia (national),2023-01-01,17.212965999999998,million units
bi_card_transactions.credit.cards,0000,Indonesia (national),2023-02-01,17.294419,million units
bi_card_transactions.credit.cards,0000,Indonesia (national),2023-03-01,17.381097,million units
bi_card_transactions.credit.cards,0000,Indonesia (national),2023-04-01,17.416384,million units
bi_card_transactions.credit.cards,0000,Indonesia (national),2023-05-01,17.516037,million units
bi_card_transactions.credit.cards,0000,Indonesia (national),2023-06-01,17.585938,million units
bi_card_transactions.credit.cards,0000,Indonesia (national),2023-07-01,17.693269,million units
bi_card_transactions.credit.cards,0000,Indonesia (national),2023-08-01,17.81686,million units
bi_card_transactions.credit.cards,0000,Indonesia (national),2023-09-01,17.906138,million units
bi_card_transactions.credit.cards,0000,Indonesia (national),2023-10-01,18.001708,million units
bi_card_transactions.credit.cards,0000,Indonesia (national),2023-11-01,17.865407,million units
bi_card_transactions.credit.cards,0000,Indonesia (national),2023-12-01,17.727481,million units
bi_card_transactions.credit.cards,0000,Indonesia (national),2024-01-01,17.792687,million units
bi_card_transactions.credit.cards,0000,Indonesia (national),2024-02-01,17.93535,million units
bi_card_transactions.credit.cards,0000,Indonesia (national),2024-03-01,18.127534,million units
bi_card_transactions.credit.cards,0000,Indonesia (national),2024-04-01,18.177693,million units
bi_card_transactions.credit.cards,0000,Indonesia (national),2024-05-01,17.939544,million units
bi_card_transactions.credit.cards,0000,Indonesia (national),2024-06-01,18.004527,million units
bi_card_transactions.credit.cards,0000,Indonesia (national),2024-07-01,18.158042,million units
bi_card_transactions.credit.cards,0000,Indonesia (national),2024-08-01,18.225984,million units
bi_card_transactions.credit.cards,0000,Indonesia (national),2024-09-01,18.311845,million units
bi_card_transactions.credit.cards,0000,Indonesia (national),2024-10-01,18.431371,million units
bi_card_transactions.credit.cards,0000,Indonesia (national),2024-11-01,18.507669,million units
bi_card_transactions.credit.cards,0000,Indonesia (national),2024-12-01,18.549686,million units
bi_card_transactions.credit.cards,0000,Indonesia (national),2025-01-01,18.600361,million units
bi_card_transactions.credit.cards,0000,Indonesia (national),2025-02-01,18.61754,million units
bi_card_transactions.credit.cards,0000,Indonesia (national),2025-03-01,18.66728,million units
bi_card_transactions.credit.cards,0000,Indonesia (national),2025-04-01,18.675085,million units
bi_card_transactions.credit.cards,0000,Indonesia (national),2025-05-01,18.732644,million units
bi_card_transactions.credit.cards,0000,Indonesia (national),2025-06-01,18.800522,million units
bi_card_transactions.credit.cards,0000,Indonesia (national),2025-07-01,18.761285,million units
bi_card_transactions.credit.cards,0000,Indonesia (national),2025-08-01,18.872446,million units
bi_card_transactions.credit.cards,0000,Indonesia (national),2025-09-01,18.770211,million units
bi_card_transactions.credit.cards,0000,Indonesia (national),2025-10-01,18.777952,million units
bi_card_transactions.credit.cards,0000,Indonesia (national),2025-11-01,18.732074,million units
bi_card_transactions.credit.cards,0000,Indonesia (national),2025-12-01,18.742645,million units
bi_card_transactions.credit.cards,0000,Indonesia (national),2026-01-01,18.704083,million units
bi_card_transactions.credit.cards,0000,Indonesia (national),2026-02-01,18.761285,million units
bi_card_transactions.credit.cards,0000,Indonesia (national),2026-03-01,18.663078,million units
bi_card_transactions.credit.cards,0000,Indonesia (national),2026-04-01,18.752567,million units
bi_card_transactions.credit.cards,0000,Indonesia (national),2026-05-01,18.789907,million units
bi_card_transactions.credit.cards,0000,Indonesia (national),2026-06-01,18.085755,million units
bi_card_transactions.credit.value,0000,Indonesia (national),2009-01-01,9701.247843043999,IDR billion
bi_card_transactions.credit.value,0000,Indonesia (national),2009-02-01,9070.451926559002,IDR billion
bi_card_transactions.credit.value,0000,Indonesia (national),2009-03-01,10816.020573548,IDR billion
bi_card_transactions.credit.value,0000,Indonesia (national),2009-04-01,10533.313565276001,IDR billion
bi_card_transactions.credit.value,0000,Indonesia (national),2009-05-01,10817.388822325,IDR billion
bi_card_transactions.credit.value,0000,Indonesia (national),2009-06-01,12107.114600345,IDR billion
bi_card_transactions.credit.value,0000,Indonesia (national),2009-07-01,12230.039435785999,IDR billion
bi_card_transactions.credit.value,0000,Indonesia (national),2009-08-01,11631.101974082001,IDR billion
bi_card_transactions.credit.value,0000,Indonesia (national),2009-09-01,11980.047598453999,IDR billion
bi_card_transactions.credit.value,0000,Indonesia (national),2009-10-01,12047.493362565,IDR billion
bi_card_transactions.credit.value,0000,Indonesia (national),2009-11-01,11678.537613127002,IDR billion
bi_card_transactions.credit.value,0000,Indonesia (national),2009-12-01,14079.106858854997,IDR billion
bi_card_transactions.credit.value,0000,Indonesia (national),2010-01-01,11969.883056647002,IDR billion
bi_card_transactions.credit.value,0000,Indonesia (national),2010-02-01,11269.850816567001,IDR billion
bi_card_transactions.credit.value,0000,Indonesia (national),2010-03-01,14071.855421516002,IDR billion
bi_card_transactions.credit.value,0000,Indonesia (national),2010-04-01,12838.672777263,IDR billion
bi_card_transactions.credit.value,0000,Indonesia (national),2010-05-01,13110.565588064002,IDR billion
bi_card_transactions.credit.value,0000,Indonesia (national),2010-06-01,13616.3620285,IDR billion
bi_card_transactions.credit.value,0000,Indonesia (national),2010-07-01,13915.954994645,IDR billion
bi_card_transactions.credit.value,0000,Indonesia (national),2010-08-01,14198.506622037996,IDR billion
bi_card_transactions.credit.value,0000,Indonesia (national),2010-09-01,13894.979463247002,IDR billion
bi_card_transactions.credit.value,0000,Indonesia (national),2010-10-01,13882.171802329998,IDR billion
bi_card_transactions.credit.value,0000,Indonesia (national),2010-11-01,14447.667772742,IDR billion
bi_card_transactions.credit.value,0000,Indonesia (national),2010-12-01,15992.020598124,IDR billion
bi_card_transactions.credit.value,0000,Indonesia (national),2011-01-01,13987.361632534,IDR billion
bi_card_transactions.credit.value,0000,Indonesia (national),2011-02-01,13285.508970406001,IDR billion
bi_card_transactions.credit.value,0000,Indonesia (national),2011-03-01,15671.756323110998,IDR billion
bi_card_transactions.credit.value,0000,Indonesia (national),2011-04-01,14147.596591597001,IDR billion
bi_card_transactions.credit.value,0000,Indonesia (national),2011-05-01,15587.702898504998,IDR billion
bi_card_transactions.credit.value,0000,Indonesia (national),2011-06-01,15330.859805975999,IDR billion
bi_card_transactions.credit.value,0000,Indonesia (national),2011-07-01,16270.860916914,IDR billion
bi_card_transactions.credit.value,0000,Indonesia (national),2011-08-01,15350.75470872,IDR billion
bi_card_transactions.credit.value,0000,Indonesia (national),2011-09-01,15203.421370116,IDR billion
bi_card_transactions.credit.value,0000,Indonesia (national),2011-10-01,15044.695344451,IDR billion
bi_card_transactions.credit.value,0000,Indonesia (national),2011-11-01,15719.078322760999,IDR billion
bi_card_transactions.credit.value,0000,Indonesia (national),2011-12-01,17002.734148689,IDR billion
bi_card_transactions.credit.value,0000,Indonesia (national),2012-01-01,15860.208464229001,IDR billion
bi_card_transactions.credit.value,0000,Indonesia (national),2012-02-01,15144.535051868,IDR billion
bi_card_transactions.credit.value,0000,Indonesia (national),2012-03-01,16406.120723644,IDR billion
bi_card_transactions.credit.value,0000,Indonesia (national),2012-04-01,15837.019271274,IDR billion
bi_card_transactions.credit.value,0000,Indonesia (national),2012-05-01,17514.530984043,IDR billion
bi_card_transactions.credit.value,0000,Indonesia (national),2012-06-01,16887.409492624,IDR billion
bi_card_transactions.credit.value,0000,Indonesia (national),2012-07-01,18384.785521571004,IDR billion
bi_card_transactions.credit.value,0000,Indonesia (national),2012-08-01,17174.020012042998,IDR billion
bi_card_transactions.credit.value,0000,Indonesia (national),2012-09-01,16160.47614651,IDR billion
bi_card_transactions.credit.value,0000,Indonesia (national),2012-10-01,17192.5022243145,IDR billion
bi_card_transactions.credit.value,0000,Indonesia (national),2012-11-01,16722.560819675396,IDR billion
bi_card_transactions.credit.value,0000,Indonesia (national),2012-12-01,18556.567041143997,IDR billion
bi_card_transactions.credit.value,0000,Indonesia (national),2013-01-01,17960.041669876002,IDR billion
bi_card_transactions.credit.value,0000,Indonesia (national),2013-02-01,15902.691917815002,IDR billion
bi_card_transactions.credit.value,0000,Indonesia (national),2013-03-01,17573.945665366995,IDR billion
bi_card_transactions.credit.value,0000,Indonesia (national),2013-04-01,18406.616713353,IDR billion
bi_card_transactions.credit.value,0000,Indonesia (national),2013-05-01,18641.736961455994,IDR billion
bi_card_transactions.credit.value,0000,Indonesia (national),2013-06-01,18182.41355529,IDR billion
bi_card_transactions.credit.value,0000,Indonesia (national),2013-07-01,21001.353547445997,IDR billion
bi_card_transactions.credit.value,0000,Indonesia (national),2013-08-01,18173.933077875998,IDR billion
bi_card_transactions.credit.value,0000,Indonesia (national),2013-09-01,17909.467523226,IDR billion
bi_card_transactions.credit.value,0000,Indonesia (national),2013-10-01,19482.281374343005,IDR billion
bi_card_transactions.credit.value,0000,Indonesia (national),2013-11-01,18894.090607985,IDR billion
bi_card_transactions.credit.value,0000,Indonesia (national),2013-12-01,21241.004519599996,IDR billion
bi_card_transactions.credit.value,0000,Indonesia (national),2014-01-01,19645.616829883995,IDR billion
bi_card_transactions.credit.value,0000,Indonesia (national),2014-02-01,17621.560811836996,IDR billion
bi_card_transactions.credit.value,0000,Indonesia (national),2014-03-01,19587.334511441,IDR billion
bi_card_transactions.credit.value,0000,Indonesia (national),2014-04-01,20724.132646795002,IDR billion
bi_card_transactions.credit.value,0000,Indonesia (national),2014-05-01,21182.72518857701,IDR billion
bi_card_transactions.credit.value,0000,Indonesia (national),2014-06-01,21739.238493750003,IDR billion
bi_card_transactions.credit.value,0000,Indonesia (national),2014-07-01,21653.076153951,IDR billion
bi_card_transactions.credit.value,0000,Indonesia (national),2014-08-01,21535.929343672,IDR billion
bi_card_transactions.credit.value,0000,Indonesia (national),2014-09-01,21921.36519469,IDR billion
bi_card_transactions.credit.value,0000,Indonesia (national),2014-10-01,22588.678951528997,IDR billion
bi_card_transactions.credit.value,0000,Indonesia (national),2014-11-01,21368.248874069,IDR billion
bi_card_transactions.credit.value,0000,Indonesia (national),2014-12-01,25489.550694811,IDR billion
bi_card_transactions.credit.value,0000,Indonesia (national),2015-01-01,21596.043454985,IDR billion
bi_card_transactions.credit.value,0000,Indonesia (national),2015-02-01,20398.515229096,IDR billion
bi_card_transactions.credit.value,0000,Indonesia (national),2015-03-01,24023.249751746,IDR billion
bi_card_transactions.credit.value,0000,Indonesia (national),2015-04-01,22964.26930897,IDR billion
bi_card_transactions.credit.value,0000,Indonesia (national),2015-05-01,23556.508689178,IDR billion
bi_card_transactions.credit.value,0000,Indonesia (national),2015-06-01,24624.549282317,IDR billion
bi_card_transactions.credit.value,0000,Indonesia (national),2015-07-01,24664.075596913008,IDR billion
bi_card_transactions.credit.value,0000,Indonesia (national),2015-08-01,23004.248982843994,IDR billion
bi_card_transactions.credit.value,0000,Indonesia (national),2015-09-01,22880.06585242899,IDR billion
bi_card_transactions.credit.value,0000,Indonesia (national),2015-10-01,23184.874081157996,IDR billion
bi_card_transactions.credit.value,0000,Indonesia (national),2015-11-01,23070.719654055003,IDR billion
bi_card_transactions.credit.value,0000,Indonesia (national),2015-12-01,26576.810478223,IDR billion
bi_card_transactions.credit.value,0000,Indonesia (national),2016-01-01,22927.127763920005,IDR billion
bi_card_transactions.credit.value,0000,Indonesia (national),2016-02-01,22154.16980509099,IDR billion
bi_card_transactions.credit.value,0000,Indonesia (national),2016-03-01,24775.878263685005,IDR billion
bi_card_transactions.credit.value,0000,Indonesia (national),2016-04-01,22148.265959511,IDR billion
bi_card_transactions.credit.value,0000,Indonesia (national),2016-05-01,23761.896794754997,IDR billion
bi_card_transactions.credit.value,0000,Indonesia (national),2016-06-01,23931.455285607004,IDR billion
bi_card_transactions.credit.value,0000,Indonesia (national),2016-07-01,21563.986651031002,IDR billion
bi_card_transactions.credit.value,0000,Indonesia (national),2016-08-01,23750.626592277997,IDR billion
bi_card_transactions.credit.value,0000,Indonesia (national),2016-09-01,22387.793167571002,IDR billion
bi_card_transactions.credit.value,0000,Indonesia (national),2016-10-01,23502.838458845006,IDR billion
bi_card_transactions.credit.value,0000,Indonesia (national),2016-11-01,23745.48140367,IDR billion
bi_card_transactions.credit.value,0000,Indonesia (national),2016-12-01,26370.997531819,IDR billion
bi_card_transactions.credit.value,0000,Indonesia (national),2017-01-01,24169.242799461994,IDR billion
bi_card_transactions.credit.value,0000,Indonesia (national),2017-02-01,22187.309206952003,IDR billion
bi_card_transactions.credit.value,0000,Indonesia (national),2017-03-01,25655.442374602997,IDR billion
bi_card_transactions.credit.value,0000,Indonesia (national),2017-04-01,23410.045733778,IDR billion
bi_card_transactions.credit.value,0000,Indonesia (national),2017-05-01,25827.492327885,IDR billion
bi_card_transactions.credit.value,0000,Indonesia (national),2017-06-01,24495.991109373,IDR billion
bi_card_transactions.credit.value,0000,Indonesia (national),2017-07-01,25158.274803876004,IDR billion
bi_card_transactions.credit.value,0000,Indonesia (national),2017-08-01,25100.379779881005,IDR billion
bi_card_transactions.credit.value,0000,Indonesia (national),2017-09-01,23707.169088676997,IDR billion
bi_card_transactions.credit.value,0000,Indonesia (national),2017-10-01,25555.741012477,IDR billion
bi_card_transactions.credit.value,0000,Indonesia (national),2017-11-01,25266.554411412006,IDR billion
bi_card_transactions.credit.value,0000,Indonesia (national),2017-12-01,27227.586834924998,IDR billion
bi_card_transactions.credit.value,0000,Indonesia (national),2018-01-01,26157.886299423004,IDR billion
bi_card_transactions.credit.value,0000,Indonesia (national),2018-02-01,21663.990157659005,IDR billion
bi_card_transactions.credit.value,0000,Indonesia (national),2018-03-01,25550.787935401004,IDR billion
bi_card_transactions.credit.value,0000,Indonesia (national),2018-04-01,25674.094009924007,IDR billion
bi_card_transactions.credit.value,0000,Indonesia (national),2018-05-01,27036.978712333002,IDR billion
bi_card_transactions.credit.value,0000,Indonesia (national),2018-06-01,25402.397650774,IDR billion
bi_card_transactions.credit.value,0000,Indonesia (national),2018-07-01,26737.770586304996,IDR billion
bi_card_transactions.credit.value,0000,Indonesia (national),2018-08-01,26172.037220107995,IDR billion
bi_card_transactions.credit.value,0000,Indonesia (national),2018-09-01,24382.543889885,IDR billion
bi_card_transactions.credit.value,0000,Indonesia (national),2018-10-01,28035.289332506996,IDR billion
bi_card_transactions.credit.value,0000,Indonesia (national),2018-11-01,27250.855656395997,IDR billion
bi_card_transactions.credit.value,0000,Indonesia (national),2018-12-01,30229.43552493401,IDR billion
bi_card_transactions.credit.value,0000,Indonesia (national),2019-01-01,28023.385247701004,IDR billion
bi_card_transactions.credit.value,0000,Indonesia (national),2019-02-01,25815.999530444,IDR billion
bi_card_transactions.credit.value,0000,Indonesia (national),2019-03-01,28090.127275019997,IDR billion
bi_card_transactions.credit.value,0000,Indonesia (national),2019-04-01,27784.966144441,IDR billion
bi_card_transactions.credit.value,0000,Indonesia (national),2019-05-01,30452.858598307,IDR billion
bi_card_transactions.credit.value,0000,Indonesia (national),2019-06-01,25907.896266413,IDR billion
bi_card_transactions.credit.value,0000,Indonesia (national),2019-07-01,29863.517062946,IDR billion
bi_card_transactions.credit.value,0000,Indonesia (national),2019-08-01,28240.87,IDR billion
bi_card_transactions.credit.value,0000,Indonesia (national),2019-09-01,27671.673420381,IDR billion
bi_card_transactions.credit.value,0000,Indonesia (national),2019-10-01,29301.3448937,IDR billion
bi_card_transactions.credit.value,0000,Indonesia (national),2019-11-01,28699.849865199998,IDR billion
bi_card_transactions.credit.value,0000,Indonesia (national),2019-12-01,32830.341804,IDR billion
bi_card_transactions.credit.value,0000,Indonesia (national),2020-01-01,28590.793020707,IDR billion
bi_card_transactions.credit.value,0000,Indonesia (national),2020-02-01,25869.956278399997,IDR billion
bi_card_transactions.credit.value,0000,Indonesia (national),2020-03-01,24158.1657222,IDR billion
bi_card_transactions.credit.value,0000,Indonesia (national),2020-04-01,15962.613470100003,IDR billion
bi_card_transactions.credit.value,0000,Indonesia (national),2020-05-01,15088.735835360001,IDR billion
bi_card_transactions.credit.value,0000,Indonesia (national),2020-06-01,17101.803916995003,IDR billion
bi_card_transactions.credit.value,0000,Indonesia (national),2020-07-01,18070.359297899995,IDR billion
bi_card_transactions.credit.value,0000,Indonesia (national),2020-08-01,18236.805361464,IDR billion
bi_card_transactions.credit.value,0000,Indonesia (national),2020-09-01,17527.238909049003,IDR billion
bi_card_transactions.credit.value,0000,Indonesia (national),2020-10-01,17212.000797999997,IDR billion
bi_card_transactions.credit.value,0000,Indonesia (national),2020-11-01,19893.394768446,IDR billion
bi_card_transactions.credit.value,0000,Indonesia (national),2020-12-01,21191.741195848,IDR billion
bi_card_transactions.credit.value,0000,Indonesia (national),2021-01-01,18219.770341819,IDR billion
bi_card_transactions.credit.value,0000,Indonesia (national),2021-02-01,17197.7255765,IDR billion
bi_card_transactions.credit.value,0000,Indonesia (national),2021-03-01,21434.978516889,IDR billion
bi_card_transactions.credit.value,0000,Indonesia (national),2021-04-01,20028.523326746996,IDR billion
bi_card_transactions.credit.value,0000,Indonesia (national),2021-05-01,19706.987575003997,IDR billion
bi_card_transactions.credit.value,0000,Indonesia (national),2021-06-01,19811.448450411,IDR billion
bi_card_transactions.credit.value,0000,Indonesia (national),2021-07-01,17124.44095725684,IDR billion
bi_card_transactions.credit.value,0000,Indonesia (national),2021-08-01,19699.1729318,IDR billion
bi_card_transactions.credit.value,0000,Indonesia (national),2021-09-01,20468.645988041,IDR billion
bi_card_transactions.credit.value,0000,Indonesia (national),2021-10-01,21428.798489999997,IDR billion
bi_card_transactions.credit.value,0000,Indonesia (national),2021-11-01,23476.698757676,IDR billion
bi_card_transactions.credit.value,0000,Indonesia (national),2021-12-01,25918.793359500007,IDR billion
bi_card_transactions.credit.value,0000,Indonesia (national),2022-01-01,24745.638458352023,IDR billion
bi_card_transactions.credit.value,0000,Indonesia (national),2022-02-01,20244.97334137401,IDR billion
bi_card_transactions.credit.value,0000,Indonesia (national),2022-03-01,26319.096620749,IDR billion
bi_card_transactions.credit.value,0000,Indonesia (national),2022-04-01,25606.345578983004,IDR billion
bi_card_transactions.credit.value,0000,Indonesia (national),2022-05-01,25643.878577498,IDR billion
bi_card_transactions.credit.value,0000,Indonesia (national),2022-06-01,26617.701269999965,IDR billion
bi_card_transactions.credit.value,0000,Indonesia (national),2022-07-01,26429.982121799985,IDR billion
bi_card_transactions.credit.value,0000,Indonesia (national),2022-08-01,28377.11416,IDR billion
bi_card_transactions.credit.value,0000,Indonesia (national),2022-09-01,27823.22535,IDR billion
bi_card_transactions.credit.value,0000,Indonesia (national),2022-10-01,28339.119,IDR billion
bi_card_transactions.credit.value,0000,Indonesia (national),2022-11-01,29773.27156,IDR billion
bi_card_transactions.credit.value,0000,Indonesia (national),2022-12-01,33681.26551,IDR billion
bi_card_transactions.credit.value,0000,Indonesia (national),2023-01-01,32034.620919999994,IDR billion
bi_card_transactions.credit.value,0000,Indonesia (national),2023-02-01,31195.994570000003,IDR billion
bi_card_transactions.credit.value,0000,Indonesia (national),2023-03-01,34373.15402,IDR billion
bi_card_transactions.credit.value,0000,Indonesia (national),2023-04-01,30792.19589,IDR billion
bi_card_transactions.credit.value,0000,Indonesia (national),2023-05-01,32998.10624000003,IDR billion
bi_card_transactions.credit.value,0000,Indonesia (national),2023-06-01,33670.98809882003,IDR billion
bi_card_transactions.credit.value,0000,Indonesia (national),2023-07-01,36132.96537000005,IDR billion
bi_card_transactions.credit.value,0000,Indonesia (national),2023-08-01,34378.964285429,IDR billion
bi_card_transactions.credit.value,0000,Indonesia (national),2023-09-01,33394.443174457,IDR billion
bi_card_transactions.credit.value,0000,Indonesia (national),2023-10-01,34076.320410174994,IDR billion
bi_card_transactions.credit.value,0000,Indonesia (national),2023-11-01,34364.50119387198,IDR billion
bi_card_transactions.credit.value,0000,Indonesia (national),2023-12-01,37917.824045032954,IDR billion
bi_card_transactions.credit.value,0000,Indonesia (national),2024-01-01,35902.48754519904,IDR billion
bi_card_transactions.credit.value,0000,Indonesia (national),2024-02-01,33107.23374504097,IDR billion
bi_card_transactions.credit.value,0000,Indonesia (national),2024-03-01,36122.926097371,IDR billion
bi_card_transactions.credit.value,0000,Indonesia (national),2024-04-01,34386.66665391404,IDR billion
bi_card_transactions.credit.value,0000,Indonesia (national),2024-05-01,35654.11190701594,IDR billion
bi_card_transactions.credit.value,0000,Indonesia (national),2024-06-01,35078.85,IDR billion
bi_card_transactions.credit.value,0000,Indonesia (national),2024-07-01,37194.85073939094,IDR billion
bi_card_transactions.credit.value,0000,Indonesia (national),2024-08-01,37185.465364374024,IDR billion
bi_card_transactions.credit.value,0000,Indonesia (national),2024-09-01,37180.985166271974,IDR billion
bi_card_transactions.credit.value,0000,Indonesia (national),2024-10-01,37151.83708392398,IDR billion
bi_card_transactions.credit.value,0000,Indonesia (national),2024-11-01,36496.80564985104,IDR billion
bi_card_transactions.credit.value,0000,Indonesia (national),2024-12-01,40801.9605132,IDR billion
bi_card_transactions.credit.value,0000,Indonesia (national),2025-01-01,36821.01057173797,IDR billion
bi_card_transactions.credit.value,0000,Indonesia (national),2025-02-01,34769.71815957901,IDR billion
bi_card_transactions.credit.value,0000,Indonesia (national),2025-03-01,37825.30001895112,IDR billion
bi_card_transactions.credit.value,0000,Indonesia (national),2025-04-01,36662.22740362883,IDR billion
bi_card_transactions.credit.value,0000,Indonesia (national),2025-05-01,37848.79322649597,IDR billion
bi_card_transactions.credit.value,0000,Indonesia (national),2025-06-01,38608.181950963015,IDR billion
bi_card_transactions.credit.value,0000,Indonesia (national),2025-07-01,41214.21003002692,IDR billion
bi_card_transactions.credit.value,0000,Indonesia (national),2025-08-01,38332.476671741,IDR billion
bi_card_transactions.credit.value,0000,Indonesia (national),2025-09-01,37967.084025934004,IDR billion
bi_card_transactions.credit.value,0000,Indonesia (national),2025-10-01,41258.12917972389,IDR billion
bi_card_transactions.credit.value,0000,Indonesia (national),2025-11-01,41396.97281684103,IDR billion
bi_card_transactions.credit.value,0000,Indonesia (national),2025-12-01,46884.75348154598,IDR billion
bi_card_transactions.credit.value,0000,Indonesia (national),2026-01-01,43038.25597075313,IDR billion
bi_card_transactions.credit.value,0000,Indonesia (national),2026-02-01,39139.39121999996,IDR billion
bi_card_transactions.credit.value,0000,Indonesia (national),2026-03-01,43092.96315853501,IDR billion
bi_card_transactions.credit.value,0000,Indonesia (national),2026-04-01,41830.67349150509,IDR billion
bi_card_transactions.credit.value,0000,Indonesia (national),2026-05-01,43756.72381597696,IDR billion
bi_card_transactions.credit.value,0000,Indonesia (national),2026-06-01,43738.20705918406,IDR billion
bi_card_transactions.credit.volume,0000,Indonesia (national),2009-01-01,14380.334,thousand transactions
bi_card_transactions.credit.volume,0000,Indonesia (national),2009-02-01,13117.527,thousand transactions
bi_card_transactions.credit.volume,0000,Indonesia (national),2009-03-01,15108.508,thousand transactions
bi_card_transactions.credit.volume,0000,Indonesia (national),2009-04-01,14535.692,thousand transactions
bi_card_transactions.credit.volume,0000,Indonesia (national),2009-05-01,14635.759,thousand transactions
bi_card_transactions.credit.volume,0000,Indonesia (national),2009-06-01,16040.945,thousand transactions
bi_card_transactions.credit.volume,0000,Indonesia (national),2009-07-01,16031.168,thousand transactions
bi_card_transactions.credit.volume,0000,Indonesia (national),2009-08-01,15308.027,thousand transactions
bi_card_transactions.credit.volume,0000,Indonesia (national),2009-09-01,15933.287999999999,thousand transactions
bi_card_transactions.credit.volume,0000,Indonesia (national),2009-10-01,15005.702000000001,thousand transactions
bi_card_transactions.credit.volume,0000,Indonesia (national),2009-11-01,15019.539,thousand transactions
bi_card_transactions.credit.volume,0000,Indonesia (national),2009-12-01,17508.233,thousand transactions
bi_card_transactions.credit.volume,0000,Indonesia (national),2010-01-01,15172.161,thousand transactions
bi_card_transactions.credit.volume,0000,Indonesia (national),2010-02-01,14689.958,thousand transactions
bi_card_transactions.credit.volume,0000,Indonesia (national),2010-03-01,17297.07,thousand transactions
bi_card_transactions.credit.volume,0000,Indonesia (national),2010-04-01,16002.25,thousand transactions
bi_card_transactions.credit.volume,0000,Indonesia (national),2010-05-01,16324.17,thousand transactions
bi_card_transactions.credit.volume,0000,Indonesia (national),2010-06-01,16602.206,thousand transactions
bi_card_transactions.credit.volume,0000,Indonesia (national),2010-07-01,17053.677,thousand transactions
bi_card_transactions.credit.volume,0000,Indonesia (national),2010-08-01,17450.105,thousand transactions
bi_card_transactions.credit.volume,0000,Indonesia (national),2010-09-01,16750.052,thousand transactions
bi_card_transactions.credit.volume,0000,Indonesia (national),2010-10-01,16202.832,thousand transactions
bi_card_transactions.credit.volume,0000,Indonesia (national),2010-11-01,17003.107,thousand transactions
bi_card_transactions.credit.volume,0000,Indonesia (national),2010-12-01,18488.839,thousand transactions
bi_card_transactions.credit.volume,0000,Indonesia (national),2011-01-01,16762.695,thousand transactions
bi_card_transactions.credit.volume,0000,Indonesia (national),2011-02-01,16200.693,thousand transactions
bi_card_transactions.credit.volume,0000,Indonesia (national),2011-03-01,17855.108,thousand transactions
bi_card_transactions.credit.volume,0000,Indonesia (national),2011-04-01,16684.982,thousand transactions
bi_card_transactions.credit.volume,0000,Indonesia (national),2011-05-01,17763.689,thousand transactions
bi_card_transactions.credit.volume,0000,Indonesia (national),2011-06-01,17294.007999999998,thousand transactions
bi_card_transactions.credit.volume,0000,Indonesia (national),2011-07-01,17518.731,thousand transactions
bi_card_transactions.credit.volume,0000,Indonesia (national),2011-08-01,17730.187,thousand transactions
bi_card_transactions.credit.volume,0000,Indonesia (national),2011-09-01,17576.256999999998,thousand transactions
bi_card_transactions.credit.volume,0000,Indonesia (national),2011-10-01,17450.588,thousand transactions
bi_card_transactions.credit.volume,0000,Indonesia (national),2011-11-01,17797.367,thousand transactions
bi_card_transactions.credit.volume,0000,Indonesia (national),2011-12-01,18717.892,thousand transactions
bi_card_transactions.credit.volume,0000,Indonesia (national),2012-01-01,18459.86,thousand transactions
bi_card_transactions.credit.volume,0000,Indonesia (national),2012-02-01,17075.248000000003,thousand transactions
bi_card_transactions.credit.volume,0000,Indonesia (national),2012-03-01,18163.942000000003,thousand transactions
bi_card_transactions.credit.volume,0000,Indonesia (national),2012-04-01,17778.804,thousand transactions
bi_card_transactions.credit.volume,0000,Indonesia (national),2012-05-01,19091.264,thousand transactions
bi_card_transactions.credit.volume,0000,Indonesia (national),2012-06-01,18238.052,thousand transactions
bi_card_transactions.credit.volume,0000,Indonesia (national),2012-07-01,19614.021999999997,thousand transactions
bi_card_transactions.credit.volume,0000,Indonesia (national),2012-08-01,19065.017,thousand transactions
bi_card_transactions.credit.volume,0000,Indonesia (national),2012-09-01,17306.708,thousand transactions
bi_card_transactions.credit.volume,0000,Indonesia (national),2012-10-01,17971.115323667364,thousand transactions
bi_card_transactions.credit.volume,0000,Indonesia (national),2012-11-01,18748.16892998987,thousand transactions
bi_card_transactions.credit.volume,0000,Indonesia (national),2012-12-01,20067.65,thousand transactions
bi_card_transactions.credit.volume,0000,Indonesia (national),2013-01-01,20021.962,thousand transactions
bi_card_transactions.credit.volume,0000,Indonesia (national),2013-02-01,17787.392,thousand transactions
bi_card_transactions.credit.volume,0000,Indonesia (national),2013-03-01,18858.114,thousand transactions
bi_card_transactions.credit.volume,0000,Indonesia (national),2013-04-01,20175.308,thousand transactions
bi_card_transactions.credit.volume,0000,Indonesia (national),2013-05-01,19791.137000000002,thousand transactions
bi_card_transactions.credit.volume,0000,Indonesia (national),2013-06-01,19591.3,thousand transactions
bi_card_transactions.credit.volume,0000,Indonesia (national),2013-07-01,22144.82,thousand transactions
bi_card_transactions.credit.volume,0000,Indonesia (national),2013-08-01,20160.454999999998,thousand transactions
bi_card_transactions.credit.volume,0000,Indonesia (national),2013-09-01,19024.145,thousand transactions
bi_card_transactions.credit.volume,0000,Indonesia (national),2013-10-01,20367.898,thousand transactions
bi_card_transactions.credit.volume,0000,Indonesia (national),2013-11-01,19369.525,thousand transactions
bi_card_transactions.credit.volume,0000,Indonesia (national),2013-12-01,21806.463,thousand transactions
bi_card_transactions.credit.volume,0000,Indonesia (national),2014-01-01,20691.087,thousand transactions
bi_card_transactions.credit.volume,0000,Indonesia (national),2014-02-01,18599.909,thousand transactions
bi_card_transactions.credit.volume,0000,Indonesia (national),2014-03-01,19869.261000000002,thousand transactions
bi_card_transactions.credit.volume,0000,Indonesia (national),2014-04-01,21440.255999999998,thousand transactions
bi_card_transactions.credit.volume,0000,Indonesia (national),2014-05-01,21112.34,thousand transactions
bi_card_transactions.credit.volume,0000,Indonesia (national),2014-06-01,21688.751,thousand transactions
bi_card_transactions.credit.volume,0000,Indonesia (national),2014-07-01,21569.452,thousand transactions
bi_card_transactions.credit.volume,0000,Indonesia (national),2014-08-01,21339.647000000004,thousand transactions
bi_card_transactions.credit.volume,0000,Indonesia (national),2014-09-01,21327.553000000004,thousand transactions
bi_card_transactions.credit.volume,0000,Indonesia (national),2014-10-01,21693.092,thousand transactions
bi_card_transactions.credit.volume,0000,Indonesia (national),2014-11-01,20523.736,thousand transactions
bi_card_transactions.credit.volume,0000,Indonesia (national),2014-12-01,24464.977000000003,thousand transactions
bi_card_transactions.credit.volume,0000,Indonesia (national),2015-01-01,21511.103000000003,thousand transactions
bi_card_transactions.credit.volume,0000,Indonesia (national),2015-02-01,20854.750000000004,thousand transactions
bi_card_transactions.credit.volume,0000,Indonesia (national),2015-03-01,23296.59,thousand transactions
bi_card_transactions.credit.volume,0000,Indonesia (national),2015-04-01,22762.467999999997,thousand transactions
bi_card_transactions.credit.volume,0000,Indonesia (national),2015-05-01,23083.917999999998,thousand transactions
bi_card_transactions.credit.volume,0000,Indonesia (national),2015-06-01,24440.007,thousand transactions
bi_card_transactions.credit.volume,0000,Indonesia (national),2015-07-01,24831.51,thousand transactions
bi_card_transactions.credit.volume,0000,Indonesia (national),2015-08-01,23158.677,thousand transactions
bi_card_transactions.credit.volume,0000,Indonesia (national),2015-09-01,23189.5,thousand transactions
bi_card_transactions.credit.volume,0000,Indonesia (national),2015-10-01,23608.206,thousand transactions
bi_card_transactions.credit.volume,0000,Indonesia (national),2015-11-01,23784.09,thousand transactions
bi_card_transactions.credit.volume,0000,Indonesia (national),2015-12-01,26805.021,thousand transactions
bi_card_transactions.credit.volume,0000,Indonesia (national),2016-01-01,23995.878999999997,thousand transactions
bi_card_transactions.credit.volume,0000,Indonesia (national),2016-02-01,24172.068,thousand transactions
bi_card_transactions.credit.volume,0000,Indonesia (national),2016-03-01,25841.290999999997,thousand transactions
bi_card_transactions.credit.volume,0000,Indonesia (national),2016-04-01,23676.732,thousand transactions
bi_card_transactions.credit.volume,0000,Indonesia (national),2016-05-01,25794.701,thousand transactions
bi_card_transactions.credit.volume,0000,Indonesia (national),2016-06-01,25735.683,thousand transactions
bi_card_transactions.credit.volume,0000,Indonesia (national),2016-07-01,24441.255,thousand transactions
bi_card_transactions.credit.volume,0000,Indonesia (national),2016-08-01,26161.648,thousand transactions
bi_card_transactions.credit.volume,0000,Indonesia (national),2016-09-01,24743.153000000002,thousand transactions
bi_card_transactions.credit.volume,0000,Indonesia (national),2016-10-01,25798.11,thousand transactions
bi_card_transactions.credit.volume,0000,Indonesia (national),2016-11-01,26342.25,thousand transactions
bi_card_transactions.credit.volume,0000,Indonesia (national),2016-12-01,28349.527,thousand transactions
bi_card_transactions.credit.volume,0000,Indonesia (national),2017-01-01,27459.845,thousand transactions
bi_card_transactions.credit.volume,0000,Indonesia (national),2017-02-01,25427.736,thousand transactions
bi_card_transactions.credit.volume,0000,Indonesia (national),2017-03-01,27853.985,thousand transactions
bi_card_transactions.credit.volume,0000,Indonesia (national),2017-04-01,26704.833000000002,thousand transactions
bi_card_transactions.credit.volume,0000,Indonesia (national),2017-05-01,28439.085,thousand transactions
bi_card_transactions.credit.volume,0000,Indonesia (national),2017-06-01,26466.534000000003,thousand transactions
bi_card_transactions.credit.volume,0000,Indonesia (national),2017-07-01,26935.758,thousand transactions
bi_card_transactions.credit.volume,0000,Indonesia (national),2017-08-01,27017.216,thousand transactions
bi_card_transactions.credit.volume,0000,Indonesia (national),2017-09-01,25950.524,thousand transactions
bi_card_transactions.credit.volume,0000,Indonesia (national),2017-10-01,28225.842999999997,thousand transactions
bi_card_transactions.credit.volume,0000,Indonesia (national),2017-11-01,27672.146999999997,thousand transactions
bi_card_transactions.credit.volume,0000,Indonesia (national),2017-12-01,29224.159,thousand transactions
bi_card_transactions.credit.volume,0000,Indonesia (national),2018-01-01,28974.356,thousand transactions
bi_card_transactions.credit.volume,0000,Indonesia (national),2018-02-01,25112.361,thousand transactions
bi_card_transactions.credit.volume,0000,Indonesia (national),2018-03-01,27977.532,thousand transactions
bi_card_transactions.credit.volume,0000,Indonesia (national),2018-04-01,28338.644,thousand transactions
bi_card_transactions.credit.volume,0000,Indonesia (national),2018-05-01,29300.375000000004,thousand transactions
bi_card_transactions.credit.volume,0000,Indonesia (national),2018-06-01,27667.099000000002,thousand transactions
bi_card_transactions.credit.volume,0000,Indonesia (national),2018-07-01,28314.934,thousand transactions
bi_card_transactions.credit.volume,0000,Indonesia (national),2018-08-01,27581.814,thousand transactions
bi_card_transactions.credit.volume,0000,Indonesia (national),2018-09-01,26274.567,thousand transactions
bi_card_transactions.credit.volume,0000,Indonesia (national),2018-10-01,29679.965,thousand transactions
bi_card_transactions.credit.volume,0000,Indonesia (national),2018-11-01,28484.027000000002,thousand transactions
bi_card_transactions.credit.volume,0000,Indonesia (national),2018-12-01,30642.193,thousand transactions
bi_card_transactions.credit.volume,0000,Indonesia (national),2019-01-01,29012.561999999998,thousand transactions
bi_card_transactions.credit.volume,0000,Indonesia (national),2019-02-01,26449.509,thousand transactions
bi_card_transactions.credit.volume,0000,Indonesia (national),2019-03-01,28230.127999999997,thousand transactions
bi_card_transactions.credit.volume,0000,Indonesia (national),2019-04-01,29120.241,thousand transactions
bi_card_transactions.credit.volume,0000,Indonesia (national),2019-05-01,29354.916000000005,thousand transactions
bi_card_transactions.credit.volume,0000,Indonesia (national),2019-06-01,27120.802,thousand transactions
bi_card_transactions.credit.volume,0000,Indonesia (national),2019-07-01,30346.213,thousand transactions
bi_card_transactions.credit.volume,0000,Indonesia (national),2019-08-01,28479.999999999996,thousand transactions
bi_card_transactions.credit.volume,0000,Indonesia (national),2019-09-01,28539.329,thousand transactions
bi_card_transactions.credit.volume,0000,Indonesia (national),2019-10-01,30157.362999999998,thousand transactions
bi_card_transactions.credit.volume,0000,Indonesia (national),2019-11-01,29676.232000000004,thousand transactions
bi_card_transactions.credit.volume,0000,Indonesia (national),2019-12-01,32725.115999999998,thousand transactions
bi_card_transactions.credit.volume,0000,Indonesia (national),2020-01-01,29984.987999999998,thousand transactions
bi_card_transactions.credit.volume,0000,Indonesia (national),2020-02-01,27379.481,thousand transactions
bi_card_transactions.credit.volume,0000,Indonesia (national),2020-03-01,27168.332,thousand transactions
bi_card_transactions.credit.volume,0000,Indonesia (national),2020-04-01,19364.889,thousand transactions
bi_card_transactions.credit.volume,0000,Indonesia (national),2020-05-01,18601.624,thousand transactions
bi_card_transactions.credit.volume,0000,Indonesia (national),2020-06-01,20890.309999999998,thousand transactions
bi_card_transactions.credit.volume,0000,Indonesia (national),2020-07-01,21561.749,thousand transactions
bi_card_transactions.credit.volume,0000,Indonesia (national),2020-08-01,22494.85,thousand transactions
bi_card_transactions.credit.volume,0000,Indonesia (national),2020-09-01,20345.622,thousand transactions
bi_card_transactions.credit.volume,0000,Indonesia (national),2020-10-01,20266.879000000004,thousand transactions
bi_card_transactions.credit.volume,0000,Indonesia (national),2020-11-01,23027.925999999996,thousand transactions
bi_card_transactions.credit.volume,0000,Indonesia (national),2020-12-01,23595.782000000003,thousand transactions
bi_card_transactions.credit.volume,0000,Indonesia (national),2021-01-01,21367.824,thousand transactions
bi_card_transactions.credit.volume,0000,Indonesia (national),2021-02-01,20542.765,thousand transactions
bi_card_transactions.credit.volume,0000,Indonesia (national),2021-03-01,24315.456000000002,thousand transactions
bi_card_transactions.credit.volume,0000,Indonesia (national),2021-04-01,23250.939,thousand transactions
bi_card_transactions.credit.volume,0000,Indonesia (national),2021-05-01,23451.933999999997,thousand transactions
bi_card_transactions.credit.volume,0000,Indonesia (national),2021-06-01,23221.818999999996,thousand transactions
bi_card_transactions.credit.volume,0000,Indonesia (national),2021-07-01,20867.4,thousand transactions
bi_card_transactions.credit.volume,0000,Indonesia (national),2021-08-01,22738.002,thousand transactions
bi_card_transactions.credit.volume,0000,Indonesia (national),2021-09-01,23133.248,thousand transactions
bi_card_transactions.credit.volume,0000,Indonesia (national),2021-10-01,24764.344,thousand transactions
bi_card_transactions.credit.volume,0000,Indonesia (national),2021-11-01,26389.765,thousand transactions
bi_card_transactions.credit.volume,0000,Indonesia (national),2021-12-01,27857.966,thousand transactions
bi_card_transactions.credit.volume,0000,Indonesia (national),2022-01-01,27595.841,thousand transactions
bi_card_transactions.credit.volume,0000,Indonesia (national),2022-02-01,24170.958999999995,thousand transactions
bi_card_transactions.credit.volume,0000,Indonesia (national),2022-03-01,29034.372,thousand transactions
bi_card_transactions.credit.volume,0000,Indonesia (national),2022-04-01,26687.560999999998,thousand transactions
bi_card_transactions.credit.volume,0000,Indonesia (national),2022-05-01,28359.76,thousand transactions
bi_card_transactions.credit.volume,0000,Indonesia (national),2022-06-01,27926.832,thousand transactions
bi_card_transactions.credit.volume,0000,Indonesia (national),2022-07-01,28130.124,thousand transactions
bi_card_transactions.credit.volume,0000,Indonesia (national),2022-08-01,29952.766,thousand transactions
bi_card_transactions.credit.volume,0000,Indonesia (national),2022-09-01,28620.416999999998,thousand transactions
bi_card_transactions.credit.volume,0000,Indonesia (national),2022-10-01,29893.451999999997,thousand transactions
bi_card_transactions.credit.volume,0000,Indonesia (national),2022-11-01,30205.708,thousand transactions
bi_card_transactions.credit.volume,0000,Indonesia (national),2022-12-01,32188.297000000006,thousand transactions
bi_card_transactions.credit.volume,0000,Indonesia (national),2023-01-01,32149.776,thousand transactions
bi_card_transactions.credit.volume,0000,Indonesia (national),2023-02-01,29188.226000000002,thousand transactions
bi_card_transactions.credit.volume,0000,Indonesia (national),2023-03-01,32185.8,thousand transactions
bi_card_transactions.credit.volume,0000,Indonesia (national),2023-04-01,30467.521,thousand transactions
bi_card_transactions.credit.volume,0000,Indonesia (national),2023-05-01,32199.494,thousand transactions
bi_card_transactions.credit.volume,0000,Indonesia (national),2023-06-01,31870.822999999997,thousand transactions
bi_card_transactions.credit.volume,0000,Indonesia (national),2023-07-01,34529.725999999995,thousand transactions
bi_card_transactions.credit.volume,0000,Indonesia (national),2023-08-01,33875.02,thousand transactions
bi_card_transactions.credit.volume,0000,Indonesia (national),2023-09-01,33367.56100000001,thousand transactions
bi_card_transactions.credit.volume,0000,Indonesia (national),2023-10-01,33198.865000000005,thousand transactions
bi_card_transactions.credit.volume,0000,Indonesia (national),2023-11-01,33977.397999999994,thousand transactions
bi_card_transactions.credit.volume,0000,Indonesia (national),2023-12-01,36609.893,thousand transactions
bi_card_transactions.credit.volume,0000,Indonesia (national),2024-01-01,36097.254,thousand transactions
bi_card_transactions.credit.volume,0000,Indonesia (national),2024-02-01,34079.92999999999,thousand transactions
bi_card_transactions.credit.volume,0000,Indonesia (national),2024-03-01,36735.33700000001,thousand transactions
bi_card_transactions.credit.volume,0000,Indonesia (national),2024-04-01,36359.519,thousand transactions
bi_card_transactions.credit.volume,0000,Indonesia (national),2024-05-01,37689.37,thousand transactions
bi_card_transactions.credit.volume,0000,Indonesia (national),2024-06-01,37073.873,thousand transactions
bi_card_transactions.credit.volume,0000,Indonesia (national),2024-07-01,39830.879,thousand transactions
bi_card_transactions.credit.volume,0000,Indonesia (national),2024-08-01,38850.839,thousand transactions
bi_card_transactions.credit.volume,0000,Indonesia (national),2024-09-01,39235.84,thousand transactions
bi_card_transactions.credit.volume,0000,Indonesia (national),2024-10-01,40469.626,thousand transactions
bi_card_transactions.credit.volume,0000,Indonesia (national),2024-11-01,39841.049,thousand transactions
bi_card_transactions.credit.volume,0000,Indonesia (national),2024-12-01,43720.731999999996,thousand transactions
bi_card_transactions.credit.volume,0000,Indonesia (national),2025-01-01,41833.074,thousand transactions
bi_card_transactions.credit.volume,0000,Indonesia (national),2025-02-01,37632.879,thousand transactions
bi_card_transactions.credit.volume,0000,Indonesia (national),2025-03-01,41271.662000000004,thousand transactions
bi_card_transactions.credit.volume,0000,Indonesia (national),2025-04-01,40673.73299999998,thousand transactions
bi_card_transactions.credit.volume,0000,Indonesia (national),2025-05-01,41846.702999999994,thousand transactions
bi_card_transactions.credit.volume,0000,Indonesia (national),2025-06-01,42642.89,thousand transactions
bi_card_transactions.credit.volume,0000,Indonesia (national),2025-07-01,45134.62299999999,thousand transactions
bi_card_transactions.credit.volume,0000,Indonesia (national),2025-08-01,42956.416,thousand transactions
bi_card_transactions.credit.volume,0000,Indonesia (national),2025-09-01,42653.93999999999,thousand transactions
bi_card_transactions.credit.volume,0000,Indonesia (national),2025-10-01,45225.60400000001,thousand transactions
bi_card_transactions.credit.volume,0000,Indonesia (national),2025-11-01,44730.14699999999,thousand transactions
bi_card_transactions.credit.volume,0000,Indonesia (national),2025-12-01,49195.22400000001,thousand transactions
bi_card_transactions.credit.volume,0000,Indonesia (national),2026-01-01,45659.558000000034,thousand transactions
bi_card_transactions.credit.volume,0000,Indonesia (national),2026-02-01,42008.70300000001,thousand transactions
bi_card_transactions.credit.volume,0000,Indonesia (national),2026-03-01,46617.94700000002,thousand transactions
bi_card_transactions.credit.volume,0000,Indonesia (national),2026-04-01,44940.629,thousand transactions
bi_card_transactions.credit.volume,0000,Indonesia (national),2026-05-01,47529.55799999999,thousand transactions
bi_card_transactions.credit.volume,0000,Indonesia (national),2026-06-01,49347.153999999995,thousand transactions
