series_id,geo_id,geo_name,ref_date,ref_period,frequency,value,unit
bi_consumer_survey.durable_goods_purchase,0000,Indonesia (national),2012-01-01,M,monthly,105.3,index
bi_consumer_survey.durable_goods_purchase,0000,Indonesia (national),2012-02-01,M,monthly,98.2,index
bi_consumer_survey.durable_goods_purchase,0000,Indonesia (national),2012-03-01,M,monthly,100.3,index
bi_consumer_survey.durable_goods_purchase,0000,Indonesia (national),2012-04-01,M,monthly,92.8,index
bi_consumer_survey.durable_goods_purchase,0000,Indonesia (national),2012-05-01,M,monthly,101.7,index
bi_consumer_survey.durable_goods_purchase,0000,Indonesia (national),2012-06-01,M,monthly,104.1,index
bi_consumer_survey.durable_goods_purchase,0000,Indonesia (national),2012-07-01,M,monthly,101.5,index
bi_consumer_survey.durable_goods_purchase,0000,Indonesia (national),2012-08-01,M,monthly,101.9,index
bi_consumer_survey.durable_goods_purchase,0000,Indonesia (national),2012-09-01,M,monthly,106.6,index
bi_consumer_survey.durable_goods_purchase,0000,Indonesia (national),2012-10-01,M,monthly,108.4,index
bi_consumer_survey.durable_goods_purchase,0000,Indonesia (national),2012-11-01,M,monthly,114.8,index
bi_consumer_survey.durable_goods_purchase,0000,Indonesia (national),2012-12-01,M,monthly,110.9,index
bi_consumer_survey.durable_goods_purchase,0000,Indonesia (national),2013-01-01,M,monthly,103.6,index
bi_consumer_survey.durable_goods_purchase,0000,Indonesia (national),2013-02-01,M,monthly,108.2,index
bi_consumer_survey.durable_goods_purchase,0000,Indonesia (national),2013-03-01,M,monthly,108.2,index
bi_consumer_survey.durable_goods_purchase,0000,Indonesia (national),2013-04-01,M,monthly,100.5,index
bi_consumer_survey.durable_goods_purchase,0000,Indonesia (national),2013-05-01,M,monthly,103.1,index
bi_consumer_survey.durable_goods_purchase,0000,Indonesia (national),2013-06-01,M,monthly,109.4,index
bi_consumer_survey.durable_goods_purchase,0000,Indonesia (national),2013-07-01,M,monthly,106.5,index
bi_consumer_survey.durable_goods_purchase,0000,Indonesia (national),2013-08-01,M,monthly,105.6,index
bi_consumer_survey.durable_goods_purchase,0000,Indonesia (national),2013-09-01,M,monthly,104.9,index
bi_consumer_survey.durable_goods_purchase,0000,Indonesia (national),2013-10-01,M,monthly,103.0,index
bi_consumer_survey.durable_goods_purchase,0000,Indonesia (national),2013-11-01,M,monthly,105.6,index
bi_consumer_survey.durable_goods_purchase,0000,Indonesia (national),2013-12-01,M,monthly,108.7,index
bi_consumer_survey.durable_goods_purchase,0000,Indonesia (national),2014-01-01,M,monthly,110.1,index
bi_consumer_survey.durable_goods_purchase,0000,Indonesia (national),2014-02-01,M,monthly,111.1,index
bi_consumer_survey.durable_goods_purchase,0000,Indonesia (national),2014-03-01,M,monthly,110.2,index
bi_consumer_survey.durable_goods_purchase,0000,Indonesia (national),2014-04-01,M,monthly,106.5,index
bi_consumer_survey.durable_goods_purchase,0000,Indonesia (national),2014-05-01,M,monthly,109.6,index
bi_consumer_survey.durable_goods_purchase,0000,Indonesia (national),2014-06-01,M,monthly,108.8,index
bi_consumer_survey.durable_goods_purchase,0000,Indonesia (national),2014-07-01,M,monthly,112.5,index
bi_consumer_survey.durable_goods_purchase,0000,Indonesia (national),2014-08-01,M,monthly,110.7,index
bi_consumer_survey.durable_goods_purchase,0000,Indonesia (national),2014-09-01,M,monthly,112.6,index
bi_consumer_survey.durable_goods_purchase,0000,Indonesia (national),2014-10-01,M,monthly,111.2,index
bi_consumer_survey.durable_goods_purchase,0000,Indonesia (national),2014-11-01,M,monthly,110.9,index
bi_consumer_survey.durable_goods_purchase,0000,Indonesia (national),2014-12-01,M,monthly,106.4,index
bi_consumer_survey.durable_goods_purchase,0000,Indonesia (national),2015-01-01,M,monthly,108.2,index
bi_consumer_survey.durable_goods_purchase,0000,Indonesia (national),2015-02-01,M,monthly,110.8,index
bi_consumer_survey.durable_goods_purchase,0000,Indonesia (national),2015-03-01,M,monthly,104.2,index
bi_consumer_survey.durable_goods_purchase,0000,Indonesia (national),2015-04-01,M,monthly,94.3,index
bi_consumer_survey.durable_goods_purchase,0000,Indonesia (national),2015-05-01,M,monthly,98.5,index
bi_consumer_survey.durable_goods_purchase,0000,Indonesia (national),2015-06-01,M,monthly,94.3,index
bi_consumer_survey.durable_goods_purchase,0000,Indonesia (national),2015-07-01,M,monthly,97.0,index
bi_consumer_survey.durable_goods_purchase,0000,Indonesia (national),2015-08-01,M,monthly,97.1,index
bi_consumer_survey.durable_goods_purchase,0000,Indonesia (national),2015-09-01,M,monthly,86.7,index
bi_consumer_survey.durable_goods_purchase,0000,Indonesia (national),2015-10-01,M,monthly,88.9,index
bi_consumer_survey.durable_goods_purchase,0000,Indonesia (national),2015-11-01,M,monthly,91.7,index
bi_consumer_survey.durable_goods_purchase,0000,Indonesia (national),2015-12-01,M,monthly,91.2,index
bi_consumer_survey.durable_goods_purchase,0000,Indonesia (national),2016-01-01,M,monthly,93.8,index
bi_consumer_survey.durable_goods_purchase,0000,Indonesia (national),2016-02-01,M,monthly,94.2,index
bi_consumer_survey.durable_goods_purchase,0000,Indonesia (national),2016-03-01,M,monthly,95.0,index
bi_consumer_survey.durable_goods_purchase,0000,Indonesia (national),2016-04-01,M,monthly,93.2,index
bi_consumer_survey.durable_goods_purchase,0000,Indonesia (national),2016-05-01,M,monthly,94.0,index
bi_consumer_survey.durable_goods_purchase,0000,Indonesia (national),2016-06-01,M,monthly,96.3,index
bi_consumer_survey.durable_goods_purchase,0000,Indonesia (national),2016-07-01,M,monthly,98.3,index
bi_consumer_survey.durable_goods_purchase,0000,Indonesia (national),2016-08-01,M,monthly,95.3,index
bi_consumer_survey.durable_goods_purchase,0000,Indonesia (national),2016-09-01,M,monthly,92.1,index
bi_consumer_survey.durable_goods_purchase,0000,Indonesia (national),2016-10-01,M,monthly,101.6,index
bi_consumer_survey.durable_goods_purchase,0000,Indonesia (national),2016-11-01,M,monthly,103.5,index
bi_consumer_survey.durable_goods_purchase,0000,Indonesia (national),2016-12-01,M,monthly,102.1,index
bi_consumer_survey.durable_goods_purchase,0000,Indonesia (national),2017-01-01,M,monthly,105.4,index
bi_consumer_survey.durable_goods_purchase,0000,Indonesia (national),2017-02-01,M,monthly,106.9,index
bi_consumer_survey.durable_goods_purchase,0000,Indonesia (national),2017-03-01,M,monthly,110.3,index
bi_consumer_survey.durable_goods_purchase,0000,Indonesia (national),2017-04-01,M,monthly,113.4,index
bi_consumer_survey.durable_goods_purchase,0000,Indonesia (national),2017-05-01,M,monthly,116.0,index
bi_consumer_survey.durable_goods_purchase,0000,Indonesia (national),2017-06-01,M,monthly,117.5,index
bi_consumer_survey.durable_goods_purchase,0000,Indonesia (national),2017-07-01,M,monthly,114.4,index
bi_consumer_survey.durable_goods_purchase,0000,Indonesia (national),2017-08-01,M,monthly,110.7,index
bi_consumer_survey.durable_goods_purchase,0000,Indonesia (national),2017-09-01,M,monthly,112.2,index
bi_consumer_survey.durable_goods_purchase,0000,Indonesia (national),2017-10-01,M,monthly,110.1,index
bi_consumer_survey.durable_goods_purchase,0000,Indonesia (national),2017-11-01,M,monthly,112.4,index
bi_consumer_survey.durable_goods_purchase,0000,Indonesia (national),2017-12-01,M,monthly,123.3,index
bi_consumer_survey.durable_goods_purchase,0000,Indonesia (national),2018-01-01,M,monthly,119.4,index
bi_consumer_survey.durable_goods_purchase,0000,Indonesia (national),2018-02-01,M,monthly,115.5,index
bi_consumer_survey.durable_goods_purchase,0000,Indonesia (national),2018-03-01,M,monthly,113.9,index
bi_consumer_survey.durable_goods_purchase,0000,Indonesia (national),2018-04-01,M,monthly,113.9,index
bi_consumer_survey.durable_goods_purchase,0000,Indonesia (national),2018-05-01,M,monthly,123.0,index
bi_consumer_survey.durable_goods_purchase,0000,Indonesia (national),2018-06-01,M,monthly,128.9,index
bi_consumer_survey.durable_goods_purchase,0000,Indonesia (national),2018-07-01,M,monthly,120.7,index
bi_consumer_survey.durable_goods_purchase,0000,Indonesia (national),2018-08-01,M,monthly,113.6,index
bi_consumer_survey.durable_goods_purchase,0000,Indonesia (national),2018-09-01,M,monthly,113.9,index
bi_consumer_survey.durable_goods_purchase,0000,Indonesia (national),2018-10-01,M,monthly,110.9,index
bi_consumer_survey.durable_goods_purchase,0000,Indonesia (national),2018-11-01,M,monthly,112.0,index
bi_consumer_survey.durable_goods_purchase,0000,Indonesia (national),2018-12-01,M,monthly,117.7,index
bi_consumer_survey.durable_goods_purchase,0000,Indonesia (national),2019-01-01,M,monthly,113.1,index
bi_consumer_survey.durable_goods_purchase,0000,Indonesia (national),2019-02-01,M,monthly,112.4,index
bi_consumer_survey.durable_goods_purchase,0000,Indonesia (national),2019-03-01,M,monthly,110.1,index
bi_consumer_survey.durable_goods_purchase,0000,Indonesia (national),2019-04-01,M,monthly,114.0,index
bi_consumer_survey.durable_goods_purchase,0000,Indonesia (national),2019-05-01,M,monthly,115.6,index
bi_consumer_survey.durable_goods_purchase,0000,Indonesia (national),2019-06-01,M,monthly,116.6,index
bi_consumer_survey.durable_goods_purchase,0000,Indonesia (national),2019-07-01,M,monthly,113.6,index
bi_consumer_survey.durable_goods_purchase,0000,Indonesia (national),2019-08-01,M,monthly,113.9,index
bi_consumer_survey.durable_goods_purchase,0000,Indonesia (national),2019-09-01,M,monthly,111.7,index
bi_consumer_survey.durable_goods_purchase,0000,Indonesia (national),2019-10-01,M,monthly,109.8,index
bi_consumer_survey.durable_goods_purchase,0000,Indonesia (national),2019-11-01,M,monthly,113.6,index
bi_consumer_survey.durable_goods_purchase,0000,Indonesia (national),2019-12-01,M,monthly,117.5,index
bi_consumer_survey.durable_goods_purchase,0000,Indonesia (national),2020-01-01,M,monthly,113.7,index
bi_consumer_survey.durable_goods_purchase,0000,Indonesia (national),2020-02-01,M,monthly,112.3,index
bi_consumer_survey.durable_goods_purchase,0000,Indonesia (national),2020-03-01,M,monthly,109.9,index
bi_consumer_survey.durable_goods_purchase,0000,Indonesia (national),2020-04-01,M,monthly,83.7,index
bi_consumer_survey.durable_goods_purchase,0000,Indonesia (national),2020-05-01,M,monthly,73.2,index
bi_consumer_survey.durable_goods_purchase,0000,Indonesia (national),2020-06-01,M,monthly,66.0,index
bi_consumer_survey.durable_goods_purchase,0000,Indonesia (national),2020-07-01,M,monthly,68.5,index
bi_consumer_survey.durable_goods_purchase,0000,Indonesia (national),2020-08-01,M,monthly,71.8,index
bi_consumer_survey.durable_goods_purchase,0000,Indonesia (national),2020-09-01,M,monthly,69.5,index
bi_consumer_survey.durable_goods_purchase,0000,Indonesia (national),2020-10-01,M,monthly,69.2,index
bi_consumer_survey.durable_goods_purchase,0000,Indonesia (national),2020-11-01,M,monthly,73.2,index
bi_consumer_survey.durable_goods_purchase,0000,Indonesia (national),2020-12-01,M,monthly,78.8,index
bi_consumer_survey.durable_goods_purchase,0000,Indonesia (national),2021-01-01,M,monthly,76.6,index
bi_consumer_survey.durable_goods_purchase,0000,Indonesia (national),2021-02-01,M,monthly,76.9,index
bi_consumer_survey.durable_goods_purchase,0000,Indonesia (national),2021-03-01,M,monthly,80.0,index
bi_consumer_survey.durable_goods_purchase,0000,Indonesia (national),2021-04-01,M,monthly,84.6,index
bi_consumer_survey.durable_goods_purchase,0000,Indonesia (national),2021-05-01,M,monthly,87.7,index
bi_consumer_survey.durable_goods_purchase,0000,Indonesia (national),2021-06-01,M,monthly,91.0,index
bi_consumer_survey.durable_goods_purchase,0000,Indonesia (national),2021-07-01,M,monthly,77.2,index
bi_consumer_survey.durable_goods_purchase,0000,Indonesia (national),2021-08-01,M,monthly,74.3,index
bi_consumer_survey.durable_goods_purchase,0000,Indonesia (national),2021-09-01,M,monthly,80.1,index
bi_consumer_survey.durable_goods_purchase,0000,Indonesia (national),2021-10-01,M,monthly,88.4,index
bi_consumer_survey.durable_goods_purchase,0000,Indonesia (national),2021-11-01,M,monthly,93.0,index
bi_consumer_survey.durable_goods_purchase,0000,Indonesia (national),2021-12-01,M,monthly,91.9,index
bi_consumer_survey.durable_goods_purchase,0000,Indonesia (national),2022-01-01,M,monthly,94.3,index
bi_consumer_survey.durable_goods_purchase,0000,Indonesia (national),2022-02-01,M,monthly,94.0,index
bi_consumer_survey.durable_goods_purchase,0000,Indonesia (national),2022-03-01,M,monthly,92.3,index
bi_consumer_survey.durable_goods_purchase,0000,Indonesia (national),2022-04-01,M,monthly,94.5,index
bi_consumer_survey.durable_goods_purchase,0000,Indonesia (national),2022-05-01,M,monthly,110.2,index
bi_consumer_survey.durable_goods_purchase,0000,Indonesia (national),2022-06-01,M,monthly,104.8,index
bi_consumer_survey.durable_goods_purchase,0000,Indonesia (national),2022-07-01,M,monthly,102.8,index
bi_consumer_survey.durable_goods_purchase,0000,Indonesia (national),2022-08-01,M,monthly,103.1,index
bi_consumer_survey.durable_goods_purchase,0000,Indonesia (national),2022-09-01,M,monthly,102.5,index
bi_consumer_survey.durable_goods_purchase,0000,Indonesia (national),2022-10-01,M,monthly,107.1,index
bi_consumer_survey.durable_goods_purchase,0000,Indonesia (national),2022-11-01,M,monthly,104.9,index
bi_consumer_survey.durable_goods_purchase,0000,Indonesia (national),2022-12-01,M,monthly,106.2,index
bi_consumer_survey.durable_goods_purchase,0000,Indonesia (national),2023-01-01,M,monthly,106.5,index
bi_consumer_survey.durable_goods_purchase,0000,Indonesia (national),2023-02-01,M,monthly,104.7,index
bi_consumer_survey.durable_goods_purchase,0000,Indonesia (national),2023-03-01,M,monthly,105.0,index
bi_consumer_survey.durable_goods_purchase,0000,Indonesia (national),2023-04-01,M,monthly,107.8,index
bi_consumer_survey.durable_goods_purchase,0000,Indonesia (national),2023-05-01,M,monthly,110.2,index
bi_consumer_survey.durable_goods_purchase,0000,Indonesia (national),2023-06-01,M,monthly,107.7,index
bi_consumer_survey.durable_goods_purchase,0000,Indonesia (national),2023-07-01,M,monthly,108.5,index
bi_consumer_survey.durable_goods_purchase,0000,Indonesia (national),2023-08-01,M,monthly,111.6,index
bi_consumer_survey.durable_goods_purchase,0000,Indonesia (national),2023-09-01,M,monthly,109.3,index
bi_consumer_survey.durable_goods_purchase,0000,Indonesia (national),2023-10-01,M,monthly,109.2,index
bi_consumer_survey.durable_goods_purchase,0000,Indonesia (national),2023-11-01,M,monthly,110.2,index
bi_consumer_survey.durable_goods_purchase,0000,Indonesia (national),2023-12-01,M,monthly,113.0,index
bi_consumer_survey.durable_goods_purchase,0000,Indonesia (national),2024-01-01,M,monthly,112.1,index
bi_consumer_survey.durable_goods_purchase,0000,Indonesia (national),2024-02-01,M,monthly,110.6,index
bi_consumer_survey.durable_goods_purchase,0000,Indonesia (national),2024-03-01,M,monthly,111.4,index
bi_consumer_survey.durable_goods_purchase,0000,Indonesia (national),2024-04-01,M,monthly,116.4,index
bi_consumer_survey.durable_goods_purchase,0000,Indonesia (national),2024-05-01,M,monthly,112.7,index
bi_consumer_survey.durable_goods_purchase,0000,Indonesia (national),2024-06-01,M,monthly,111.1,index
bi_consumer_survey.durable_goods_purchase,0000,Indonesia (national),2024-07-01,M,monthly,111.5,index
bi_consumer_survey.durable_goods_purchase,0000,Indonesia (national),2024-08-01,M,monthly,111.5,index
bi_consumer_survey.durable_goods_purchase,0000,Indonesia (national),2024-09-01,M,monthly,111.2,index
bi_consumer_survey.durable_goods_purchase,0000,Indonesia (national),2024-10-01,M,monthly,107.0,index
bi_consumer_survey.durable_goods_purchase,0000,Indonesia (national),2024-11-01,M,monthly,108.4,index
bi_consumer_survey.durable_goods_purchase,0000,Indonesia (national),2024-12-01,M,monthly,111.8,index
bi_consumer_survey.durable_goods_purchase,0000,Indonesia (national),2025-01-01,M,monthly,110.3,index
bi_consumer_survey.durable_goods_purchase,0000,Indonesia (national),2025-02-01,M,monthly,113.7,index
bi_consumer_survey.durable_goods_purchase,0000,Indonesia (national),2025-03-01,M,monthly,110.2,index
bi_consumer_survey.durable_goods_purchase,0000,Indonesia (national),2025-04-01,M,monthly,113.9,index
bi_consumer_survey.durable_goods_purchase,0000,Indonesia (national),2025-05-01,M,monthly,104.1,index
bi_consumer_survey.durable_goods_purchase,0000,Indonesia (national),2025-06-01,M,monthly,105.9,index
bi_consumer_survey.durable_goods_purchase,0000,Indonesia (national),2025-07-01,M,monthly,106.6,index
bi_consumer_survey.durable_goods_purchase,0000,Indonesia (national),2025-08-01,M,monthly,105.1,index
bi_consumer_survey.durable_goods_purchase,0000,Indonesia (national),2025-09-01,M,monthly,103.2,index
bi_consumer_survey.durable_goods_purchase,0000,Indonesia (national),2025-10-01,M,monthly,107.5,index
bi_consumer_survey.durable_goods_purchase,0000,Indonesia (national),2025-11-01,M,monthly,109.4,index
bi_consumer_survey.durable_goods_purchase,0000,Indonesia (national),2025-12-01,M,monthly,107.6,index
bi_consumer_survey.durable_goods_purchase,0000,Indonesia (national),2026-01-01,M,monthly,111.8,index
bi_consumer_survey.durable_goods_purchase,0000,Indonesia (national),2026-02-01,M,monthly,112.0,index
bi_consumer_survey.durable_goods_purchase,0000,Indonesia (national),2026-03-01,M,monthly,109.2,index
bi_consumer_survey.durable_goods_purchase,0000,Indonesia (national),2026-04-01,M,monthly,112.6,index
bi_consumer_survey.durable_goods_purchase,0000,Indonesia (national),2026-05-01,M,monthly,108.3,index
bi_consumer_survey.durable_goods_purchase,0000,Indonesia (national),2026-06-01,M,monthly,105.9,index
bi_consumer_survey.durable_goods_purchase,0000,Indonesia (national),2026-07-01,M,monthly,104.1,index
bi_consumer_survey.durable_goods_purchase,0000,Indonesia (national),2026-08-01,M,monthly,106.1,index
bi_consumer_survey.expectation.consumption_spend_3m,0000,Indonesia (national),2012-01-01,M,monthly,165.5,index
bi_consumer_survey.expectation.consumption_spend_3m,0000,Indonesia (national),2012-02-01,M,monthly,164.1,index
bi_consumer_survey.expectation.consumption_spend_3m,0000,Indonesia (national),2012-03-01,M,monthly,175.5,index
bi_consumer_survey.expectation.consumption_spend_3m,0000,Indonesia (national),2012-04-01,M,monthly,172.9,index
bi_consumer_survey.expectation.consumption_spend_3m,0000,Indonesia (national),2012-05-01,M,monthly,170.3,index
bi_consumer_survey.expectation.consumption_spend_3m,0000,Indonesia (national),2012-06-01,M,monthly,172.4,index
bi_consumer_survey.expectation.consumption_spend_3m,0000,Indonesia (national),2012-07-01,M,monthly,177.5,index
bi_consumer_survey.expectation.consumption_spend_3m,0000,Indonesia (national),2012-08-01,M,monthly,163.5,index
bi_consumer_survey.expectation.consumption_spend_3m,0000,Indonesia (national),2012-09-01,M,monthly,163.0,index
bi_consumer_survey.expectation.consumption_spend_3m,0000,Indonesia (national),2012-10-01,M,monthly,166.0,index
bi_consumer_survey.expectation.consumption_spend_3m,0000,Indonesia (national),2012-11-01,M,monthly,164.3,index
bi_consumer_survey.expectation.consumption_spend_3m,0000,Indonesia (national),2012-12-01,M,monthly,161.8,index
bi_consumer_survey.expectation.consumption_spend_3m,0000,Indonesia (national),2013-01-01,M,monthly,161.5,index
bi_consumer_survey.expectation.consumption_spend_3m,0000,Indonesia (national),2013-02-01,M,monthly,161.6,index
bi_consumer_survey.expectation.consumption_spend_3m,0000,Indonesia (national),2013-03-01,M,monthly,163.1,index
bi_consumer_survey.expectation.consumption_spend_3m,0000,Indonesia (national),2013-04-01,M,monthly,164.1,index
bi_consumer_survey.expectation.consumption_spend_3m,0000,Indonesia (national),2013-05-01,M,monthly,170.8,index
bi_consumer_survey.expectation.consumption_spend_3m,0000,Indonesia (national),2013-06-01,M,monthly,172.5,index
bi_consumer_survey.expectation.consumption_spend_3m,0000,Indonesia (national),2013-07-01,M,monthly,173.6,index
bi_consumer_survey.expectation.consumption_spend_3m,0000,Indonesia (national),2013-08-01,M,monthly,160.5,index
bi_consumer_survey.expectation.consumption_spend_3m,0000,Indonesia (national),2013-09-01,M,monthly,164.2,index
bi_consumer_survey.expectation.consumption_spend_3m,0000,Indonesia (national),2013-10-01,M,monthly,166.0,index
bi_consumer_survey.expectation.consumption_spend_3m,0000,Indonesia (national),2013-11-01,M,monthly,161.6,index
bi_consumer_survey.expectation.consumption_spend_3m,0000,Indonesia (national),2013-12-01,M,monthly,159.7,index
bi_consumer_survey.expectation.consumption_spend_3m,0000,Indonesia (national),2014-01-01,M,monthly,165.7,index
bi_consumer_survey.expectation.consumption_spend_3m,0000,Indonesia (national),2014-02-01,M,monthly,165.4,index
bi_consumer_survey.expectation.consumption_spend_3m,0000,Indonesia (national),2014-03-01,M,monthly,164.4,index
bi_consumer_survey.expectation.consumption_spend_3m,0000,Indonesia (national),2014-04-01,M,monthly,170.3,index
bi_consumer_survey.expectation.consumption_spend_3m,0000,Indonesia (national),2014-05-01,M,monthly,172.5,index
bi_consumer_survey.expectation.consumption_spend_3m,0000,Indonesia (national),2014-06-01,M,monthly,172.4,index
bi_consumer_survey.expectation.consumption_spend_3m,0000,Indonesia (national),2014-07-01,M,monthly,161.0,index
bi_consumer_survey.expectation.consumption_spend_3m,0000,Indonesia (national),2014-08-01,M,monthly,156.6,index
bi_consumer_survey.expectation.consumption_spend_3m,0000,Indonesia (national),2014-09-01,M,monthly,166.0,index
bi_consumer_survey.expectation.consumption_spend_3m,0000,Indonesia (national),2014-10-01,M,monthly,162.5,index
bi_consumer_survey.expectation.consumption_spend_3m,0000,Indonesia (national),2014-11-01,M,monthly,165.2,index
bi_consumer_survey.expectation.consumption_spend_3m,0000,Indonesia (national),2014-12-01,M,monthly,168.6,index
bi_consumer_survey.expectation.consumption_spend_3m,0000,Indonesia (national),2015-01-01,M,monthly,160.3,index
bi_consumer_survey.expectation.consumption_spend_3m,0000,Indonesia (national),2015-02-01,M,monthly,157.9,index
bi_consumer_survey.expectation.consumption_spend_3m,0000,Indonesia (national),2015-03-01,M,monthly,163.9,index
bi_consumer_survey.expectation.consumption_spend_3m,0000,Indonesia (national),2015-04-01,M,monthly,172.5,index
bi_consumer_survey.expectation.consumption_spend_3m,0000,Indonesia (national),2015-05-01,M,monthly,173.7,index
bi_consumer_survey.expectation.consumption_spend_3m,0000,Indonesia (national),2015-06-01,M,monthly,173.9,index
bi_consumer_survey.expectation.consumption_spend_3m,0000,Indonesia (national),2015-07-01,M,monthly,163.0,index
bi_consumer_survey.expectation.consumption_spend_3m,0000,Indonesia (national),2015-08-01,M,monthly,159.8,index
bi_consumer_survey.expectation.consumption_spend_3m,0000,Indonesia (national),2015-09-01,M,monthly,161.6,index
bi_consumer_survey.expectation.consumption_spend_3m,0000,Indonesia (national),2015-10-01,M,monthly,155.6,index
bi_consumer_survey.expectation.consumption_spend_3m,0000,Indonesia (national),2015-11-01,M,monthly,155.3,index
bi_consumer_survey.expectation.consumption_spend_3m,0000,Indonesia (national),2015-12-01,M,monthly,158.7,index
bi_consumer_survey.expectation.consumption_spend_3m,0000,Indonesia (national),2016-01-01,M,monthly,159.1,index
bi_consumer_survey.expectation.consumption_spend_3m,0000,Indonesia (national),2016-02-01,M,monthly,161.1,index
bi_consumer_survey.expectation.consumption_spend_3m,0000,Indonesia (national),2016-03-01,M,monthly,161.6,index
bi_consumer_survey.expectation.consumption_spend_3m,0000,Indonesia (national),2016-04-01,M,monthly,163.0,index
bi_consumer_survey.expectation.consumption_spend_3m,0000,Indonesia (national),2016-05-01,M,monthly,165.2,index
bi_consumer_survey.expectation.consumption_spend_3m,0000,Indonesia (national),2016-06-01,M,monthly,157.4,index
bi_consumer_survey.expectation.consumption_spend_3m,0000,Indonesia (national),2016-07-01,M,monthly,144.2,index
bi_consumer_survey.expectation.consumption_spend_3m,0000,Indonesia (national),2016-08-01,M,monthly,150.1,index
bi_consumer_survey.expectation.consumption_spend_3m,0000,Indonesia (national),2016-09-01,M,monthly,154.2,index
bi_consumer_survey.expectation.consumption_spend_3m,0000,Indonesia (national),2016-10-01,M,monthly,154.0,index
bi_consumer_survey.expectation.consumption_spend_3m,0000,Indonesia (national),2016-11-01,M,monthly,156.5,index
bi_consumer_survey.expectation.consumption_spend_3m,0000,Indonesia (national),2016-12-01,M,monthly,154.6,index
bi_consumer_survey.expectation.consumption_spend_3m,0000,Indonesia (national),2017-01-01,M,monthly,155.3,index
bi_consumer_survey.expectation.consumption_spend_3m,0000,Indonesia (national),2017-02-01,M,monthly,161.5,index
bi_consumer_survey.expectation.consumption_spend_3m,0000,Indonesia (national),2017-03-01,M,monthly,162.7,index
bi_consumer_survey.expectation.consumption_spend_3m,0000,Indonesia (national),2017-04-01,M,monthly,161.9,index
bi_consumer_survey.expectation.consumption_spend_3m,0000,Indonesia (national),2017-05-01,M,monthly,165.9,index
bi_consumer_survey.expectation.consumption_spend_3m,0000,Indonesia (national),2017-06-01,M,monthly,159.5,index
bi_consumer_survey.expectation.consumption_spend_3m,0000,Indonesia (national),2017-07-01,M,monthly,155.7,index
bi_consumer_survey.expectation.consumption_spend_3m,0000,Indonesia (national),2017-08-01,M,monthly,156.6,index
bi_consumer_survey.expectation.consumption_spend_3m,0000,Indonesia (national),2017-09-01,M,monthly,156.3,index
bi_consumer_survey.expectation.consumption_spend_3m,0000,Indonesia (national),2017-10-01,M,monthly,155.7,index
bi_consumer_survey.expectation.consumption_spend_3m,0000,Indonesia (national),2017-11-01,M,monthly,155.8,index
bi_consumer_survey.expectation.consumption_spend_3m,0000,Indonesia (national),2017-12-01,M,monthly,158.7,index
bi_consumer_survey.expectation.consumption_spend_3m,0000,Indonesia (national),2018-01-01,M,monthly,156.6,index
bi_consumer_survey.expectation.consumption_spend_3m,0000,Indonesia (national),2018-02-01,M,monthly,160.1,index
bi_consumer_survey.expectation.consumption_spend_3m,0000,Indonesia (national),2018-03-01,M,monthly,164.4,index
bi_consumer_survey.expectation.consumption_spend_3m,0000,Indonesia (national),2018-04-01,M,monthly,166.1,index
bi_consumer_survey.expectation.consumption_spend_3m,0000,Indonesia (national),2018-05-01,M,monthly,166.8,index
bi_consumer_survey.expectation.consumption_spend_3m,0000,Indonesia (national),2018-06-01,M,monthly,161.9,index
bi_consumer_survey.expectation.consumption_spend_3m,0000,Indonesia (national),2018-07-01,M,monthly,160.2,index
bi_consumer_survey.expectation.consumption_spend_3m,0000,Indonesia (national),2018-08-01,M,monthly,158.8,index
bi_consumer_survey.expectation.consumption_spend_3m,0000,Indonesia (national),2018-09-01,M,monthly,161.6,index
bi_consumer_survey.expectation.consumption_spend_3m,0000,Indonesia (national),2018-10-01,M,monthly,160.9,index
bi_consumer_survey.expectation.consumption_spend_3m,0000,Indonesia (national),2018-11-01,M,monthly,157.3,index
bi_consumer_survey.expectation.consumption_spend_3m,0000,Indonesia (national),2018-12-01,M,monthly,161.1,index
bi_consumer_survey.expectation.consumption_spend_3m,0000,Indonesia (national),2019-01-01,M,monthly,157.5,index
bi_consumer_survey.expectation.consumption_spend_3m,0000,Indonesia (national),2019-02-01,M,monthly,161.8,index
bi_consumer_survey.expectation.consumption_spend_3m,0000,Indonesia (national),2019-03-01,M,monthly,161.5,index
bi_consumer_survey.expectation.consumption_spend_3m,0000,Indonesia (national),2019-04-01,M,monthly,164.7,index
bi_consumer_survey.expectation.consumption_spend_3m,0000,Indonesia (national),2019-05-01,M,monthly,163.7,index
bi_consumer_survey.expectation.consumption_spend_3m,0000,Indonesia (national),2019-06-01,M,monthly,157.1,index
bi_consumer_survey.expectation.consumption_spend_3m,0000,Indonesia (national),2019-07-01,M,monthly,155.9,index
bi_consumer_survey.expectation.consumption_spend_3m,0000,Indonesia (national),2019-08-01,M,monthly,158.8,index
bi_consumer_survey.expectation.consumption_spend_3m,0000,Indonesia (national),2019-09-01,M,monthly,160.7,index
bi_consumer_survey.expectation.consumption_spend_3m,0000,Indonesia (national),2019-10-01,M,monthly,160.3,index
bi_consumer_survey.expectation.consumption_spend_3m,0000,Indonesia (national),2019-11-01,M,monthly,161.2,index
bi_consumer_survey.expectation.consumption_spend_3m,0000,Indonesia (national),2019-12-01,M,monthly,160.9,index
bi_consumer_survey.expectation.consumption_spend_3m,0000,Indonesia (national),2020-01-01,M,monthly,162.6,index
bi_consumer_survey.expectation.consumption_spend_3m,0000,Indonesia (national),2020-02-01,M,monthly,165.5,index
bi_consumer_survey.expectation.consumption_spend_3m,0000,Indonesia (national),2020-03-01,M,monthly,165.5,index
bi_consumer_survey.expectation.consumption_spend_3m.above_rp5juta,0000,Indonesia (national),2012-01-01,M,monthly,162.6,index
bi_consumer_survey.expectation.consumption_spend_3m.above_rp5juta,0000,Indonesia (national),2012-02-01,M,monthly,168.3,index
bi_consumer_survey.expectation.consumption_spend_3m.above_rp5juta,0000,Indonesia (national),2012-03-01,M,monthly,176.7,index
bi_consumer_survey.expectation.consumption_spend_3m.above_rp5juta,0000,Indonesia (national),2012-04-01,M,monthly,170.9,index
bi_consumer_survey.expectation.consumption_spend_3m.above_rp5juta,0000,Indonesia (national),2012-05-01,M,monthly,178.4,index
bi_consumer_survey.expectation.consumption_spend_3m.above_rp5juta,0000,Indonesia (national),2012-06-01,M,monthly,181.9,index
bi_consumer_survey.expectation.consumption_spend_3m.above_rp5juta,0000,Indonesia (national),2012-07-01,M,monthly,176.9,index
bi_consumer_survey.expectation.consumption_spend_3m.above_rp5juta,0000,Indonesia (national),2012-08-01,M,monthly,164.5,index
bi_consumer_survey.expectation.consumption_spend_3m.above_rp5juta,0000,Indonesia (national),2012-09-01,M,monthly,157.1,index
bi_consumer_survey.expectation.consumption_spend_3m.above_rp5juta,0000,Indonesia (national),2012-10-01,M,monthly,169.3,index
bi_consumer_survey.expectation.consumption_spend_3m.above_rp5juta,0000,Indonesia (national),2012-11-01,M,monthly,164.3,index
bi_consumer_survey.expectation.consumption_spend_3m.above_rp5juta,0000,Indonesia (national),2012-12-01,M,monthly,164.5,index
bi_consumer_survey.expectation.consumption_spend_3m.above_rp5juta,0000,Indonesia (national),2013-01-01,M,monthly,162.8,index
bi_consumer_survey.expectation.consumption_spend_3m.above_rp5juta,0000,Indonesia (national),2013-02-01,M,monthly,156.5,index
bi_consumer_survey.expectation.consumption_spend_3m.above_rp5juta,0000,Indonesia (national),2013-03-01,M,monthly,164.0,index
bi_consumer_survey.expectation.consumption_spend_3m.above_rp5juta,0000,Indonesia (national),2013-04-01,M,monthly,163.0,index
bi_consumer_survey.expectation.consumption_spend_3m.above_rp5juta,0000,Indonesia (national),2013-05-01,M,monthly,171.7,index
bi_consumer_survey.expectation.consumption_spend_3m.above_rp5juta,0000,Indonesia (national),2013-06-01,M,monthly,168.2,index
bi_consumer_survey.expectation.consumption_spend_3m.above_rp5juta,0000,Indonesia (national),2013-07-01,M,monthly,171.6,index
bi_consumer_survey.expectation.consumption_spend_3m.above_rp5juta,0000,Indonesia (national),2013-08-01,M,monthly,151.0,index
bi_consumer_survey.expectation.consumption_spend_3m.above_rp5juta,0000,Indonesia (national),2013-09-01,M,monthly,151.6,index
bi_consumer_survey.expectation.consumption_spend_3m.above_rp5juta,0000,Indonesia (national),2013-10-01,M,monthly,162.2,index
bi_consumer_survey.expectation.consumption_spend_3m.above_rp5juta,0000,Indonesia (national),2013-11-01,M,monthly,169.6,index
bi_consumer_survey.expectation.consumption_spend_3m.above_rp5juta,0000,Indonesia (national),2013-12-01,M,monthly,163.3,index
bi_consumer_survey.expectation.consumption_spend_3m.above_rp5juta,0000,Indonesia (national),2014-01-01,M,monthly,168.5,index
bi_consumer_survey.expectation.consumption_spend_3m.above_rp5juta,0000,Indonesia (national),2014-02-01,M,monthly,161.9,index
bi_consumer_survey.expectation.consumption_spend_3m.above_rp5juta,0000,Indonesia (national),2014-03-01,M,monthly,165.4,index
bi_consumer_survey.expectation.consumption_spend_3m.above_rp5juta,0000,Indonesia (national),2014-04-01,M,monthly,176.4,index
bi_consumer_survey.expectation.consumption_spend_3m.above_rp5juta,0000,Indonesia (national),2014-05-01,M,monthly,176.0,index
bi_consumer_survey.expectation.consumption_spend_3m.above_rp5juta,0000,Indonesia (national),2014-06-01,M,monthly,169.5,index
bi_consumer_survey.expectation.consumption_spend_3m.above_rp5juta,0000,Indonesia (national),2014-07-01,M,monthly,160.7,index
bi_consumer_survey.expectation.consumption_spend_3m.above_rp5juta,0000,Indonesia (national),2014-08-01,M,monthly,152.4,index
bi_consumer_survey.expectation.consumption_spend_3m.above_rp5juta,0000,Indonesia (national),2014-09-01,M,monthly,165.5,index
bi_consumer_survey.expectation.consumption_spend_3m.above_rp5juta,0000,Indonesia (national),2014-10-01,M,monthly,161.9,index
bi_consumer_survey.expectation.consumption_spend_3m.above_rp5juta,0000,Indonesia (national),2014-11-01,M,monthly,163.2,index
bi_consumer_survey.expectation.consumption_spend_3m.above_rp5juta,0000,Indonesia (national),2014-12-01,M,monthly,164.1,index
bi_consumer_survey.expectation.consumption_spend_3m.above_rp5juta,0000,Indonesia (national),2015-01-01,M,monthly,155.2,index
bi_consumer_survey.expectation.consumption_spend_3m.above_rp5juta,0000,Indonesia (national),2015-02-01,M,monthly,157.6,index
bi_consumer_survey.expectation.consumption_spend_3m.above_rp5juta,0000,Indonesia (national),2015-03-01,M,monthly,164.7,index
bi_consumer_survey.expectation.consumption_spend_3m.above_rp5juta,0000,Indonesia (national),2015-04-01,M,monthly,173.7,index
bi_consumer_survey.expectation.consumption_spend_3m.above_rp5juta,0000,Indonesia (national),2015-05-01,M,monthly,170.9,index
bi_consumer_survey.expectation.consumption_spend_3m.above_rp5juta,0000,Indonesia (national),2015-06-01,M,monthly,167.5,index
bi_consumer_survey.expectation.consumption_spend_3m.above_rp5juta,0000,Indonesia (national),2015-07-01,M,monthly,160.1,index
bi_consumer_survey.expectation.consumption_spend_3m.above_rp5juta,0000,Indonesia (national),2015-08-01,M,monthly,153.4,index
bi_consumer_survey.expectation.consumption_spend_3m.above_rp5juta,0000,Indonesia (national),2015-09-01,M,monthly,153.5,index
bi_consumer_survey.expectation.consumption_spend_3m.above_rp5juta,0000,Indonesia (national),2015-10-01,M,monthly,153.9,index
bi_consumer_survey.expectation.consumption_spend_3m.above_rp5juta,0000,Indonesia (national),2015-11-01,M,monthly,153.5,index
bi_consumer_survey.expectation.consumption_spend_3m.above_rp5juta,0000,Indonesia (national),2015-12-01,M,monthly,156.3,index
bi_consumer_survey.expectation.consumption_spend_3m.above_rp5juta,0000,Indonesia (national),2016-01-01,M,monthly,153.9,index
bi_consumer_survey.expectation.consumption_spend_3m.above_rp5juta,0000,Indonesia (national),2016-02-01,M,monthly,154.9,index
bi_consumer_survey.expectation.consumption_spend_3m.above_rp5juta,0000,Indonesia (national),2016-03-01,M,monthly,157.2,index
bi_consumer_survey.expectation.consumption_spend_3m.above_rp5juta,0000,Indonesia (national),2016-04-01,M,monthly,165.6,index
bi_consumer_survey.expectation.consumption_spend_3m.above_rp5juta,0000,Indonesia (national),2016-05-01,M,monthly,161.0,index
bi_consumer_survey.expectation.consumption_spend_3m.above_rp5juta,0000,Indonesia (national),2016-06-01,M,monthly,151.8,index
bi_consumer_survey.expectation.consumption_spend_3m.above_rp5juta,0000,Indonesia (national),2016-07-01,M,monthly,138.7,index
bi_consumer_survey.expectation.consumption_spend_3m.above_rp5juta,0000,Indonesia (national),2016-08-01,M,monthly,139.1,index
bi_consumer_survey.expectation.consumption_spend_3m.above_rp5juta,0000,Indonesia (national),2016-09-01,M,monthly,141.6,index
bi_consumer_survey.expectation.consumption_spend_3m.above_rp5juta,0000,Indonesia (national),2016-10-01,M,monthly,146.9,index
bi_consumer_survey.expectation.consumption_spend_3m.above_rp5juta,0000,Indonesia (national),2016-11-01,M,monthly,148.1,index
bi_consumer_survey.expectation.consumption_spend_3m.above_rp5juta,0000,Indonesia (national),2016-12-01,M,monthly,146.3,index
bi_consumer_survey.expectation.consumption_spend_3m.above_rp5juta,0000,Indonesia (national),2017-01-01,M,monthly,161.1,index
bi_consumer_survey.expectation.consumption_spend_3m.above_rp5juta,0000,Indonesia (national),2017-02-01,M,monthly,153.9,index
bi_consumer_survey.expectation.consumption_spend_3m.above_rp5juta,0000,Indonesia (national),2017-03-01,M,monthly,166.3,index
bi_consumer_survey.expectation.consumption_spend_3m.above_rp5juta,0000,Indonesia (national),2017-04-01,M,monthly,169.7,index
bi_consumer_survey.expectation.consumption_spend_3m.above_rp5juta,0000,Indonesia (national),2017-05-01,M,monthly,166.2,index
bi_consumer_survey.expectation.consumption_spend_3m.above_rp5juta,0000,Indonesia (national),2017-06-01,M,monthly,164.4,index
bi_consumer_survey.expectation.consumption_spend_3m.above_rp5juta,0000,Indonesia (national),2017-07-01,M,monthly,157.2,index
bi_consumer_survey.expectation.consumption_spend_3m.above_rp5juta,0000,Indonesia (national),2017-08-01,M,monthly,150.4,index
bi_consumer_survey.expectation.consumption_spend_3m.above_rp5juta,0000,Indonesia (national),2017-09-01,M,monthly,150.7,index
bi_consumer_survey.expectation.consumption_spend_3m.above_rp5juta,0000,Indonesia (national),2017-10-01,M,monthly,155.7,index
bi_consumer_survey.expectation.consumption_spend_3m.above_rp5juta,0000,Indonesia (national),2017-11-01,M,monthly,156.4,index
bi_consumer_survey.expectation.consumption_spend_3m.above_rp5juta,0000,Indonesia (national),2017-12-01,M,monthly,159.3,index
bi_consumer_survey.expectation.consumption_spend_3m.above_rp5juta,0000,Indonesia (national),2018-01-01,M,monthly,157.9,index
bi_consumer_survey.expectation.consumption_spend_3m.above_rp5juta,0000,Indonesia (national),2018-02-01,M,monthly,158.2,index
bi_consumer_survey.expectation.consumption_spend_3m.above_rp5juta,0000,Indonesia (national),2018-03-01,M,monthly,165.3,index
bi_consumer_survey.expectation.consumption_spend_3m.above_rp5juta,0000,Indonesia (national),2018-04-01,M,monthly,174.5,index
bi_consumer_survey.expectation.consumption_spend_3m.above_rp5juta,0000,Indonesia (national),2018-05-01,M,monthly,171.0,index
bi_consumer_survey.expectation.consumption_spend_3m.above_rp5juta,0000,Indonesia (national),2018-06-01,M,monthly,160.2,index
bi_consumer_survey.expectation.consumption_spend_3m.above_rp5juta,0000,Indonesia (national),2018-07-01,M,monthly,161.6,index
bi_consumer_survey.expectation.consumption_spend_3m.above_rp5juta,0000,Indonesia (national),2018-08-01,M,monthly,160.0,index
bi_consumer_survey.expectation.consumption_spend_3m.above_rp5juta,0000,Indonesia (national),2018-09-01,M,monthly,163.0,index
bi_consumer_survey.expectation.consumption_spend_3m.above_rp5juta,0000,Indonesia (national),2018-10-01,M,monthly,165.0,index
bi_consumer_survey.expectation.consumption_spend_3m.above_rp5juta,0000,Indonesia (national),2018-11-01,M,monthly,160.4,index
bi_consumer_survey.expectation.consumption_spend_3m.above_rp5juta,0000,Indonesia (national),2018-12-01,M,monthly,162.9,index
bi_consumer_survey.expectation.consumption_spend_3m.above_rp5juta,0000,Indonesia (national),2019-01-01,M,monthly,154.5,index
bi_consumer_survey.expectation.consumption_spend_3m.above_rp5juta,0000,Indonesia (national),2019-02-01,M,monthly,165.5,index
bi_consumer_survey.expectation.consumption_spend_3m.above_rp5juta,0000,Indonesia (national),2019-03-01,M,monthly,159.3,index
bi_consumer_survey.expectation.consumption_spend_3m.above_rp5juta,0000,Indonesia (national),2019-04-01,M,monthly,171.5,index
bi_consumer_survey.expectation.consumption_spend_3m.above_rp5juta,0000,Indonesia (national),2019-05-01,M,monthly,159.2,index
bi_consumer_survey.expectation.consumption_spend_3m.above_rp5juta,0000,Indonesia (national),2019-06-01,M,monthly,159.4,index
bi_consumer_survey.expectation.consumption_spend_3m.above_rp5juta,0000,Indonesia (national),2019-07-01,M,monthly,162.9,index
bi_consumer_survey.expectation.consumption_spend_3m.above_rp5juta,0000,Indonesia (national),2019-08-01,M,monthly,152.8,index
bi_consumer_survey.expectation.consumption_spend_3m.above_rp5juta,0000,Indonesia (national),2019-09-01,M,monthly,166.8,index
bi_consumer_survey.expectation.consumption_spend_3m.above_rp5juta,0000,Indonesia (national),2019-10-01,M,monthly,162.8,index
bi_consumer_survey.expectation.consumption_spend_3m.above_rp5juta,0000,Indonesia (national),2019-11-01,M,monthly,159.2,index
bi_consumer_survey.expectation.consumption_spend_3m.above_rp5juta,0000,Indonesia (national),2019-12-01,M,monthly,164.4,index
bi_consumer_survey.expectation.consumption_spend_3m.above_rp5juta,0000,Indonesia (national),2020-01-01,M,monthly,164.3,index
bi_consumer_survey.expectation.consumption_spend_3m.above_rp5juta,0000,Indonesia (national),2020-02-01,M,monthly,172.6,index
bi_consumer_survey.expectation.consumption_spend_3m.above_rp5juta,0000,Indonesia (national),2020-03-01,M,monthly,167.0,index
bi_consumer_survey.expectation.consumption_spend_3m.rp1_2juta,0000,Indonesia (national),2012-01-01,M,monthly,165.7,index
bi_consumer_survey.expectation.consumption_spend_3m.rp1_2juta,0000,Indonesia (national),2012-02-01,M,monthly,162.8,index
bi_consumer_survey.expectation.consumption_spend_3m.rp1_2juta,0000,Indonesia (national),2012-03-01,M,monthly,175.0,index
bi_consumer_survey.expectation.consumption_spend_3m.rp1_2juta,0000,Indonesia (national),2012-04-01,M,monthly,172.4,index
bi_consumer_survey.expectation.consumption_spend_3m.rp1_2juta,0000,Indonesia (national),2012-05-01,M,monthly,169.2,index
bi_consumer_survey.expectation.consumption_spend_3m.rp1_2juta,0000,Indonesia (national),2012-06-01,M,monthly,173.1,index
bi_consumer_survey.expectation.consumption_spend_3m.rp1_2juta,0000,Indonesia (national),2012-07-01,M,monthly,175.8,index
bi_consumer_survey.expectation.consumption_spend_3m.rp1_2juta,0000,Indonesia (national),2012-08-01,M,monthly,164.1,index
bi_consumer_survey.expectation.consumption_spend_3m.rp1_2juta,0000,Indonesia (national),2012-09-01,M,monthly,165.8,index
bi_consumer_survey.expectation.consumption_spend_3m.rp1_2juta,0000,Indonesia (national),2012-10-01,M,monthly,162.2,index
bi_consumer_survey.expectation.consumption_spend_3m.rp1_2juta,0000,Indonesia (national),2012-11-01,M,monthly,164.8,index
bi_consumer_survey.expectation.consumption_spend_3m.rp1_2juta,0000,Indonesia (national),2012-12-01,M,monthly,163.3,index
bi_consumer_survey.expectation.consumption_spend_3m.rp1_2juta,0000,Indonesia (national),2013-01-01,M,monthly,161.4,index
bi_consumer_survey.expectation.consumption_spend_3m.rp1_2juta,0000,Indonesia (national),2013-02-01,M,monthly,165.6,index
bi_consumer_survey.expectation.consumption_spend_3m.rp1_2juta,0000,Indonesia (national),2013-03-01,M,monthly,164.6,index
bi_consumer_survey.expectation.consumption_spend_3m.rp1_2juta,0000,Indonesia (national),2013-04-01,M,monthly,165.2,index
bi_consumer_survey.expectation.consumption_spend_3m.rp1_2juta,0000,Indonesia (national),2013-05-01,M,monthly,168.3,index
bi_consumer_survey.expectation.consumption_spend_3m.rp1_2juta,0000,Indonesia (national),2013-06-01,M,monthly,168.5,index
bi_consumer_survey.expectation.consumption_spend_3m.rp1_2juta,0000,Indonesia (national),2013-07-01,M,monthly,169.2,index
bi_consumer_survey.expectation.consumption_spend_3m.rp1_2juta,0000,Indonesia (national),2013-08-01,M,monthly,163.2,index
bi_consumer_survey.expectation.consumption_spend_3m.rp1_2juta,0000,Indonesia (national),2013-09-01,M,monthly,158.8,index
bi_consumer_survey.expectation.consumption_spend_3m.rp1_2juta,0000,Indonesia (national),2013-10-01,M,monthly,162.4,index
bi_consumer_survey.expectation.consumption_spend_3m.rp1_2juta,0000,Indonesia (national),2013-11-01,M,monthly,159.1,index
bi_consumer_survey.expectation.consumption_spend_3m.rp1_2juta,0000,Indonesia (national),2013-12-01,M,monthly,163.5,index
bi_consumer_survey.expectation.consumption_spend_3m.rp1_2juta,0000,Indonesia (national),2014-01-01,M,monthly,168.0,index
bi_consumer_survey.expectation.consumption_spend_3m.rp1_2juta,0000,Indonesia (national),2014-02-01,M,monthly,167.1,index
bi_consumer_survey.expectation.consumption_spend_3m.rp1_2juta,0000,Indonesia (national),2014-03-01,M,monthly,167.8,index
bi_consumer_survey.expectation.consumption_spend_3m.rp1_2juta,0000,Indonesia (national),2014-04-01,M,monthly,172.4,index
bi_consumer_survey.expectation.consumption_spend_3m.rp1_2juta,0000,Indonesia (national),2014-05-01,M,monthly,166.2,index
bi_consumer_survey.expectation.consumption_spend_3m.rp1_2juta,0000,Indonesia (national),2014-06-01,M,monthly,170.0,index
bi_consumer_survey.expectation.consumption_spend_3m.rp1_2juta,0000,Indonesia (national),2014-07-01,M,monthly,160.9,index
bi_consumer_survey.expectation.consumption_spend_3m.rp1_2juta,0000,Indonesia (national),2014-08-01,M,monthly,160.0,index
bi_consumer_survey.expectation.consumption_spend_3m.rp1_2juta,0000,Indonesia (national),2014-09-01,M,monthly,168.6,index
bi_consumer_survey.expectation.consumption_spend_3m.rp1_2juta,0000,Indonesia (national),2014-10-01,M,monthly,165.9,index
bi_consumer_survey.expectation.consumption_spend_3m.rp1_2juta,0000,Indonesia (national),2014-11-01,M,monthly,170.8,index
bi_consumer_survey.expectation.consumption_spend_3m.rp1_2juta,0000,Indonesia (national),2014-12-01,M,monthly,169.5,index
bi_consumer_survey.expectation.consumption_spend_3m.rp1_2juta,0000,Indonesia (national),2015-01-01,M,monthly,158.2,index
bi_consumer_survey.expectation.consumption_spend_3m.rp1_2juta,0000,Indonesia (national),2015-02-01,M,monthly,156.0,index
bi_consumer_survey.expectation.consumption_spend_3m.rp1_2juta,0000,Indonesia (national),2015-03-01,M,monthly,158.7,index
bi_consumer_survey.expectation.consumption_spend_3m.rp1_2juta,0000,Indonesia (national),2015-04-01,M,monthly,172.6,index
bi_consumer_survey.expectation.consumption_spend_3m.rp1_2juta,0000,Indonesia (national),2015-05-01,M,monthly,173.3,index
bi_consumer_survey.expectation.consumption_spend_3m.rp1_2juta,0000,Indonesia (national),2015-06-01,M,monthly,170.5,index
bi_consumer_survey.expectation.consumption_spend_3m.rp1_2juta,0000,Indonesia (national),2015-07-01,M,monthly,159.2,index
bi_consumer_survey.expectation.consumption_spend_3m.rp1_2juta,0000,Indonesia (national),2015-08-01,M,monthly,156.4,index
bi_consumer_survey.expectation.consumption_spend_3m.rp1_2juta,0000,Indonesia (national),2015-09-01,M,monthly,161.9,index
bi_consumer_survey.expectation.consumption_spend_3m.rp1_2juta,0000,Indonesia (national),2015-10-01,M,monthly,154.8,index
bi_consumer_survey.expectation.consumption_spend_3m.rp1_2juta,0000,Indonesia (national),2015-11-01,M,monthly,158.9,index
bi_consumer_survey.expectation.consumption_spend_3m.rp1_2juta,0000,Indonesia (national),2015-12-01,M,monthly,160.4,index
bi_consumer_survey.expectation.consumption_spend_3m.rp1_2juta,0000,Indonesia (national),2016-01-01,M,monthly,160.8,index
bi_consumer_survey.expectation.consumption_spend_3m.rp1_2juta,0000,Indonesia (national),2016-02-01,M,monthly,159.0,index
bi_consumer_survey.expectation.consumption_spend_3m.rp1_2juta,0000,Indonesia (national),2016-03-01,M,monthly,163.2,index
bi_consumer_survey.expectation.consumption_spend_3m.rp1_2juta,0000,Indonesia (national),2016-04-01,M,monthly,157.2,index
bi_consumer_survey.expectation.consumption_spend_3m.rp1_2juta,0000,Indonesia (national),2016-05-01,M,monthly,158.3,index
bi_consumer_survey.expectation.consumption_spend_3m.rp1_2juta,0000,Indonesia (national),2016-06-01,M,monthly,156.0,index
bi_consumer_survey.expectation.consumption_spend_3m.rp1_2juta,0000,Indonesia (national),2016-07-01,M,monthly,143.7,index
bi_consumer_survey.expectation.consumption_spend_3m.rp1_2juta,0000,Indonesia (national),2016-08-01,M,monthly,155.1,index
bi_consumer_survey.expectation.consumption_spend_3m.rp1_2juta,0000,Indonesia (national),2016-09-01,M,monthly,156.9,index
bi_consumer_survey.expectation.consumption_spend_3m.rp1_2juta,0000,Indonesia (national),2016-10-01,M,monthly,154.8,index
bi_consumer_survey.expectation.consumption_spend_3m.rp1_2juta,0000,Indonesia (national),2016-11-01,M,monthly,157.3,index
bi_consumer_survey.expectation.consumption_spend_3m.rp1_2juta,0000,Indonesia (national),2016-12-01,M,monthly,155.3,index
bi_consumer_survey.expectation.consumption_spend_3m.rp1_2juta,0000,Indonesia (national),2017-01-01,M,monthly,152.0,index
bi_consumer_survey.expectation.consumption_spend_3m.rp1_2juta,0000,Indonesia (national),2017-02-01,M,monthly,159.0,index
bi_consumer_survey.expectation.consumption_spend_3m.rp1_2juta,0000,Indonesia (national),2017-03-01,M,monthly,162.2,index
bi_consumer_survey.expectation.consumption_spend_3m.rp1_2juta,0000,Indonesia (national),2017-04-01,M,monthly,162.3,index
bi_consumer_survey.expectation.consumption_spend_3m.rp1_2juta,0000,Indonesia (national),2017-05-01,M,monthly,158.8,index
bi_consumer_survey.expectation.consumption_spend_3m.rp1_2juta,0000,Indonesia (national),2017-06-01,M,monthly,156.3,index
bi_consumer_survey.expectation.consumption_spend_3m.rp1_2juta,0000,Indonesia (national),2017-07-01,M,monthly,154.0,index
bi_consumer_survey.expectation.consumption_spend_3m.rp1_2juta,0000,Indonesia (national),2017-08-01,M,monthly,161.7,index
bi_consumer_survey.expectation.consumption_spend_3m.rp1_2juta,0000,Indonesia (national),2017-09-01,M,monthly,153.0,index
bi_consumer_survey.expectation.consumption_spend_3m.rp1_2juta,0000,Indonesia (national),2017-10-01,M,monthly,153.3,index
bi_consumer_survey.expectation.consumption_spend_3m.rp1_2juta,0000,Indonesia (national),2017-11-01,M,monthly,153.8,index
bi_consumer_survey.expectation.consumption_spend_3m.rp1_2juta,0000,Indonesia (national),2017-12-01,M,monthly,151.4,index
bi_consumer_survey.expectation.consumption_spend_3m.rp1_2juta,0000,Indonesia (national),2018-01-01,M,monthly,154.8,index
bi_consumer_survey.expectation.consumption_spend_3m.rp1_2juta,0000,Indonesia (national),2018-02-01,M,monthly,157.2,index
bi_consumer_survey.expectation.consumption_spend_3m.rp1_2juta,0000,Indonesia (national),2018-03-01,M,monthly,165.6,index
bi_consumer_survey.expectation.consumption_spend_3m.rp1_2juta,0000,Indonesia (national),2018-04-01,M,monthly,167.1,index
bi_consumer_survey.expectation.consumption_spend_3m.rp1_2juta,0000,Indonesia (national),2018-05-01,M,monthly,166.9,index
bi_consumer_survey.expectation.consumption_spend_3m.rp1_2juta,0000,Indonesia (national),2018-06-01,M,monthly,155.6,index
bi_consumer_survey.expectation.consumption_spend_3m.rp1_2juta,0000,Indonesia (national),2018-07-01,M,monthly,151.0,index
bi_consumer_survey.expectation.consumption_spend_3m.rp1_2juta,0000,Indonesia (national),2018-08-01,M,monthly,158.4,index
bi_consumer_survey.expectation.consumption_spend_3m.rp1_2juta,0000,Indonesia (national),2018-09-01,M,monthly,155.3,index
bi_consumer_survey.expectation.consumption_spend_3m.rp1_2juta,0000,Indonesia (national),2018-10-01,M,monthly,156.5,index
bi_consumer_survey.expectation.consumption_spend_3m.rp1_2juta,0000,Indonesia (national),2018-11-01,M,monthly,152.2,index
bi_consumer_survey.expectation.consumption_spend_3m.rp1_2juta,0000,Indonesia (national),2018-12-01,M,monthly,157.3,index
bi_consumer_survey.expectation.consumption_spend_3m.rp1_2juta,0000,Indonesia (national),2019-01-01,M,monthly,151.9,index
bi_consumer_survey.expectation.consumption_spend_3m.rp1_2juta,0000,Indonesia (national),2019-02-01,M,monthly,161.1,index
bi_consumer_survey.expectation.consumption_spend_3m.rp1_2juta,0000,Indonesia (national),2019-03-01,M,monthly,162.4,index
bi_consumer_survey.expectation.consumption_spend_3m.rp1_2juta,0000,Indonesia (national),2019-04-01,M,monthly,163.3,index
bi_consumer_survey.expectation.consumption_spend_3m.rp1_2juta,0000,Indonesia (national),2019-05-01,M,monthly,156.8,index
bi_consumer_survey.expectation.consumption_spend_3m.rp1_2juta,0000,Indonesia (national),2019-06-01,M,monthly,151.6,index
bi_consumer_survey.expectation.consumption_spend_3m.rp1_2juta,0000,Indonesia (national),2019-07-01,M,monthly,152.1,index
bi_consumer_survey.expectation.consumption_spend_3m.rp1_2juta,0000,Indonesia (national),2019-08-01,M,monthly,153.3,index
bi_consumer_survey.expectation.consumption_spend_3m.rp1_2juta,0000,Indonesia (national),2019-09-01,M,monthly,154.9,index
bi_consumer_survey.expectation.consumption_spend_3m.rp1_2juta,0000,Indonesia (national),2019-10-01,M,monthly,158.8,index
bi_consumer_survey.expectation.consumption_spend_3m.rp1_2juta,0000,Indonesia (national),2019-11-01,M,monthly,155.9,index
bi_consumer_survey.expectation.consumption_spend_3m.rp1_2juta,0000,Indonesia (national),2019-12-01,M,monthly,151.6,index
bi_consumer_survey.expectation.consumption_spend_3m.rp1_2juta,0000,Indonesia (national),2020-01-01,M,monthly,158.1,index
bi_consumer_survey.expectation.consumption_spend_3m.rp1_2juta,0000,Indonesia (national),2020-02-01,M,monthly,162.3,index
bi_consumer_survey.expectation.consumption_spend_3m.rp1_2juta,0000,Indonesia (national),2020-03-01,M,monthly,158.5,index
bi_consumer_survey.expectation.consumption_spend_3m.rp2_3juta,0000,Indonesia (national),2012-01-01,M,monthly,161.9,index
bi_consumer_survey.expectation.consumption_spend_3m.rp2_3juta,0000,Indonesia (national),2012-02-01,M,monthly,162.3,index
bi_consumer_survey.expectation.consumption_spend_3m.rp2_3juta,0000,Indonesia (national),2012-03-01,M,monthly,175.4,index
bi_consumer_survey.expectation.consumption_spend_3m.rp2_3juta,0000,Indonesia (national),2012-04-01,M,monthly,172.8,index
bi_consumer_survey.expectation.consumption_spend_3m.rp2_3juta,0000,Indonesia (national),2012-05-01,M,monthly,169.7,index
bi_consumer_survey.expectation.consumption_spend_3m.rp2_3juta,0000,Indonesia (national),2012-06-01,M,monthly,169.5,index
bi_consumer_survey.expectation.consumption_spend_3m.rp2_3juta,0000,Indonesia (national),2012-07-01,M,monthly,175.7,index
bi_consumer_survey.expectation.consumption_spend_3m.rp2_3juta,0000,Indonesia (national),2012-08-01,M,monthly,162.2,index
bi_consumer_survey.expectation.consumption_spend_3m.rp2_3juta,0000,Indonesia (national),2012-09-01,M,monthly,160.8,index
bi_consumer_survey.expectation.consumption_spend_3m.rp2_3juta,0000,Indonesia (national),2012-10-01,M,monthly,164.2,index
bi_consumer_survey.expectation.consumption_spend_3m.rp2_3juta,0000,Indonesia (national),2012-11-01,M,monthly,163.4,index
bi_consumer_survey.expectation.consumption_spend_3m.rp2_3juta,0000,Indonesia (national),2012-12-01,M,monthly,164.7,index
bi_consumer_survey.expectation.consumption_spend_3m.rp2_3juta,0000,Indonesia (national),2013-01-01,M,monthly,163.1,index
bi_consumer_survey.expectation.consumption_spend_3m.rp2_3juta,0000,Indonesia (national),2013-02-01,M,monthly,162.5,index
bi_consumer_survey.expectation.consumption_spend_3m.rp2_3juta,0000,Indonesia (national),2013-03-01,M,monthly,164.5,index
bi_consumer_survey.expectation.consumption_spend_3m.rp2_3juta,0000,Indonesia (national),2013-04-01,M,monthly,165.8,index
bi_consumer_survey.expectation.consumption_spend_3m.rp2_3juta,0000,Indonesia (national),2013-05-01,M,monthly,172.3,index
bi_consumer_survey.expectation.consumption_spend_3m.rp2_3juta,0000,Indonesia (national),2013-06-01,M,monthly,172.6,index
bi_consumer_survey.expectation.consumption_spend_3m.rp2_3juta,0000,Indonesia (national),2013-07-01,M,monthly,173.3,index
bi_consumer_survey.expectation.consumption_spend_3m.rp2_3juta,0000,Indonesia (national),2013-08-01,M,monthly,160.0,index
bi_consumer_survey.expectation.consumption_spend_3m.rp2_3juta,0000,Indonesia (national),2013-09-01,M,monthly,165.7,index
bi_consumer_survey.expectation.consumption_spend_3m.rp2_3juta,0000,Indonesia (national),2013-10-01,M,monthly,165.2,index
bi_consumer_survey.expectation.consumption_spend_3m.rp2_3juta,0000,Indonesia (national),2013-11-01,M,monthly,163.4,index
bi_consumer_survey.expectation.consumption_spend_3m.rp2_3juta,0000,Indonesia (national),2013-12-01,M,monthly,158.2,index
bi_consumer_survey.expectation.consumption_spend_3m.rp2_3juta,0000,Indonesia (national),2014-01-01,M,monthly,162.4,index
bi_consumer_survey.expectation.consumption_spend_3m.rp2_3juta,0000,Indonesia (national),2014-02-01,M,monthly,162.7,index
bi_consumer_survey.expectation.consumption_spend_3m.rp2_3juta,0000,Indonesia (national),2014-03-01,M,monthly,164.1,index
bi_consumer_survey.expectation.consumption_spend_3m.rp2_3juta,0000,Indonesia (national),2014-04-01,M,monthly,166.3,index
bi_consumer_survey.expectation.consumption_spend_3m.rp2_3juta,0000,Indonesia (national),2014-05-01,M,monthly,171.9,index
bi_consumer_survey.expectation.consumption_spend_3m.rp2_3juta,0000,Indonesia (national),2014-06-01,M,monthly,168.4,index
bi_consumer_survey.expectation.consumption_spend_3m.rp2_3juta,0000,Indonesia (national),2014-07-01,M,monthly,158.9,index
bi_consumer_survey.expectation.consumption_spend_3m.rp2_3juta,0000,Indonesia (national),2014-08-01,M,monthly,154.8,index
bi_consumer_survey.expectation.consumption_spend_3m.rp2_3juta,0000,Indonesia (national),2014-09-01,M,monthly,163.6,index
bi_consumer_survey.expectation.consumption_spend_3m.rp2_3juta,0000,Indonesia (national),2014-10-01,M,monthly,160.2,index
bi_consumer_survey.expectation.consumption_spend_3m.rp2_3juta,0000,Indonesia (national),2014-11-01,M,monthly,161.7,index
bi_consumer_survey.expectation.consumption_spend_3m.rp2_3juta,0000,Indonesia (national),2014-12-01,M,monthly,167.1,index
bi_consumer_survey.expectation.consumption_spend_3m.rp2_3juta,0000,Indonesia (national),2015-01-01,M,monthly,160.7,index
bi_consumer_survey.expectation.consumption_spend_3m.rp2_3juta,0000,Indonesia (national),2015-02-01,M,monthly,153.9,index
bi_consumer_survey.expectation.consumption_spend_3m.rp2_3juta,0000,Indonesia (national),2015-03-01,M,monthly,164.5,index
bi_consumer_survey.expectation.consumption_spend_3m.rp2_3juta,0000,Indonesia (national),2015-04-01,M,monthly,174.4,index
bi_consumer_survey.expectation.consumption_spend_3m.rp2_3juta,0000,Indonesia (national),2015-05-01,M,monthly,171.4,index
bi_consumer_survey.expectation.consumption_spend_3m.rp2_3juta,0000,Indonesia (national),2015-06-01,M,monthly,173.1,index
bi_consumer_survey.expectation.consumption_spend_3m.rp2_3juta,0000,Indonesia (national),2015-07-01,M,monthly,163.0,index
bi_consumer_survey.expectation.consumption_spend_3m.rp2_3juta,0000,Indonesia (national),2015-08-01,M,monthly,162.3,index
bi_consumer_survey.expectation.consumption_spend_3m.rp2_3juta,0000,Indonesia (national),2015-09-01,M,monthly,164.7,index
bi_consumer_survey.expectation.consumption_spend_3m.rp2_3juta,0000,Indonesia (national),2015-10-01,M,monthly,155.3,index
bi_consumer_survey.expectation.consumption_spend_3m.rp2_3juta,0000,Indonesia (national),2015-11-01,M,monthly,153.7,index
bi_consumer_survey.expectation.consumption_spend_3m.rp2_3juta,0000,Indonesia (national),2015-12-01,M,monthly,156.8,index
bi_consumer_survey.expectation.consumption_spend_3m.rp2_3juta,0000,Indonesia (national),2016-01-01,M,monthly,159.1,index
bi_consumer_survey.expectation.consumption_spend_3m.rp2_3juta,0000,Indonesia (national),2016-02-01,M,monthly,159.8,index
bi_consumer_survey.expectation.consumption_spend_3m.rp2_3juta,0000,Indonesia (national),2016-03-01,M,monthly,162.2,index
bi_consumer_survey.expectation.consumption_spend_3m.rp2_3juta,0000,Indonesia (national),2016-04-01,M,monthly,166.2,index
bi_consumer_survey.expectation.consumption_spend_3m.rp2_3juta,0000,Indonesia (national),2016-05-01,M,monthly,170.4,index
bi_consumer_survey.expectation.consumption_spend_3m.rp2_3juta,0000,Indonesia (national),2016-06-01,M,monthly,160.4,index
bi_consumer_survey.expectation.consumption_spend_3m.rp2_3juta,0000,Indonesia (national),2016-07-01,M,monthly,140.9,index
bi_consumer_survey.expectation.consumption_spend_3m.rp2_3juta,0000,Indonesia (national),2016-08-01,M,monthly,149.0,index
bi_consumer_survey.expectation.consumption_spend_3m.rp2_3juta,0000,Indonesia (national),2016-09-01,M,monthly,152.8,index
bi_consumer_survey.expectation.consumption_spend_3m.rp2_3juta,0000,Indonesia (national),2016-10-01,M,monthly,153.2,index
bi_consumer_survey.expectation.consumption_spend_3m.rp2_3juta,0000,Indonesia (national),2016-11-01,M,monthly,154.8,index
bi_consumer_survey.expectation.consumption_spend_3m.rp2_3juta,0000,Indonesia (national),2016-12-01,M,monthly,153.7,index
bi_consumer_survey.expectation.consumption_spend_3m.rp2_3juta,0000,Indonesia (national),2017-01-01,M,monthly,154.4,index
bi_consumer_survey.expectation.consumption_spend_3m.rp2_3juta,0000,Indonesia (national),2017-02-01,M,monthly,162.5,index
bi_consumer_survey.expectation.consumption_spend_3m.rp2_3juta,0000,Indonesia (national),2017-03-01,M,monthly,160.1,index
bi_consumer_survey.expectation.consumption_spend_3m.rp2_3juta,0000,Indonesia (national),2017-04-01,M,monthly,161.1,index
bi_consumer_survey.expectation.consumption_spend_3m.rp2_3juta,0000,Indonesia (national),2017-05-01,M,monthly,167.4,index
bi_consumer_survey.expectation.consumption_spend_3m.rp2_3juta,0000,Indonesia (national),2017-06-01,M,monthly,160.8,index
bi_consumer_survey.expectation.consumption_spend_3m.rp2_3juta,0000,Indonesia (national),2017-07-01,M,monthly,155.6,index
bi_consumer_survey.expectation.consumption_spend_3m.rp2_3juta,0000,Indonesia (national),2017-08-01,M,monthly,157.6,index
bi_consumer_survey.expectation.consumption_spend_3m.rp2_3juta,0000,Indonesia (national),2017-09-01,M,monthly,157.2,index
bi_consumer_survey.expectation.consumption_spend_3m.rp2_3juta,0000,Indonesia (national),2017-10-01,M,monthly,155.1,index
bi_consumer_survey.expectation.consumption_spend_3m.rp2_3juta,0000,Indonesia (national),2017-11-01,M,monthly,155.4,index
bi_consumer_survey.expectation.consumption_spend_3m.rp2_3juta,0000,Indonesia (national),2017-12-01,M,monthly,157.8,index
bi_consumer_survey.expectation.consumption_spend_3m.rp2_3juta,0000,Indonesia (national),2018-01-01,M,monthly,158.7,index
bi_consumer_survey.expectation.consumption_spend_3m.rp2_3juta,0000,Indonesia (national),2018-02-01,M,monthly,165.4,index
bi_consumer_survey.expectation.consumption_spend_3m.rp2_3juta,0000,Indonesia (national),2018-03-01,M,monthly,165.4,index
bi_consumer_survey.expectation.consumption_spend_3m.rp2_3juta,0000,Indonesia (national),2018-04-01,M,monthly,166.0,index
bi_consumer_survey.expectation.consumption_spend_3m.rp2_3juta,0000,Indonesia (national),2018-05-01,M,monthly,167.4,index
bi_consumer_survey.expectation.consumption_spend_3m.rp2_3juta,0000,Indonesia (national),2018-06-01,M,monthly,164.2,index
bi_consumer_survey.expectation.consumption_spend_3m.rp2_3juta,0000,Indonesia (national),2018-07-01,M,monthly,159.9,index
bi_consumer_survey.expectation.consumption_spend_3m.rp2_3juta,0000,Indonesia (national),2018-08-01,M,monthly,159.3,index
bi_consumer_survey.expectation.consumption_spend_3m.rp2_3juta,0000,Indonesia (national),2018-09-01,M,monthly,162.8,index
bi_consumer_survey.expectation.consumption_spend_3m.rp2_3juta,0000,Indonesia (national),2018-10-01,M,monthly,160.1,index
bi_consumer_survey.expectation.consumption_spend_3m.rp2_3juta,0000,Indonesia (national),2018-11-01,M,monthly,155.1,index
bi_consumer_survey.expectation.consumption_spend_3m.rp2_3juta,0000,Indonesia (national),2018-12-01,M,monthly,162.0,index
bi_consumer_survey.expectation.consumption_spend_3m.rp2_3juta,0000,Indonesia (national),2019-01-01,M,monthly,158.5,index
bi_consumer_survey.expectation.consumption_spend_3m.rp2_3juta,0000,Indonesia (national),2019-02-01,M,monthly,164.8,index
bi_consumer_survey.expectation.consumption_spend_3m.rp2_3juta,0000,Indonesia (national),2019-03-01,M,monthly,161.7,index
bi_consumer_survey.expectation.consumption_spend_3m.rp2_3juta,0000,Indonesia (national),2019-04-01,M,monthly,164.8,index
bi_consumer_survey.expectation.consumption_spend_3m.rp2_3juta,0000,Indonesia (national),2019-05-01,M,monthly,165.1,index
bi_consumer_survey.expectation.consumption_spend_3m.rp2_3juta,0000,Indonesia (national),2019-06-01,M,monthly,151.7,index
bi_consumer_survey.expectation.consumption_spend_3m.rp2_3juta,0000,Indonesia (national),2019-07-01,M,monthly,154.4,index
bi_consumer_survey.expectation.consumption_spend_3m.rp2_3juta,0000,Indonesia (national),2019-08-01,M,monthly,156.0,index
bi_consumer_survey.expectation.consumption_spend_3m.rp2_3juta,0000,Indonesia (national),2019-09-01,M,monthly,161.0,index
bi_consumer_survey.expectation.consumption_spend_3m.rp2_3juta,0000,Indonesia (national),2019-10-01,M,monthly,159.8,index
bi_consumer_survey.expectation.consumption_spend_3m.rp2_3juta,0000,Indonesia (national),2019-11-01,M,monthly,161.2,index
bi_consumer_survey.expectation.consumption_spend_3m.rp2_3juta,0000,Indonesia (national),2019-12-01,M,monthly,161.4,index
bi_consumer_survey.expectation.consumption_spend_3m.rp2_3juta,0000,Indonesia (national),2020-01-01,M,monthly,163.2,index
bi_consumer_survey.expectation.consumption_spend_3m.rp2_3juta,0000,Indonesia (national),2020-02-01,M,monthly,163.4,index
bi_consumer_survey.expectation.consumption_spend_3m.rp2_3juta,0000,Indonesia (national),2020-03-01,M,monthly,164.8,index
bi_consumer_survey.expectation.consumption_spend_3m.rp3_4juta,0000,Indonesia (national),2012-01-01,M,monthly,164.1,index
bi_consumer_survey.expectation.consumption_spend_3m.rp3_4juta,0000,Indonesia (national),2012-02-01,M,monthly,163.9,index
bi_consumer_survey.expectation.consumption_spend_3m.rp3_4juta,0000,Indonesia (national),2012-03-01,M,monthly,174.8,index
bi_consumer_survey.expectation.consumption_spend_3m.rp3_4juta,0000,Indonesia (national),2012-04-01,M,monthly,174.0,index
bi_consumer_survey.expectation.consumption_spend_3m.rp3_4juta,0000,Indonesia (national),2012-05-01,M,monthly,168.3,index
bi_consumer_survey.expectation.consumption_spend_3m.rp3_4juta,0000,Indonesia (national),2012-06-01,M,monthly,171.4,index
bi_consumer_survey.expectation.consumption_spend_3m.rp3_4juta,0000,Indonesia (national),2012-07-01,M,monthly,179.4,index
bi_consumer_survey.expectation.consumption_spend_3m.rp3_4juta,0000,Indonesia (national),2012-08-01,M,monthly,161.2,index
bi_consumer_survey.expectation.consumption_spend_3m.rp3_4juta,0000,Indonesia (national),2012-09-01,M,monthly,154.2,index
bi_consumer_survey.expectation.consumption_spend_3m.rp3_4juta,0000,Indonesia (national),2012-10-01,M,monthly,164.6,index
bi_consumer_survey.expectation.consumption_spend_3m.rp3_4juta,0000,Indonesia (national),2012-11-01,M,monthly,157.4,index
bi_consumer_survey.expectation.consumption_spend_3m.rp3_4juta,0000,Indonesia (national),2012-12-01,M,monthly,156.3,index
bi_consumer_survey.expectation.consumption_spend_3m.rp3_4juta,0000,Indonesia (national),2013-01-01,M,monthly,155.8,index
bi_consumer_survey.expectation.consumption_spend_3m.rp3_4juta,0000,Indonesia (national),2013-02-01,M,monthly,157.0,index
bi_consumer_survey.expectation.consumption_spend_3m.rp3_4juta,0000,Indonesia (national),2013-03-01,M,monthly,159.0,index
bi_consumer_survey.expectation.consumption_spend_3m.rp3_4juta,0000,Indonesia (national),2013-04-01,M,monthly,162.3,index
bi_consumer_survey.expectation.consumption_spend_3m.rp3_4juta,0000,Indonesia (national),2013-05-01,M,monthly,176.8,index
bi_consumer_survey.expectation.consumption_spend_3m.rp3_4juta,0000,Indonesia (national),2013-06-01,M,monthly,177.4,index
bi_consumer_survey.expectation.consumption_spend_3m.rp3_4juta,0000,Indonesia (national),2013-07-01,M,monthly,172.9,index
bi_consumer_survey.expectation.consumption_spend_3m.rp3_4juta,0000,Indonesia (national),2013-08-01,M,monthly,160.7,index
bi_consumer_survey.expectation.consumption_spend_3m.rp3_4juta,0000,Indonesia (national),2013-09-01,M,monthly,168.1,index
bi_consumer_survey.expectation.consumption_spend_3m.rp3_4juta,0000,Indonesia (national),2013-10-01,M,monthly,165.9,index
bi_consumer_survey.expectation.consumption_spend_3m.rp3_4juta,0000,Indonesia (national),2013-11-01,M,monthly,156.8,index
bi_consumer_survey.expectation.consumption_spend_3m.rp3_4juta,0000,Indonesia (national),2013-12-01,M,monthly,155.3,index
bi_consumer_survey.expectation.consumption_spend_3m.rp3_4juta,0000,Indonesia (national),2014-01-01,M,monthly,164.6,index
bi_consumer_survey.expectation.consumption_spend_3m.rp3_4juta,0000,Indonesia (national),2014-02-01,M,monthly,165.1,index
bi_consumer_survey.expectation.consumption_spend_3m.rp3_4juta,0000,Indonesia (national),2014-03-01,M,monthly,159.6,index
bi_consumer_survey.expectation.consumption_spend_3m.rp3_4juta,0000,Indonesia (national),2014-04-01,M,monthly,165.3,index
bi_consumer_survey.expectation.consumption_spend_3m.rp3_4juta,0000,Indonesia (national),2014-05-01,M,monthly,173.8,index
bi_consumer_survey.expectation.consumption_spend_3m.rp3_4juta,0000,Indonesia (national),2014-06-01,M,monthly,174.0,index
bi_consumer_survey.expectation.consumption_spend_3m.rp3_4juta,0000,Indonesia (national),2014-07-01,M,monthly,160.3,index
bi_consumer_survey.expectation.consumption_spend_3m.rp3_4juta,0000,Indonesia (national),2014-08-01,M,monthly,155.0,index
bi_consumer_survey.expectation.consumption_spend_3m.rp3_4juta,0000,Indonesia (national),2014-09-01,M,monthly,161.7,index
bi_consumer_survey.expectation.consumption_spend_3m.rp3_4juta,0000,Indonesia (national),2014-10-01,M,monthly,159.1,index
bi_consumer_survey.expectation.consumption_spend_3m.rp3_4juta,0000,Indonesia (national),2014-11-01,M,monthly,163.0,index
bi_consumer_survey.expectation.consumption_spend_3m.rp3_4juta,0000,Indonesia (national),2014-12-01,M,monthly,167.6,index
bi_consumer_survey.expectation.consumption_spend_3m.rp3_4juta,0000,Indonesia (national),2015-01-01,M,monthly,157.0,index
bi_consumer_survey.expectation.consumption_spend_3m.rp3_4juta,0000,Indonesia (national),2015-02-01,M,monthly,158.8,index
bi_consumer_survey.expectation.consumption_spend_3m.rp3_4juta,0000,Indonesia (national),2015-03-01,M,monthly,162.8,index
bi_consumer_survey.expectation.consumption_spend_3m.rp3_4juta,0000,Indonesia (national),2015-04-01,M,monthly,167.6,index
bi_consumer_survey.expectation.consumption_spend_3m.rp3_4juta,0000,Indonesia (national),2015-05-01,M,monthly,173.5,index
bi_consumer_survey.expectation.consumption_spend_3m.rp3_4juta,0000,Indonesia (national),2015-06-01,M,monthly,172.2,index
bi_consumer_survey.expectation.consumption_spend_3m.rp3_4juta,0000,Indonesia (national),2015-07-01,M,monthly,163.4,index
bi_consumer_survey.expectation.consumption_spend_3m.rp3_4juta,0000,Indonesia (national),2015-08-01,M,monthly,157.5,index
bi_consumer_survey.expectation.consumption_spend_3m.rp3_4juta,0000,Indonesia (national),2015-09-01,M,monthly,158.4,index
bi_consumer_survey.expectation.consumption_spend_3m.rp3_4juta,0000,Indonesia (national),2015-10-01,M,monthly,152.7,index
bi_consumer_survey.expectation.consumption_spend_3m.rp3_4juta,0000,Indonesia (national),2015-11-01,M,monthly,151.5,index
bi_consumer_survey.expectation.consumption_spend_3m.rp3_4juta,0000,Indonesia (national),2015-12-01,M,monthly,155.6,index
bi_consumer_survey.expectation.consumption_spend_3m.rp3_4juta,0000,Indonesia (national),2016-01-01,M,monthly,152.6,index
bi_consumer_survey.expectation.consumption_spend_3m.rp3_4juta,0000,Indonesia (national),2016-02-01,M,monthly,157.7,index
bi_consumer_survey.expectation.consumption_spend_3m.rp3_4juta,0000,Indonesia (national),2016-03-01,M,monthly,159.2,index
bi_consumer_survey.expectation.consumption_spend_3m.rp3_4juta,0000,Indonesia (national),2016-04-01,M,monthly,165.1,index
bi_consumer_survey.expectation.consumption_spend_3m.rp3_4juta,0000,Indonesia (national),2016-05-01,M,monthly,166.1,index
bi_consumer_survey.expectation.consumption_spend_3m.rp3_4juta,0000,Indonesia (national),2016-06-01,M,monthly,156.5,index
bi_consumer_survey.expectation.consumption_spend_3m.rp3_4juta,0000,Indonesia (national),2016-07-01,M,monthly,143.9,index
bi_consumer_survey.expectation.consumption_spend_3m.rp3_4juta,0000,Indonesia (national),2016-08-01,M,monthly,146.4,index
bi_consumer_survey.expectation.consumption_spend_3m.rp3_4juta,0000,Indonesia (national),2016-09-01,M,monthly,152.4,index
bi_consumer_survey.expectation.consumption_spend_3m.rp3_4juta,0000,Indonesia (national),2016-10-01,M,monthly,151.7,index
bi_consumer_survey.expectation.consumption_spend_3m.rp3_4juta,0000,Indonesia (national),2016-11-01,M,monthly,155.9,index
bi_consumer_survey.expectation.consumption_spend_3m.rp3_4juta,0000,Indonesia (national),2016-12-01,M,monthly,154.3,index
bi_consumer_survey.expectation.consumption_spend_3m.rp3_4juta,0000,Indonesia (national),2017-01-01,M,monthly,159.3,index
bi_consumer_survey.expectation.consumption_spend_3m.rp3_4juta,0000,Indonesia (national),2017-02-01,M,monthly,163.9,index
bi_consumer_survey.expectation.consumption_spend_3m.rp3_4juta,0000,Indonesia (national),2017-03-01,M,monthly,162.0,index
bi_consumer_survey.expectation.consumption_spend_3m.rp3_4juta,0000,Indonesia (national),2017-04-01,M,monthly,160.9,index
bi_consumer_survey.expectation.consumption_spend_3m.rp3_4juta,0000,Indonesia (national),2017-05-01,M,monthly,167.5,index
bi_consumer_survey.expectation.consumption_spend_3m.rp3_4juta,0000,Indonesia (national),2017-06-01,M,monthly,161.0,index
bi_consumer_survey.expectation.consumption_spend_3m.rp3_4juta,0000,Indonesia (national),2017-07-01,M,monthly,157.0,index
bi_consumer_survey.expectation.consumption_spend_3m.rp3_4juta,0000,Indonesia (national),2017-08-01,M,monthly,155.4,index
bi_consumer_survey.expectation.consumption_spend_3m.rp3_4juta,0000,Indonesia (national),2017-09-01,M,monthly,158.2,index
bi_consumer_survey.expectation.consumption_spend_3m.rp3_4juta,0000,Indonesia (national),2017-10-01,M,monthly,156.2,index
bi_consumer_survey.expectation.consumption_spend_3m.rp3_4juta,0000,Indonesia (national),2017-11-01,M,monthly,153.5,index
bi_consumer_survey.expectation.consumption_spend_3m.rp3_4juta,0000,Indonesia (national),2017-12-01,M,monthly,161.7,index
bi_consumer_survey.expectation.consumption_spend_3m.rp3_4juta,0000,Indonesia (national),2018-01-01,M,monthly,160.1,index
bi_consumer_survey.expectation.consumption_spend_3m.rp3_4juta,0000,Indonesia (national),2018-02-01,M,monthly,158.5,index
bi_consumer_survey.expectation.consumption_spend_3m.rp3_4juta,0000,Indonesia (national),2018-03-01,M,monthly,166.1,index
bi_consumer_survey.expectation.consumption_spend_3m.rp3_4juta,0000,Indonesia (national),2018-04-01,M,monthly,164.7,index
bi_consumer_survey.expectation.consumption_spend_3m.rp3_4juta,0000,Indonesia (national),2018-05-01,M,monthly,168.2,index
bi_consumer_survey.expectation.consumption_spend_3m.rp3_4juta,0000,Indonesia (national),2018-06-01,M,monthly,165.1,index
bi_consumer_survey.expectation.consumption_spend_3m.rp3_4juta,0000,Indonesia (national),2018-07-01,M,monthly,162.5,index
bi_consumer_survey.expectation.consumption_spend_3m.rp3_4juta,0000,Indonesia (national),2018-08-01,M,monthly,162.0,index
bi_consumer_survey.expectation.consumption_spend_3m.rp3_4juta,0000,Indonesia (national),2018-09-01,M,monthly,163.5,index
bi_consumer_survey.expectation.consumption_spend_3m.rp3_4juta,0000,Indonesia (national),2018-10-01,M,monthly,162.7,index
bi_consumer_survey.expectation.consumption_spend_3m.rp3_4juta,0000,Indonesia (national),2018-11-01,M,monthly,161.4,index
bi_consumer_survey.expectation.consumption_spend_3m.rp3_4juta,0000,Indonesia (national),2018-12-01,M,monthly,161.5,index
bi_consumer_survey.expectation.consumption_spend_3m.rp3_4juta,0000,Indonesia (national),2019-01-01,M,monthly,160.9,index
bi_consumer_survey.expectation.consumption_spend_3m.rp3_4juta,0000,Indonesia (national),2019-02-01,M,monthly,162.9,index
bi_consumer_survey.expectation.consumption_spend_3m.rp3_4juta,0000,Indonesia (national),2019-03-01,M,monthly,166.0,index
bi_consumer_survey.expectation.consumption_spend_3m.rp3_4juta,0000,Indonesia (national),2019-04-01,M,monthly,165.3,index
bi_consumer_survey.expectation.consumption_spend_3m.rp3_4juta,0000,Indonesia (national),2019-05-01,M,monthly,167.6,index
bi_consumer_survey.expectation.consumption_spend_3m.rp3_4juta,0000,Indonesia (national),2019-06-01,M,monthly,160.1,index
bi_consumer_survey.expectation.consumption_spend_3m.rp3_4juta,0000,Indonesia (national),2019-07-01,M,monthly,159.3,index
bi_consumer_survey.expectation.consumption_spend_3m.rp3_4juta,0000,Indonesia (national),2019-08-01,M,monthly,158.8,index
bi_consumer_survey.expectation.consumption_spend_3m.rp3_4juta,0000,Indonesia (national),2019-09-01,M,monthly,162.2,index
bi_consumer_survey.expectation.consumption_spend_3m.rp3_4juta,0000,Indonesia (national),2019-10-01,M,monthly,161.6,index
bi_consumer_survey.expectation.consumption_spend_3m.rp3_4juta,0000,Indonesia (national),2019-11-01,M,monthly,162.7,index
bi_consumer_survey.expectation.consumption_spend_3m.rp3_4juta,0000,Indonesia (national),2019-12-01,M,monthly,160.9,index
bi_consumer_survey.expectation.consumption_spend_3m.rp3_4juta,0000,Indonesia (national),2020-01-01,M,monthly,168.2,index
bi_consumer_survey.expectation.consumption_spend_3m.rp3_4juta,0000,Indonesia (national),2020-02-01,M,monthly,166.1,index
bi_consumer_survey.expectation.consumption_spend_3m.rp3_4juta,0000,Indonesia (national),2020-03-01,M,monthly,171.6,index
bi_consumer_survey.expectation.consumption_spend_3m.rp4_5juta,0000,Indonesia (national),2012-01-01,M,monthly,162.3,index
bi_consumer_survey.expectation.consumption_spend_3m.rp4_5juta,0000,Indonesia (national),2012-02-01,M,monthly,160.6,index
bi_consumer_survey.expectation.consumption_spend_3m.rp4_5juta,0000,Indonesia (national),2012-03-01,M,monthly,171.6,index
bi_consumer_survey.expectation.consumption_spend_3m.rp4_5juta,0000,Indonesia (national),2012-04-01,M,monthly,165.0,index
bi_consumer_survey.expectation.consumption_spend_3m.rp4_5juta,0000,Indonesia (national),2012-05-01,M,monthly,174.4,index
bi_consumer_survey.expectation.consumption_spend_3m.rp4_5juta,0000,Indonesia (national),2012-06-01,M,monthly,176.9,index
bi_consumer_survey.expectation.consumption_spend_3m.rp4_5juta,0000,Indonesia (national),2012-07-01,M,monthly,178.0,index
bi_consumer_survey.expectation.consumption_spend_3m.rp4_5juta,0000,Indonesia (national),2012-08-01,M,monthly,162.9,index
bi_consumer_survey.expectation.consumption_spend_3m.rp4_5juta,0000,Indonesia (national),2012-09-01,M,monthly,165.8,index
bi_consumer_survey.expectation.consumption_spend_3m.rp4_5juta,0000,Indonesia (national),2012-10-01,M,monthly,168.9,index
bi_consumer_survey.expectation.consumption_spend_3m.rp4_5juta,0000,Indonesia (national),2012-11-01,M,monthly,166.8,index
bi_consumer_survey.expectation.consumption_spend_3m.rp4_5juta,0000,Indonesia (national),2012-12-01,M,monthly,162.1,index
bi_consumer_survey.expectation.consumption_spend_3m.rp4_5juta,0000,Indonesia (national),2013-01-01,M,monthly,159.0,index
bi_consumer_survey.expectation.consumption_spend_3m.rp4_5juta,0000,Indonesia (national),2013-02-01,M,monthly,156.7,index
bi_consumer_survey.expectation.consumption_spend_3m.rp4_5juta,0000,Indonesia (national),2013-03-01,M,monthly,155.3,index
bi_consumer_survey.expectation.consumption_spend_3m.rp4_5juta,0000,Indonesia (national),2013-04-01,M,monthly,168.2,index
bi_consumer_survey.expectation.consumption_spend_3m.rp4_5juta,0000,Indonesia (national),2013-05-01,M,monthly,168.2,index
bi_consumer_survey.expectation.consumption_spend_3m.rp4_5juta,0000,Indonesia (national),2013-06-01,M,monthly,179.1,index
bi_consumer_survey.expectation.consumption_spend_3m.rp4_5juta,0000,Indonesia (national),2013-07-01,M,monthly,174.1,index
bi_consumer_survey.expectation.consumption_spend_3m.rp4_5juta,0000,Indonesia (national),2013-08-01,M,monthly,163.0,index
bi_consumer_survey.expectation.consumption_spend_3m.rp4_5juta,0000,Indonesia (national),2013-09-01,M,monthly,170.3,index
bi_consumer_survey.expectation.consumption_spend_3m.rp4_5juta,0000,Indonesia (national),2013-10-01,M,monthly,165.5,index
bi_consumer_survey.expectation.consumption_spend_3m.rp4_5juta,0000,Indonesia (national),2013-11-01,M,monthly,160.2,index
bi_consumer_survey.expectation.consumption_spend_3m.rp4_5juta,0000,Indonesia (national),2013-12-01,M,monthly,153.5,index
bi_consumer_survey.expectation.consumption_spend_3m.rp4_5juta,0000,Indonesia (national),2014-01-01,M,monthly,165.3,index
bi_consumer_survey.expectation.consumption_spend_3m.rp4_5juta,0000,Indonesia (national),2014-02-01,M,monthly,161.4,index
bi_consumer_survey.expectation.consumption_spend_3m.rp4_5juta,0000,Indonesia (national),2014-03-01,M,monthly,162.5,index
bi_consumer_survey.expectation.consumption_spend_3m.rp4_5juta,0000,Indonesia (national),2014-04-01,M,monthly,174.6,index
bi_consumer_survey.expectation.consumption_spend_3m.rp4_5juta,0000,Indonesia (national),2014-05-01,M,monthly,176.6,index
bi_consumer_survey.expectation.consumption_spend_3m.rp4_5juta,0000,Indonesia (national),2014-06-01,M,monthly,171.3,index
bi_consumer_survey.expectation.consumption_spend_3m.rp4_5juta,0000,Indonesia (national),2014-07-01,M,monthly,156.9,index
bi_consumer_survey.expectation.consumption_spend_3m.rp4_5juta,0000,Indonesia (national),2014-08-01,M,monthly,157.8,index
bi_consumer_survey.expectation.consumption_spend_3m.rp4_5juta,0000,Indonesia (national),2014-09-01,M,monthly,166.5,index
bi_consumer_survey.expectation.consumption_spend_3m.rp4_5juta,0000,Indonesia (national),2014-10-01,M,monthly,159.2,index
bi_consumer_survey.expectation.consumption_spend_3m.rp4_5juta,0000,Indonesia (national),2014-11-01,M,monthly,169.3,index
bi_consumer_survey.expectation.consumption_spend_3m.rp4_5juta,0000,Indonesia (national),2014-12-01,M,monthly,163.8,index
bi_consumer_survey.expectation.consumption_spend_3m.rp4_5juta,0000,Indonesia (national),2015-01-01,M,monthly,157.7,index
bi_consumer_survey.expectation.consumption_spend_3m.rp4_5juta,0000,Indonesia (national),2015-02-01,M,monthly,157.6,index
bi_consumer_survey.expectation.consumption_spend_3m.rp4_5juta,0000,Indonesia (national),2015-03-01,M,monthly,165.7,index
bi_consumer_survey.expectation.consumption_spend_3m.rp4_5juta,0000,Indonesia (national),2015-04-01,M,monthly,174.7,index
bi_consumer_survey.expectation.consumption_spend_3m.rp4_5juta,0000,Indonesia (national),2015-05-01,M,monthly,170.4,index
bi_consumer_survey.expectation.consumption_spend_3m.rp4_5juta,0000,Indonesia (national),2015-06-01,M,monthly,172.9,index
bi_consumer_survey.expectation.consumption_spend_3m.rp4_5juta,0000,Indonesia (national),2015-07-01,M,monthly,157.5,index
bi_consumer_survey.expectation.consumption_spend_3m.rp4_5juta,0000,Indonesia (national),2015-08-01,M,monthly,159.4,index
bi_consumer_survey.expectation.consumption_spend_3m.rp4_5juta,0000,Indonesia (national),2015-09-01,M,monthly,154.7,index
bi_consumer_survey.expectation.consumption_spend_3m.rp4_5juta,0000,Indonesia (national),2015-10-01,M,monthly,154.3,index
bi_consumer_survey.expectation.consumption_spend_3m.rp4_5juta,0000,Indonesia (national),2015-11-01,M,monthly,154.9,index
bi_consumer_survey.expectation.consumption_spend_3m.rp4_5juta,0000,Indonesia (national),2015-12-01,M,monthly,160.7,index
bi_consumer_survey.expectation.consumption_spend_3m.rp4_5juta,0000,Indonesia (national),2016-01-01,M,monthly,158.7,index
bi_consumer_survey.expectation.consumption_spend_3m.rp4_5juta,0000,Indonesia (national),2016-02-01,M,monthly,158.5,index
bi_consumer_survey.expectation.consumption_spend_3m.rp4_5juta,0000,Indonesia (national),2016-03-01,M,monthly,157.1,index
bi_consumer_survey.expectation.consumption_spend_3m.rp4_5juta,0000,Indonesia (national),2016-04-01,M,monthly,163.6,index
bi_consumer_survey.expectation.consumption_spend_3m.rp4_5juta,0000,Indonesia (national),2016-05-01,M,monthly,160.4,index
bi_consumer_survey.expectation.consumption_spend_3m.rp4_5juta,0000,Indonesia (national),2016-06-01,M,monthly,148.7,index
bi_consumer_survey.expectation.consumption_spend_3m.rp4_5juta,0000,Indonesia (national),2016-07-01,M,monthly,144.8,index
bi_consumer_survey.expectation.consumption_spend_3m.rp4_5juta,0000,Indonesia (national),2016-08-01,M,monthly,148.2,index
bi_consumer_survey.expectation.consumption_spend_3m.rp4_5juta,0000,Indonesia (national),2016-09-01,M,monthly,150.0,index
bi_consumer_survey.expectation.consumption_spend_3m.rp4_5juta,0000,Indonesia (national),2016-10-01,M,monthly,146.2,index
bi_consumer_survey.expectation.consumption_spend_3m.rp4_5juta,0000,Indonesia (national),2016-11-01,M,monthly,151.4,index
bi_consumer_survey.expectation.consumption_spend_3m.rp4_5juta,0000,Indonesia (national),2016-12-01,M,monthly,149.7,index
bi_consumer_survey.expectation.consumption_spend_3m.rp4_5juta,0000,Indonesia (national),2017-01-01,M,monthly,162.3,index
bi_consumer_survey.expectation.consumption_spend_3m.rp4_5juta,0000,Indonesia (national),2017-02-01,M,monthly,164.3,index
bi_consumer_survey.expectation.consumption_spend_3m.rp4_5juta,0000,Indonesia (national),2017-03-01,M,monthly,161.3,index
bi_consumer_survey.expectation.consumption_spend_3m.rp4_5juta,0000,Indonesia (national),2017-04-01,M,monthly,162.4,index
bi_consumer_survey.expectation.consumption_spend_3m.rp4_5juta,0000,Indonesia (national),2017-05-01,M,monthly,168.1,index
bi_consumer_survey.expectation.consumption_spend_3m.rp4_5juta,0000,Indonesia (national),2017-06-01,M,monthly,163.7,index
bi_consumer_survey.expectation.consumption_spend_3m.rp4_5juta,0000,Indonesia (national),2017-07-01,M,monthly,160.4,index
bi_consumer_survey.expectation.consumption_spend_3m.rp4_5juta,0000,Indonesia (national),2017-08-01,M,monthly,154.5,index
bi_consumer_survey.expectation.consumption_spend_3m.rp4_5juta,0000,Indonesia (national),2017-09-01,M,monthly,160.8,index
bi_consumer_survey.expectation.consumption_spend_3m.rp4_5juta,0000,Indonesia (national),2017-10-01,M,monthly,153.9,index
bi_consumer_survey.expectation.consumption_spend_3m.rp4_5juta,0000,Indonesia (national),2017-11-01,M,monthly,158.7,index
bi_consumer_survey.expectation.consumption_spend_3m.rp4_5juta,0000,Indonesia (national),2017-12-01,M,monthly,156.3,index
bi_consumer_survey.expectation.consumption_spend_3m.rp4_5juta,0000,Indonesia (national),2018-01-01,M,monthly,156.4,index
bi_consumer_survey.expectation.consumption_spend_3m.rp4_5juta,0000,Indonesia (national),2018-02-01,M,monthly,164.5,index
bi_consumer_survey.expectation.consumption_spend_3m.rp4_5juta,0000,Indonesia (national),2018-03-01,M,monthly,166.2,index
bi_consumer_survey.expectation.consumption_spend_3m.rp4_5juta,0000,Indonesia (national),2018-04-01,M,monthly,165.1,index
bi_consumer_survey.expectation.consumption_spend_3m.rp4_5juta,0000,Indonesia (national),2018-05-01,M,monthly,165.0,index
bi_consumer_survey.expectation.consumption_spend_3m.rp4_5juta,0000,Indonesia (national),2018-06-01,M,monthly,167.7,index
bi_consumer_survey.expectation.consumption_spend_3m.rp4_5juta,0000,Indonesia (national),2018-07-01,M,monthly,157.5,index
bi_consumer_survey.expectation.consumption_spend_3m.rp4_5juta,0000,Indonesia (national),2018-08-01,M,monthly,158.7,index
bi_consumer_survey.expectation.consumption_spend_3m.rp4_5juta,0000,Indonesia (national),2018-09-01,M,monthly,168.9,index
bi_consumer_survey.expectation.consumption_spend_3m.rp4_5juta,0000,Indonesia (national),2018-10-01,M,monthly,164.0,index
bi_consumer_survey.expectation.consumption_spend_3m.rp4_5juta,0000,Indonesia (national),2018-11-01,M,monthly,158.3,index
bi_consumer_survey.expectation.consumption_spend_3m.rp4_5juta,0000,Indonesia (national),2018-12-01,M,monthly,161.8,index
bi_consumer_survey.expectation.consumption_spend_3m.rp4_5juta,0000,Indonesia (national),2019-01-01,M,monthly,155.9,index
bi_consumer_survey.expectation.consumption_spend_3m.rp4_5juta,0000,Indonesia (national),2019-02-01,M,monthly,165.3,index
bi_consumer_survey.expectation.consumption_spend_3m.rp4_5juta,0000,Indonesia (national),2019-03-01,M,monthly,164.7,index
bi_consumer_survey.expectation.consumption_spend_3m.rp4_5juta,0000,Indonesia (national),2019-04-01,M,monthly,171.3,index
bi_consumer_survey.expectation.consumption_spend_3m.rp4_5juta,0000,Indonesia (national),2019-05-01,M,monthly,167.9,index
bi_consumer_survey.expectation.consumption_spend_3m.rp4_5juta,0000,Indonesia (national),2019-06-01,M,monthly,159.9,index
bi_consumer_survey.expectation.consumption_spend_3m.rp4_5juta,0000,Indonesia (national),2019-07-01,M,monthly,159.4,index
bi_consumer_survey.expectation.consumption_spend_3m.rp4_5juta,0000,Indonesia (national),2019-08-01,M,monthly,168.6,index
bi_consumer_survey.expectation.consumption_spend_3m.rp4_5juta,0000,Indonesia (national),2019-09-01,M,monthly,162.2,index
bi_consumer_survey.expectation.consumption_spend_3m.rp4_5juta,0000,Indonesia (national),2019-10-01,M,monthly,164.0,index
bi_consumer_survey.expectation.consumption_spend_3m.rp4_5juta,0000,Indonesia (national),2019-11-01,M,monthly,168.2,index
bi_consumer_survey.expectation.consumption_spend_3m.rp4_5juta,0000,Indonesia (national),2019-12-01,M,monthly,168.7,index
bi_consumer_survey.expectation.consumption_spend_3m.rp4_5juta,0000,Indonesia (national),2020-01-01,M,monthly,171.4,index
bi_consumer_survey.expectation.consumption_spend_3m.rp4_5juta,0000,Indonesia (national),2020-02-01,M,monthly,168.4,index
bi_consumer_survey.expectation.consumption_spend_3m.rp4_5juta,0000,Indonesia (national),2020-03-01,M,monthly,164.6,index
bi_consumer_survey.expectation.debt_position_6m,0000,Indonesia (national),2012-01-01,M,monthly,155.4,index
bi_consumer_survey.expectation.debt_position_6m,0000,Indonesia (national),2012-02-01,M,monthly,156.7,index
bi_consumer_survey.expectation.debt_position_6m,0000,Indonesia (national),2012-03-01,M,monthly,157.4,index
bi_consumer_survey.expectation.debt_position_6m,0000,Indonesia (national),2012-04-01,M,monthly,155.8,index
bi_consumer_survey.expectation.debt_position_6m,0000,Indonesia (national),2012-05-01,M,monthly,156.2,index
bi_consumer_survey.expectation.debt_position_6m,0000,Indonesia (national),2012-06-01,M,monthly,157.3,index
bi_consumer_survey.expectation.debt_position_6m,0000,Indonesia (national),2012-07-01,M,monthly,152.2,index
bi_consumer_survey.expectation.debt_position_6m,0000,Indonesia (national),2012-08-01,M,monthly,153.7,index
bi_consumer_survey.expectation.debt_position_6m,0000,Indonesia (national),2012-09-01,M,monthly,158.1,index
bi_consumer_survey.expectation.debt_position_6m,0000,Indonesia (national),2012-10-01,M,monthly,155.1,index
bi_consumer_survey.expectation.debt_position_6m,0000,Indonesia (national),2012-11-01,M,monthly,159.6,index
bi_consumer_survey.expectation.debt_position_6m,0000,Indonesia (national),2012-12-01,M,monthly,161.6,index
bi_consumer_survey.expectation.debt_position_6m,0000,Indonesia (national),2013-01-01,M,monthly,158.7,index
bi_consumer_survey.expectation.debt_position_6m,0000,Indonesia (national),2013-02-01,M,monthly,154.6,index
bi_consumer_survey.expectation.debt_position_6m,0000,Indonesia (national),2013-03-01,M,monthly,159.3,index
bi_consumer_survey.expectation.debt_position_6m,0000,Indonesia (national),2013-04-01,M,monthly,158.7,index
bi_consumer_survey.expectation.debt_position_6m,0000,Indonesia (national),2013-05-01,M,monthly,155.8,index
bi_consumer_survey.expectation.debt_position_6m,0000,Indonesia (national),2013-06-01,M,monthly,159.3,index
bi_consumer_survey.expectation.debt_position_6m,0000,Indonesia (national),2013-07-01,M,monthly,150.5,index
bi_consumer_survey.expectation.debt_position_6m,0000,Indonesia (national),2013-08-01,M,monthly,155.1,index
bi_consumer_survey.expectation.debt_position_6m,0000,Indonesia (national),2013-09-01,M,monthly,158.2,index
bi_consumer_survey.expectation.debt_position_6m,0000,Indonesia (national),2013-10-01,M,monthly,159.1,index
bi_consumer_survey.expectation.debt_position_6m,0000,Indonesia (national),2013-11-01,M,monthly,160.0,index
bi_consumer_survey.expectation.debt_position_6m,0000,Indonesia (national),2013-12-01,M,monthly,160.5,index
bi_consumer_survey.expectation.debt_position_6m,0000,Indonesia (national),2014-01-01,M,monthly,162.4,index
bi_consumer_survey.expectation.debt_position_6m,0000,Indonesia (national),2014-02-01,M,monthly,163.7,index
bi_consumer_survey.expectation.debt_position_6m,0000,Indonesia (national),2014-03-01,M,monthly,157.9,index
bi_consumer_survey.expectation.debt_position_6m,0000,Indonesia (national),2014-04-01,M,monthly,159.7,index
bi_consumer_survey.expectation.debt_position_6m,0000,Indonesia (national),2014-05-01,M,monthly,157.9,index
bi_consumer_survey.expectation.debt_position_6m,0000,Indonesia (national),2014-06-01,M,monthly,167.0,index
bi_consumer_survey.expectation.debt_position_6m,0000,Indonesia (national),2014-07-01,M,monthly,162.6,index
bi_consumer_survey.expectation.debt_position_6m,0000,Indonesia (national),2014-08-01,M,monthly,165.1,index
bi_consumer_survey.expectation.debt_position_6m,0000,Indonesia (national),2014-09-01,M,monthly,163.1,index
bi_consumer_survey.expectation.debt_position_6m,0000,Indonesia (national),2014-10-01,M,monthly,159.8,index
bi_consumer_survey.expectation.debt_position_6m,0000,Indonesia (national),2014-11-01,M,monthly,163.5,index
bi_consumer_survey.expectation.debt_position_6m,0000,Indonesia (national),2014-12-01,M,monthly,158.1,index
bi_consumer_survey.expectation.debt_position_6m,0000,Indonesia (national),2015-01-01,M,monthly,156.4,index
bi_consumer_survey.expectation.debt_position_6m,0000,Indonesia (national),2015-02-01,M,monthly,161.9,index
bi_consumer_survey.expectation.debt_position_6m,0000,Indonesia (national),2015-03-01,M,monthly,155.5,index
bi_consumer_survey.expectation.debt_position_6m,0000,Indonesia (national),2015-04-01,M,monthly,154.6,index
bi_consumer_survey.expectation.debt_position_6m,0000,Indonesia (national),2015-05-01,M,monthly,159.7,index
bi_consumer_survey.expectation.debt_position_6m,0000,Indonesia (national),2015-06-01,M,monthly,156.6,index
bi_consumer_survey.expectation.debt_position_6m,0000,Indonesia (national),2015-07-01,M,monthly,153.1,index
bi_consumer_survey.expectation.debt_position_6m,0000,Indonesia (national),2015-08-01,M,monthly,156.1,index
bi_consumer_survey.expectation.debt_position_6m,0000,Indonesia (national),2015-09-01,M,monthly,159.0,index
bi_consumer_survey.expectation.debt_position_6m,0000,Indonesia (national),2015-10-01,M,monthly,158.5,index
bi_consumer_survey.expectation.debt_position_6m,0000,Indonesia (national),2015-11-01,M,monthly,161.7,index
bi_consumer_survey.expectation.debt_position_6m,0000,Indonesia (national),2015-12-01,M,monthly,159.5,index
bi_consumer_survey.expectation.debt_position_6m,0000,Indonesia (national),2016-01-01,M,monthly,157.0,index
bi_consumer_survey.expectation.debt_position_6m,0000,Indonesia (national),2016-02-01,M,monthly,165.0,index
bi_consumer_survey.expectation.debt_position_6m,0000,Indonesia (national),2016-03-01,M,monthly,158.6,index
bi_consumer_survey.expectation.debt_position_6m,0000,Indonesia (national),2016-04-01,M,monthly,160.0,index
bi_consumer_survey.expectation.debt_position_6m,0000,Indonesia (national),2016-05-01,M,monthly,161.1,index
bi_consumer_survey.expectation.debt_position_6m,0000,Indonesia (national),2016-06-01,M,monthly,160.2,index
bi_consumer_survey.expectation.debt_position_6m,0000,Indonesia (national),2016-07-01,M,monthly,163.7,index
bi_consumer_survey.expectation.debt_position_6m,0000,Indonesia (national),2016-08-01,M,monthly,161.6,index
bi_consumer_survey.expectation.debt_position_6m,0000,Indonesia (national),2016-09-01,M,monthly,164.6,index
bi_consumer_survey.expectation.debt_position_6m,0000,Indonesia (national),2016-10-01,M,monthly,162.1,index
bi_consumer_survey.expectation.debt_position_6m,0000,Indonesia (national),2016-11-01,M,monthly,162.4,index
bi_consumer_survey.expectation.debt_position_6m,0000,Indonesia (national),2016-12-01,M,monthly,162.2,index
bi_consumer_survey.expectation.debt_position_6m,0000,Indonesia (national),2017-01-01,M,monthly,148.8,index
bi_consumer_survey.expectation.debt_position_6m,0000,Indonesia (national),2017-02-01,M,monthly,159.3,index
bi_consumer_survey.expectation.debt_position_6m,0000,Indonesia (national),2017-03-01,M,monthly,155.6,index
bi_consumer_survey.expectation.debt_position_6m,0000,Indonesia (national),2017-04-01,M,monthly,155.8,index
bi_consumer_survey.expectation.debt_position_6m,0000,Indonesia (national),2017-05-01,M,monthly,153.6,index
bi_consumer_survey.expectation.debt_position_6m,0000,Indonesia (national),2017-06-01,M,monthly,146.8,index
bi_consumer_survey.expectation.debt_position_6m,0000,Indonesia (national),2017-07-01,M,monthly,158.2,index
bi_consumer_survey.expectation.debt_position_6m,0000,Indonesia (national),2017-08-01,M,monthly,155.8,index
bi_consumer_survey.expectation.debt_position_6m,0000,Indonesia (national),2017-09-01,M,monthly,153.3,index
bi_consumer_survey.expectation.debt_position_6m,0000,Indonesia (national),2017-10-01,M,monthly,156.4,index
bi_consumer_survey.expectation.debt_position_6m,0000,Indonesia (national),2017-11-01,M,monthly,157.2,index
bi_consumer_survey.expectation.debt_position_6m,0000,Indonesia (national),2017-12-01,M,monthly,154.3,index
bi_consumer_survey.expectation.debt_position_6m,0000,Indonesia (national),2018-01-01,M,monthly,157.5,index
bi_consumer_survey.expectation.debt_position_6m,0000,Indonesia (national),2018-02-01,M,monthly,160.3,index
bi_consumer_survey.expectation.debt_position_6m,0000,Indonesia (national),2018-03-01,M,monthly,160.4,index
bi_consumer_survey.expectation.debt_position_6m,0000,Indonesia (national),2018-04-01,M,monthly,159.4,index
bi_consumer_survey.expectation.debt_position_6m,0000,Indonesia (national),2018-05-01,M,monthly,159.1,index
bi_consumer_survey.expectation.debt_position_6m,0000,Indonesia (national),2018-06-01,M,monthly,149.6,index
bi_consumer_survey.expectation.debt_position_6m,0000,Indonesia (national),2018-07-01,M,monthly,157.5,index
bi_consumer_survey.expectation.debt_position_6m,0000,Indonesia (national),2018-08-01,M,monthly,160.5,index
bi_consumer_survey.expectation.debt_position_6m,0000,Indonesia (national),2018-09-01,M,monthly,167.6,index
bi_consumer_survey.expectation.debt_position_6m,0000,Indonesia (national),2018-10-01,M,monthly,163.3,index
bi_consumer_survey.expectation.debt_position_6m,0000,Indonesia (national),2018-11-01,M,monthly,162.5,index
bi_consumer_survey.expectation.debt_position_6m,0000,Indonesia (national),2018-12-01,M,monthly,168.2,index
bi_consumer_survey.expectation.debt_position_6m,0000,Indonesia (national),2019-01-01,M,monthly,155.5,index
bi_consumer_survey.expectation.debt_position_6m,0000,Indonesia (national),2019-02-01,M,monthly,159.2,index
bi_consumer_survey.expectation.debt_position_6m,0000,Indonesia (national),2019-03-01,M,monthly,162.8,index
bi_consumer_survey.expectation.debt_position_6m,0000,Indonesia (national),2019-04-01,M,monthly,155.4,index
bi_consumer_survey.expectation.debt_position_6m,0000,Indonesia (national),2019-05-01,M,monthly,155.3,index
bi_consumer_survey.expectation.debt_position_6m,0000,Indonesia (national),2019-06-01,M,monthly,159.1,index
bi_consumer_survey.expectation.debt_position_6m,0000,Indonesia (national),2019-07-01,M,monthly,162.3,index
bi_consumer_survey.expectation.debt_position_6m,0000,Indonesia (national),2019-08-01,M,monthly,161.2,index
bi_consumer_survey.expectation.debt_position_6m,0000,Indonesia (national),2019-09-01,M,monthly,159.6,index
bi_consumer_survey.expectation.debt_position_6m,0000,Indonesia (national),2019-10-01,M,monthly,153.0,index
bi_consumer_survey.expectation.debt_position_6m,0000,Indonesia (national),2019-11-01,M,monthly,161.1,index
bi_consumer_survey.expectation.debt_position_6m,0000,Indonesia (national),2019-12-01,M,monthly,161.3,index
bi_consumer_survey.expectation.debt_position_6m,0000,Indonesia (national),2020-01-01,M,monthly,162.2,index
bi_consumer_survey.expectation.debt_position_6m,0000,Indonesia (national),2020-02-01,M,monthly,161.6,index
bi_consumer_survey.expectation.debt_position_6m,0000,Indonesia (national),2020-03-01,M,monthly,160.2,index
bi_consumer_survey.expectation.debt_position_6m.above_rp5juta,0000,Indonesia (national),2012-01-01,M,monthly,159.9,index
bi_consumer_survey.expectation.debt_position_6m.above_rp5juta,0000,Indonesia (national),2012-02-01,M,monthly,159.3,index
bi_consumer_survey.expectation.debt_position_6m.above_rp5juta,0000,Indonesia (national),2012-03-01,M,monthly,161.6,index
bi_consumer_survey.expectation.debt_position_6m.above_rp5juta,0000,Indonesia (national),2012-04-01,M,monthly,160.1,index
bi_consumer_survey.expectation.debt_position_6m.above_rp5juta,0000,Indonesia (national),2012-05-01,M,monthly,158.8,index
bi_consumer_survey.expectation.debt_position_6m.above_rp5juta,0000,Indonesia (national),2012-06-01,M,monthly,155.1,index
bi_consumer_survey.expectation.debt_position_6m.above_rp5juta,0000,Indonesia (national),2012-07-01,M,monthly,152.9,index
bi_consumer_survey.expectation.debt_position_6m.above_rp5juta,0000,Indonesia (national),2012-08-01,M,monthly,168.4,index
bi_consumer_survey.expectation.debt_position_6m.above_rp5juta,0000,Indonesia (national),2012-09-01,M,monthly,164.4,index
bi_consumer_survey.expectation.debt_position_6m.above_rp5juta,0000,Indonesia (national),2012-10-01,M,monthly,161.5,index
bi_consumer_survey.expectation.debt_position_6m.above_rp5juta,0000,Indonesia (national),2012-11-01,M,monthly,155.7,index
bi_consumer_survey.expectation.debt_position_6m.above_rp5juta,0000,Indonesia (national),2012-12-01,M,monthly,158.9,index
bi_consumer_survey.expectation.debt_position_6m.above_rp5juta,0000,Indonesia (national),2013-01-01,M,monthly,160.2,index
bi_consumer_survey.expectation.debt_position_6m.above_rp5juta,0000,Indonesia (national),2013-02-01,M,monthly,148.6,index
bi_consumer_survey.expectation.debt_position_6m.above_rp5juta,0000,Indonesia (national),2013-03-01,M,monthly,157.0,index
bi_consumer_survey.expectation.debt_position_6m.above_rp5juta,0000,Indonesia (national),2013-04-01,M,monthly,151.4,index
bi_consumer_survey.expectation.debt_position_6m.above_rp5juta,0000,Indonesia (national),2013-05-01,M,monthly,144.1,index
bi_consumer_survey.expectation.debt_position_6m.above_rp5juta,0000,Indonesia (national),2013-06-01,M,monthly,154.9,index
bi_consumer_survey.expectation.debt_position_6m.above_rp5juta,0000,Indonesia (national),2013-07-01,M,monthly,147.9,index
bi_consumer_survey.expectation.debt_position_6m.above_rp5juta,0000,Indonesia (national),2013-08-01,M,monthly,150.3,index
bi_consumer_survey.expectation.debt_position_6m.above_rp5juta,0000,Indonesia (national),2013-09-01,M,monthly,163.3,index
bi_consumer_survey.expectation.debt_position_6m.above_rp5juta,0000,Indonesia (national),2013-10-01,M,monthly,153.2,index
bi_consumer_survey.expectation.debt_position_6m.above_rp5juta,0000,Indonesia (national),2013-11-01,M,monthly,160.6,index
bi_consumer_survey.expectation.debt_position_6m.above_rp5juta,0000,Indonesia (national),2013-12-01,M,monthly,161.6,index
bi_consumer_survey.expectation.debt_position_6m.above_rp5juta,0000,Indonesia (national),2014-01-01,M,monthly,161.8,index
bi_consumer_survey.expectation.debt_position_6m.above_rp5juta,0000,Indonesia (national),2014-02-01,M,monthly,161.3,index
bi_consumer_survey.expectation.debt_position_6m.above_rp5juta,0000,Indonesia (national),2014-03-01,M,monthly,167.7,index
bi_consumer_survey.expectation.debt_position_6m.above_rp5juta,0000,Indonesia (national),2014-04-01,M,monthly,150.2,index
bi_consumer_survey.expectation.debt_position_6m.above_rp5juta,0000,Indonesia (national),2014-05-01,M,monthly,156.5,index
bi_consumer_survey.expectation.debt_position_6m.above_rp5juta,0000,Indonesia (national),2014-06-01,M,monthly,163.6,index
bi_consumer_survey.expectation.debt_position_6m.above_rp5juta,0000,Indonesia (national),2014-07-01,M,monthly,157.2,index
bi_consumer_survey.expectation.debt_position_6m.above_rp5juta,0000,Indonesia (national),2014-08-01,M,monthly,161.2,index
bi_consumer_survey.expectation.debt_position_6m.above_rp5juta,0000,Indonesia (national),2014-09-01,M,monthly,159.6,index
bi_consumer_survey.expectation.debt_position_6m.above_rp5juta,0000,Indonesia (national),2014-10-01,M,monthly,157.8,index
bi_consumer_survey.expectation.debt_position_6m.above_rp5juta,0000,Indonesia (national),2014-11-01,M,monthly,155.2,index
bi_consumer_survey.expectation.debt_position_6m.above_rp5juta,0000,Indonesia (national),2014-12-01,M,monthly,150.0,index
bi_consumer_survey.expectation.debt_position_6m.above_rp5juta,0000,Indonesia (national),2015-01-01,M,monthly,157.8,index
bi_consumer_survey.expectation.debt_position_6m.above_rp5juta,0000,Indonesia (national),2015-02-01,M,monthly,164.8,index
bi_consumer_survey.expectation.debt_position_6m.above_rp5juta,0000,Indonesia (national),2015-03-01,M,monthly,164.8,index
bi_consumer_survey.expectation.debt_position_6m.above_rp5juta,0000,Indonesia (national),2015-04-01,M,monthly,162.7,index
bi_consumer_survey.expectation.debt_position_6m.above_rp5juta,0000,Indonesia (national),2015-05-01,M,monthly,165.7,index
bi_consumer_survey.expectation.debt_position_6m.above_rp5juta,0000,Indonesia (national),2015-06-01,M,monthly,158.3,index
bi_consumer_survey.expectation.debt_position_6m.above_rp5juta,0000,Indonesia (national),2015-07-01,M,monthly,160.7,index
bi_consumer_survey.expectation.debt_position_6m.above_rp5juta,0000,Indonesia (national),2015-08-01,M,monthly,162.7,index
bi_consumer_survey.expectation.debt_position_6m.above_rp5juta,0000,Indonesia (national),2015-09-01,M,monthly,164.6,index
bi_consumer_survey.expectation.debt_position_6m.above_rp5juta,0000,Indonesia (national),2015-10-01,M,monthly,163.4,index
bi_consumer_survey.expectation.debt_position_6m.above_rp5juta,0000,Indonesia (national),2015-11-01,M,monthly,162.4,index
bi_consumer_survey.expectation.debt_position_6m.above_rp5juta,0000,Indonesia (national),2015-12-01,M,monthly,162.4,index
bi_consumer_survey.expectation.debt_position_6m.above_rp5juta,0000,Indonesia (national),2016-01-01,M,monthly,161.9,index
bi_consumer_survey.expectation.debt_position_6m.above_rp5juta,0000,Indonesia (national),2016-02-01,M,monthly,163.0,index
bi_consumer_survey.expectation.debt_position_6m.above_rp5juta,0000,Indonesia (national),2016-03-01,M,monthly,165.7,index
bi_consumer_survey.expectation.debt_position_6m.above_rp5juta,0000,Indonesia (national),2016-04-01,M,monthly,159.4,index
bi_consumer_survey.expectation.debt_position_6m.above_rp5juta,0000,Indonesia (national),2016-05-01,M,monthly,159.6,index
bi_consumer_survey.expectation.debt_position_6m.above_rp5juta,0000,Indonesia (national),2016-06-01,M,monthly,160.7,index
bi_consumer_survey.expectation.debt_position_6m.above_rp5juta,0000,Indonesia (national),2016-07-01,M,monthly,163.0,index
bi_consumer_survey.expectation.debt_position_6m.above_rp5juta,0000,Indonesia (national),2016-08-01,M,monthly,166.4,index
bi_consumer_survey.expectation.debt_position_6m.above_rp5juta,0000,Indonesia (national),2016-09-01,M,monthly,157.3,index
bi_consumer_survey.expectation.debt_position_6m.above_rp5juta,0000,Indonesia (national),2016-10-01,M,monthly,152.2,index
bi_consumer_survey.expectation.debt_position_6m.above_rp5juta,0000,Indonesia (national),2016-11-01,M,monthly,167.8,index
bi_consumer_survey.expectation.debt_position_6m.above_rp5juta,0000,Indonesia (national),2016-12-01,M,monthly,164.9,index
bi_consumer_survey.expectation.debt_position_6m.above_rp5juta,0000,Indonesia (national),2017-01-01,M,monthly,158.2,index
bi_consumer_survey.expectation.debt_position_6m.above_rp5juta,0000,Indonesia (national),2017-02-01,M,monthly,164.4,index
bi_consumer_survey.expectation.debt_position_6m.above_rp5juta,0000,Indonesia (national),2017-03-01,M,monthly,153.8,index
bi_consumer_survey.expectation.debt_position_6m.above_rp5juta,0000,Indonesia (national),2017-04-01,M,monthly,157.2,index
bi_consumer_survey.expectation.debt_position_6m.above_rp5juta,0000,Indonesia (national),2017-05-01,M,monthly,156.1,index
bi_consumer_survey.expectation.debt_position_6m.above_rp5juta,0000,Indonesia (national),2017-06-01,M,monthly,146.7,index
bi_consumer_survey.expectation.debt_position_6m.above_rp5juta,0000,Indonesia (national),2017-07-01,M,monthly,168.0,index
bi_consumer_survey.expectation.debt_position_6m.above_rp5juta,0000,Indonesia (national),2017-08-01,M,monthly,161.4,index
bi_consumer_survey.expectation.debt_position_6m.above_rp5juta,0000,Indonesia (national),2017-09-01,M,monthly,156.9,index
bi_consumer_survey.expectation.debt_position_6m.above_rp5juta,0000,Indonesia (national),2017-10-01,M,monthly,161.1,index
bi_consumer_survey.expectation.debt_position_6m.above_rp5juta,0000,Indonesia (national),2017-11-01,M,monthly,164.3,index
bi_consumer_survey.expectation.debt_position_6m.above_rp5juta,0000,Indonesia (national),2017-12-01,M,monthly,156.1,index
bi_consumer_survey.expectation.debt_position_6m.above_rp5juta,0000,Indonesia (national),2018-01-01,M,monthly,160.3,index
bi_consumer_survey.expectation.debt_position_6m.above_rp5juta,0000,Indonesia (national),2018-02-01,M,monthly,165.4,index
bi_consumer_survey.expectation.debt_position_6m.above_rp5juta,0000,Indonesia (national),2018-03-01,M,monthly,161.6,index
bi_consumer_survey.expectation.debt_position_6m.above_rp5juta,0000,Indonesia (national),2018-04-01,M,monthly,155.9,index
bi_consumer_survey.expectation.debt_position_6m.above_rp5juta,0000,Indonesia (national),2018-05-01,M,monthly,159.6,index
bi_consumer_survey.expectation.debt_position_6m.above_rp5juta,0000,Indonesia (national),2018-06-01,M,monthly,159.3,index
bi_consumer_survey.expectation.debt_position_6m.above_rp5juta,0000,Indonesia (national),2018-07-01,M,monthly,165.8,index
bi_consumer_survey.expectation.debt_position_6m.above_rp5juta,0000,Indonesia (national),2018-08-01,M,monthly,163.7,index
bi_consumer_survey.expectation.debt_position_6m.above_rp5juta,0000,Indonesia (national),2018-09-01,M,monthly,162.9,index
bi_consumer_survey.expectation.debt_position_6m.above_rp5juta,0000,Indonesia (national),2018-10-01,M,monthly,155.5,index
bi_consumer_survey.expectation.debt_position_6m.above_rp5juta,0000,Indonesia (national),2018-11-01,M,monthly,161.3,index
bi_consumer_survey.expectation.debt_position_6m.above_rp5juta,0000,Indonesia (national),2018-12-01,M,monthly,171.1,index
bi_consumer_survey.expectation.debt_position_6m.above_rp5juta,0000,Indonesia (national),2019-01-01,M,monthly,159.7,index
bi_consumer_survey.expectation.debt_position_6m.above_rp5juta,0000,Indonesia (national),2019-02-01,M,monthly,163.2,index
bi_consumer_survey.expectation.debt_position_6m.above_rp5juta,0000,Indonesia (national),2019-03-01,M,monthly,161.4,index
bi_consumer_survey.expectation.debt_position_6m.above_rp5juta,0000,Indonesia (national),2019-04-01,M,monthly,159.0,index
bi_consumer_survey.expectation.debt_position_6m.above_rp5juta,0000,Indonesia (national),2019-05-01,M,monthly,152.5,index
bi_consumer_survey.expectation.debt_position_6m.above_rp5juta,0000,Indonesia (national),2019-06-01,M,monthly,157.4,index
bi_consumer_survey.expectation.debt_position_6m.above_rp5juta,0000,Indonesia (national),2019-07-01,M,monthly,161.1,index
bi_consumer_survey.expectation.debt_position_6m.above_rp5juta,0000,Indonesia (national),2019-08-01,M,monthly,160.6,index
bi_consumer_survey.expectation.debt_position_6m.above_rp5juta,0000,Indonesia (national),2019-09-01,M,monthly,155.5,index
bi_consumer_survey.expectation.debt_position_6m.above_rp5juta,0000,Indonesia (national),2019-10-01,M,monthly,158.4,index
bi_consumer_survey.expectation.debt_position_6m.above_rp5juta,0000,Indonesia (national),2019-11-01,M,monthly,161.9,index
bi_consumer_survey.expectation.debt_position_6m.above_rp5juta,0000,Indonesia (national),2019-12-01,M,monthly,164.2,index
bi_consumer_survey.expectation.debt_position_6m.above_rp5juta,0000,Indonesia (national),2020-01-01,M,monthly,153.7,index
bi_consumer_survey.expectation.debt_position_6m.above_rp5juta,0000,Indonesia (national),2020-02-01,M,monthly,157.3,index
bi_consumer_survey.expectation.debt_position_6m.above_rp5juta,0000,Indonesia (national),2020-03-01,M,monthly,157.1,index
bi_consumer_survey.expectation.debt_position_6m.rp1_2juta,0000,Indonesia (national),2012-01-01,M,monthly,148.0,index
bi_consumer_survey.expectation.debt_position_6m.rp1_2juta,0000,Indonesia (national),2012-02-01,M,monthly,151.3,index
bi_consumer_survey.expectation.debt_position_6m.rp1_2juta,0000,Indonesia (national),2012-03-01,M,monthly,153.6,index
bi_consumer_survey.expectation.debt_position_6m.rp1_2juta,0000,Indonesia (national),2012-04-01,M,monthly,153.4,index
bi_consumer_survey.expectation.debt_position_6m.rp1_2juta,0000,Indonesia (national),2012-05-01,M,monthly,152.3,index
bi_consumer_survey.expectation.debt_position_6m.rp1_2juta,0000,Indonesia (national),2012-06-01,M,monthly,155.1,index
bi_consumer_survey.expectation.debt_position_6m.rp1_2juta,0000,Indonesia (national),2012-07-01,M,monthly,146.8,index
bi_consumer_survey.expectation.debt_position_6m.rp1_2juta,0000,Indonesia (national),2012-08-01,M,monthly,152.8,index
bi_consumer_survey.expectation.debt_position_6m.rp1_2juta,0000,Indonesia (national),2012-09-01,M,monthly,153.0,index
bi_consumer_survey.expectation.debt_position_6m.rp1_2juta,0000,Indonesia (national),2012-10-01,M,monthly,153.5,index
bi_consumer_survey.expectation.debt_position_6m.rp1_2juta,0000,Indonesia (national),2012-11-01,M,monthly,150.0,index
bi_consumer_survey.expectation.debt_position_6m.rp1_2juta,0000,Indonesia (national),2012-12-01,M,monthly,150.5,index
bi_consumer_survey.expectation.debt_position_6m.rp1_2juta,0000,Indonesia (national),2013-01-01,M,monthly,145.6,index
bi_consumer_survey.expectation.debt_position_6m.rp1_2juta,0000,Indonesia (national),2013-02-01,M,monthly,149.7,index
bi_consumer_survey.expectation.debt_position_6m.rp1_2juta,0000,Indonesia (national),2013-03-01,M,monthly,151.7,index
bi_consumer_survey.expectation.debt_position_6m.rp1_2juta,0000,Indonesia (national),2013-04-01,M,monthly,157.0,index
bi_consumer_survey.expectation.debt_position_6m.rp1_2juta,0000,Indonesia (national),2013-05-01,M,monthly,150.8,index
bi_consumer_survey.expectation.debt_position_6m.rp1_2juta,0000,Indonesia (national),2013-06-01,M,monthly,140.2,index
bi_consumer_survey.expectation.debt_position_6m.rp1_2juta,0000,Indonesia (national),2013-07-01,M,monthly,145.0,index
bi_consumer_survey.expectation.debt_position_6m.rp1_2juta,0000,Indonesia (national),2013-08-01,M,monthly,151.6,index
bi_consumer_survey.expectation.debt_position_6m.rp1_2juta,0000,Indonesia (national),2013-09-01,M,monthly,143.2,index
bi_consumer_survey.expectation.debt_position_6m.rp1_2juta,0000,Indonesia (national),2013-10-01,M,monthly,150.7,index
bi_consumer_survey.expectation.debt_position_6m.rp1_2juta,0000,Indonesia (national),2013-11-01,M,monthly,151.9,index
bi_consumer_survey.expectation.debt_position_6m.rp1_2juta,0000,Indonesia (national),2013-12-01,M,monthly,148.4,index
bi_consumer_survey.expectation.debt_position_6m.rp1_2juta,0000,Indonesia (national),2014-01-01,M,monthly,158.4,index
bi_consumer_survey.expectation.debt_position_6m.rp1_2juta,0000,Indonesia (national),2014-02-01,M,monthly,164.7,index
bi_consumer_survey.expectation.debt_position_6m.rp1_2juta,0000,Indonesia (national),2014-03-01,M,monthly,151.8,index
bi_consumer_survey.expectation.debt_position_6m.rp1_2juta,0000,Indonesia (national),2014-04-01,M,monthly,158.0,index
bi_consumer_survey.expectation.debt_position_6m.rp1_2juta,0000,Indonesia (national),2014-05-01,M,monthly,143.4,index
bi_consumer_survey.expectation.debt_position_6m.rp1_2juta,0000,Indonesia (national),2014-06-01,M,monthly,156.6,index
bi_consumer_survey.expectation.debt_position_6m.rp1_2juta,0000,Indonesia (national),2014-07-01,M,monthly,155.5,index
bi_consumer_survey.expectation.debt_position_6m.rp1_2juta,0000,Indonesia (national),2014-08-01,M,monthly,157.9,index
bi_consumer_survey.expectation.debt_position_6m.rp1_2juta,0000,Indonesia (national),2014-09-01,M,monthly,157.7,index
bi_consumer_survey.expectation.debt_position_6m.rp1_2juta,0000,Indonesia (national),2014-10-01,M,monthly,153.3,index
bi_consumer_survey.expectation.debt_position_6m.rp1_2juta,0000,Indonesia (national),2014-11-01,M,monthly,161.6,index
bi_consumer_survey.expectation.debt_position_6m.rp1_2juta,0000,Indonesia (national),2014-12-01,M,monthly,150.7,index
bi_consumer_survey.expectation.debt_position_6m.rp1_2juta,0000,Indonesia (national),2015-01-01,M,monthly,149.6,index
bi_consumer_survey.expectation.debt_position_6m.rp1_2juta,0000,Indonesia (national),2015-02-01,M,monthly,152.9,index
bi_consumer_survey.expectation.debt_position_6m.rp1_2juta,0000,Indonesia (national),2015-03-01,M,monthly,148.2,index
bi_consumer_survey.expectation.debt_position_6m.rp1_2juta,0000,Indonesia (national),2015-04-01,M,monthly,145.8,index
bi_consumer_survey.expectation.debt_position_6m.rp1_2juta,0000,Indonesia (national),2015-05-01,M,monthly,146.2,index
bi_consumer_survey.expectation.debt_position_6m.rp1_2juta,0000,Indonesia (national),2015-06-01,M,monthly,147.1,index
bi_consumer_survey.expectation.debt_position_6m.rp1_2juta,0000,Indonesia (national),2015-07-01,M,monthly,154.0,index
bi_consumer_survey.expectation.debt_position_6m.rp1_2juta,0000,Indonesia (national),2015-08-01,M,monthly,154.3,index
bi_consumer_survey.expectation.debt_position_6m.rp1_2juta,0000,Indonesia (national),2015-09-01,M,monthly,161.1,index
bi_consumer_survey.expectation.debt_position_6m.rp1_2juta,0000,Indonesia (national),2015-10-01,M,monthly,157.5,index
bi_consumer_survey.expectation.debt_position_6m.rp1_2juta,0000,Indonesia (national),2015-11-01,M,monthly,160.4,index
bi_consumer_survey.expectation.debt_position_6m.rp1_2juta,0000,Indonesia (national),2015-12-01,M,monthly,154.9,index
bi_consumer_survey.expectation.debt_position_6m.rp1_2juta,0000,Indonesia (national),2016-01-01,M,monthly,157.4,index
bi_consumer_survey.expectation.debt_position_6m.rp1_2juta,0000,Indonesia (national),2016-02-01,M,monthly,162.5,index
bi_consumer_survey.expectation.debt_position_6m.rp1_2juta,0000,Indonesia (national),2016-03-01,M,monthly,144.3,index
bi_consumer_survey.expectation.debt_position_6m.rp1_2juta,0000,Indonesia (national),2016-04-01,M,monthly,156.6,index
bi_consumer_survey.expectation.debt_position_6m.rp1_2juta,0000,Indonesia (national),2016-05-01,M,monthly,161.3,index
bi_consumer_survey.expectation.debt_position_6m.rp1_2juta,0000,Indonesia (national),2016-06-01,M,monthly,157.1,index
bi_consumer_survey.expectation.debt_position_6m.rp1_2juta,0000,Indonesia (national),2016-07-01,M,monthly,163.0,index
bi_consumer_survey.expectation.debt_position_6m.rp1_2juta,0000,Indonesia (national),2016-08-01,M,monthly,158.1,index
bi_consumer_survey.expectation.debt_position_6m.rp1_2juta,0000,Indonesia (national),2016-09-01,M,monthly,155.7,index
bi_consumer_survey.expectation.debt_position_6m.rp1_2juta,0000,Indonesia (national),2016-10-01,M,monthly,157.1,index
bi_consumer_survey.expectation.debt_position_6m.rp1_2juta,0000,Indonesia (national),2016-11-01,M,monthly,160.9,index
bi_consumer_survey.expectation.debt_position_6m.rp1_2juta,0000,Indonesia (national),2016-12-01,M,monthly,153.9,index
bi_consumer_survey.expectation.debt_position_6m.rp1_2juta,0000,Indonesia (national),2017-01-01,M,monthly,152.1,index
bi_consumer_survey.expectation.debt_position_6m.rp1_2juta,0000,Indonesia (national),2017-02-01,M,monthly,155.7,index
bi_consumer_survey.expectation.debt_position_6m.rp1_2juta,0000,Indonesia (national),2017-03-01,M,monthly,155.7,index
bi_consumer_survey.expectation.debt_position_6m.rp1_2juta,0000,Indonesia (national),2017-04-01,M,monthly,144.0,index
bi_consumer_survey.expectation.debt_position_6m.rp1_2juta,0000,Indonesia (national),2017-05-01,M,monthly,149.4,index
bi_consumer_survey.expectation.debt_position_6m.rp1_2juta,0000,Indonesia (national),2017-06-01,M,monthly,150.4,index
bi_consumer_survey.expectation.debt_position_6m.rp1_2juta,0000,Indonesia (national),2017-07-01,M,monthly,150.8,index
bi_consumer_survey.expectation.debt_position_6m.rp1_2juta,0000,Indonesia (national),2017-08-01,M,monthly,152.5,index
bi_consumer_survey.expectation.debt_position_6m.rp1_2juta,0000,Indonesia (national),2017-09-01,M,monthly,131.5,index
bi_consumer_survey.expectation.debt_position_6m.rp1_2juta,0000,Indonesia (national),2017-10-01,M,monthly,140.6,index
bi_consumer_survey.expectation.debt_position_6m.rp1_2juta,0000,Indonesia (national),2017-11-01,M,monthly,156.9,index
bi_consumer_survey.expectation.debt_position_6m.rp1_2juta,0000,Indonesia (national),2017-12-01,M,monthly,137.1,index
bi_consumer_survey.expectation.debt_position_6m.rp1_2juta,0000,Indonesia (national),2018-01-01,M,monthly,160.7,index
bi_consumer_survey.expectation.debt_position_6m.rp1_2juta,0000,Indonesia (national),2018-02-01,M,monthly,157.9,index
bi_consumer_survey.expectation.debt_position_6m.rp1_2juta,0000,Indonesia (national),2018-03-01,M,monthly,152.6,index
bi_consumer_survey.expectation.debt_position_6m.rp1_2juta,0000,Indonesia (national),2018-04-01,M,monthly,157.2,index
bi_consumer_survey.expectation.debt_position_6m.rp1_2juta,0000,Indonesia (national),2018-05-01,M,monthly,158.2,index
bi_consumer_survey.expectation.debt_position_6m.rp1_2juta,0000,Indonesia (national),2018-06-01,M,monthly,140.6,index
bi_consumer_survey.expectation.debt_position_6m.rp1_2juta,0000,Indonesia (national),2018-07-01,M,monthly,157.7,index
bi_consumer_survey.expectation.debt_position_6m.rp1_2juta,0000,Indonesia (national),2018-08-01,M,monthly,150.4,index
bi_consumer_survey.expectation.debt_position_6m.rp1_2juta,0000,Indonesia (national),2018-09-01,M,monthly,158.6,index
bi_consumer_survey.expectation.debt_position_6m.rp1_2juta,0000,Indonesia (national),2018-10-01,M,monthly,162.7,index
bi_consumer_survey.expectation.debt_position_6m.rp1_2juta,0000,Indonesia (national),2018-11-01,M,monthly,153.1,index
bi_consumer_survey.expectation.debt_position_6m.rp1_2juta,0000,Indonesia (national),2018-12-01,M,monthly,158.6,index
bi_consumer_survey.expectation.debt_position_6m.rp1_2juta,0000,Indonesia (national),2019-01-01,M,monthly,144.5,index
bi_consumer_survey.expectation.debt_position_6m.rp1_2juta,0000,Indonesia (national),2019-02-01,M,monthly,143.5,index
bi_consumer_survey.expectation.debt_position_6m.rp1_2juta,0000,Indonesia (national),2019-03-01,M,monthly,155.0,index
bi_consumer_survey.expectation.debt_position_6m.rp1_2juta,0000,Indonesia (national),2019-04-01,M,monthly,152.0,index
bi_consumer_survey.expectation.debt_position_6m.rp1_2juta,0000,Indonesia (national),2019-05-01,M,monthly,154.4,index
bi_consumer_survey.expectation.debt_position_6m.rp1_2juta,0000,Indonesia (national),2019-06-01,M,monthly,151.5,index
bi_consumer_survey.expectation.debt_position_6m.rp1_2juta,0000,Indonesia (national),2019-07-01,M,monthly,158.5,index
bi_consumer_survey.expectation.debt_position_6m.rp1_2juta,0000,Indonesia (national),2019-08-01,M,monthly,157.9,index
bi_consumer_survey.expectation.debt_position_6m.rp1_2juta,0000,Indonesia (national),2019-09-01,M,monthly,163.0,index
bi_consumer_survey.expectation.debt_position_6m.rp1_2juta,0000,Indonesia (national),2019-10-01,M,monthly,156.3,index
bi_consumer_survey.expectation.debt_position_6m.rp1_2juta,0000,Indonesia (national),2019-11-01,M,monthly,159.8,index
bi_consumer_survey.expectation.debt_position_6m.rp1_2juta,0000,Indonesia (national),2019-12-01,M,monthly,158.2,index
bi_consumer_survey.expectation.debt_position_6m.rp1_2juta,0000,Indonesia (national),2020-01-01,M,monthly,161.7,index
bi_consumer_survey.expectation.debt_position_6m.rp1_2juta,0000,Indonesia (national),2020-02-01,M,monthly,149.1,index
bi_consumer_survey.expectation.debt_position_6m.rp1_2juta,0000,Indonesia (national),2020-03-01,M,monthly,146.2,index
bi_consumer_survey.expectation.debt_position_6m.rp2_3juta,0000,Indonesia (national),2012-01-01,M,monthly,154.2,index
bi_consumer_survey.expectation.debt_position_6m.rp2_3juta,0000,Indonesia (national),2012-02-01,M,monthly,151.0,index
bi_consumer_survey.expectation.debt_position_6m.rp2_3juta,0000,Indonesia (national),2012-03-01,M,monthly,154.1,index
bi_consumer_survey.expectation.debt_position_6m.rp2_3juta,0000,Indonesia (national),2012-04-01,M,monthly,154.5,index
bi_consumer_survey.expectation.debt_position_6m.rp2_3juta,0000,Indonesia (national),2012-05-01,M,monthly,154.5,index
bi_consumer_survey.expectation.debt_position_6m.rp2_3juta,0000,Indonesia (national),2012-06-01,M,monthly,154.6,index
bi_consumer_survey.expectation.debt_position_6m.rp2_3juta,0000,Indonesia (national),2012-07-01,M,monthly,152.9,index
bi_consumer_survey.expectation.debt_position_6m.rp2_3juta,0000,Indonesia (national),2012-08-01,M,monthly,151.2,index
bi_consumer_survey.expectation.debt_position_6m.rp2_3juta,0000,Indonesia (national),2012-09-01,M,monthly,153.1,index
bi_consumer_survey.expectation.debt_position_6m.rp2_3juta,0000,Indonesia (national),2012-10-01,M,monthly,151.9,index
bi_consumer_survey.expectation.debt_position_6m.rp2_3juta,0000,Indonesia (national),2012-11-01,M,monthly,163.4,index
bi_consumer_survey.expectation.debt_position_6m.rp2_3juta,0000,Indonesia (national),2012-12-01,M,monthly,163.4,index
bi_consumer_survey.expectation.debt_position_6m.rp2_3juta,0000,Indonesia (national),2013-01-01,M,monthly,164.3,index
bi_consumer_survey.expectation.debt_position_6m.rp2_3juta,0000,Indonesia (national),2013-02-01,M,monthly,157.1,index
bi_consumer_survey.expectation.debt_position_6m.rp2_3juta,0000,Indonesia (national),2013-03-01,M,monthly,160.6,index
bi_consumer_survey.expectation.debt_position_6m.rp2_3juta,0000,Indonesia (national),2013-04-01,M,monthly,160.6,index
bi_consumer_survey.expectation.debt_position_6m.rp2_3juta,0000,Indonesia (national),2013-05-01,M,monthly,159.4,index
bi_consumer_survey.expectation.debt_position_6m.rp2_3juta,0000,Indonesia (national),2013-06-01,M,monthly,159.3,index
bi_consumer_survey.expectation.debt_position_6m.rp2_3juta,0000,Indonesia (national),2013-07-01,M,monthly,152.0,index
bi_consumer_survey.expectation.debt_position_6m.rp2_3juta,0000,Indonesia (national),2013-08-01,M,monthly,155.7,index
bi_consumer_survey.expectation.debt_position_6m.rp2_3juta,0000,Indonesia (national),2013-09-01,M,monthly,159.3,index
bi_consumer_survey.expectation.debt_position_6m.rp2_3juta,0000,Indonesia (national),2013-10-01,M,monthly,157.6,index
bi_consumer_survey.expectation.debt_position_6m.rp2_3juta,0000,Indonesia (national),2013-11-01,M,monthly,158.0,index
bi_consumer_survey.expectation.debt_position_6m.rp2_3juta,0000,Indonesia (national),2013-12-01,M,monthly,153.0,index
bi_consumer_survey.expectation.debt_position_6m.rp2_3juta,0000,Indonesia (national),2014-01-01,M,monthly,155.2,index
bi_consumer_survey.expectation.debt_position_6m.rp2_3juta,0000,Indonesia (national),2014-02-01,M,monthly,156.3,index
bi_consumer_survey.expectation.debt_position_6m.rp2_3juta,0000,Indonesia (national),2014-03-01,M,monthly,154.8,index
bi_consumer_survey.expectation.debt_position_6m.rp2_3juta,0000,Indonesia (national),2014-04-01,M,monthly,159.5,index
bi_consumer_survey.expectation.debt_position_6m.rp2_3juta,0000,Indonesia (national),2014-05-01,M,monthly,158.1,index
bi_consumer_survey.expectation.debt_position_6m.rp2_3juta,0000,Indonesia (national),2014-06-01,M,monthly,166.6,index
bi_consumer_survey.expectation.debt_position_6m.rp2_3juta,0000,Indonesia (national),2014-07-01,M,monthly,160.3,index
bi_consumer_survey.expectation.debt_position_6m.rp2_3juta,0000,Indonesia (national),2014-08-01,M,monthly,163.8,index
bi_consumer_survey.expectation.debt_position_6m.rp2_3juta,0000,Indonesia (national),2014-09-01,M,monthly,161.1,index
bi_consumer_survey.expectation.debt_position_6m.rp2_3juta,0000,Indonesia (national),2014-10-01,M,monthly,156.4,index
bi_consumer_survey.expectation.debt_position_6m.rp2_3juta,0000,Indonesia (national),2014-11-01,M,monthly,157.3,index
bi_consumer_survey.expectation.debt_position_6m.rp2_3juta,0000,Indonesia (national),2014-12-01,M,monthly,160.0,index
bi_consumer_survey.expectation.debt_position_6m.rp2_3juta,0000,Indonesia (national),2015-01-01,M,monthly,156.1,index
bi_consumer_survey.expectation.debt_position_6m.rp2_3juta,0000,Indonesia (national),2015-02-01,M,monthly,161.2,index
bi_consumer_survey.expectation.debt_position_6m.rp2_3juta,0000,Indonesia (national),2015-03-01,M,monthly,153.1,index
bi_consumer_survey.expectation.debt_position_6m.rp2_3juta,0000,Indonesia (national),2015-04-01,M,monthly,153.4,index
bi_consumer_survey.expectation.debt_position_6m.rp2_3juta,0000,Indonesia (national),2015-05-01,M,monthly,162.8,index
bi_consumer_survey.expectation.debt_position_6m.rp2_3juta,0000,Indonesia (national),2015-06-01,M,monthly,155.2,index
bi_consumer_survey.expectation.debt_position_6m.rp2_3juta,0000,Indonesia (national),2015-07-01,M,monthly,150.2,index
bi_consumer_survey.expectation.debt_position_6m.rp2_3juta,0000,Indonesia (national),2015-08-01,M,monthly,152.7,index
bi_consumer_survey.expectation.debt_position_6m.rp2_3juta,0000,Indonesia (national),2015-09-01,M,monthly,156.1,index
bi_consumer_survey.expectation.debt_position_6m.rp2_3juta,0000,Indonesia (national),2015-10-01,M,monthly,159.5,index
bi_consumer_survey.expectation.debt_position_6m.rp2_3juta,0000,Indonesia (national),2015-11-01,M,monthly,166.2,index
bi_consumer_survey.expectation.debt_position_6m.rp2_3juta,0000,Indonesia (national),2015-12-01,M,monthly,162.0,index
bi_consumer_survey.expectation.debt_position_6m.rp2_3juta,0000,Indonesia (national),2016-01-01,M,monthly,158.8,index
bi_consumer_survey.expectation.debt_position_6m.rp2_3juta,0000,Indonesia (national),2016-02-01,M,monthly,162.7,index
bi_consumer_survey.expectation.debt_position_6m.rp2_3juta,0000,Indonesia (national),2016-03-01,M,monthly,158.4,index
bi_consumer_survey.expectation.debt_position_6m.rp2_3juta,0000,Indonesia (national),2016-04-01,M,monthly,159.1,index
bi_consumer_survey.expectation.debt_position_6m.rp2_3juta,0000,Indonesia (national),2016-05-01,M,monthly,154.1,index
bi_consumer_survey.expectation.debt_position_6m.rp2_3juta,0000,Indonesia (national),2016-06-01,M,monthly,153.8,index
bi_consumer_survey.expectation.debt_position_6m.rp2_3juta,0000,Indonesia (national),2016-07-01,M,monthly,158.2,index
bi_consumer_survey.expectation.debt_position_6m.rp2_3juta,0000,Indonesia (national),2016-08-01,M,monthly,161.1,index
bi_consumer_survey.expectation.debt_position_6m.rp2_3juta,0000,Indonesia (national),2016-09-01,M,monthly,163.8,index
bi_consumer_survey.expectation.debt_position_6m.rp2_3juta,0000,Indonesia (national),2016-10-01,M,monthly,161.9,index
bi_consumer_survey.expectation.debt_position_6m.rp2_3juta,0000,Indonesia (national),2016-11-01,M,monthly,166.2,index
bi_consumer_survey.expectation.debt_position_6m.rp2_3juta,0000,Indonesia (national),2016-12-01,M,monthly,158.8,index
bi_consumer_survey.expectation.debt_position_6m.rp2_3juta,0000,Indonesia (national),2017-01-01,M,monthly,143.0,index
bi_consumer_survey.expectation.debt_position_6m.rp2_3juta,0000,Indonesia (national),2017-02-01,M,monthly,151.6,index
bi_consumer_survey.expectation.debt_position_6m.rp2_3juta,0000,Indonesia (national),2017-03-01,M,monthly,157.5,index
bi_consumer_survey.expectation.debt_position_6m.rp2_3juta,0000,Indonesia (national),2017-04-01,M,monthly,152.6,index
bi_consumer_survey.expectation.debt_position_6m.rp2_3juta,0000,Indonesia (national),2017-05-01,M,monthly,154.2,index
bi_consumer_survey.expectation.debt_position_6m.rp2_3juta,0000,Indonesia (national),2017-06-01,M,monthly,142.5,index
bi_consumer_survey.expectation.debt_position_6m.rp2_3juta,0000,Indonesia (national),2017-07-01,M,monthly,146.1,index
bi_consumer_survey.expectation.debt_position_6m.rp2_3juta,0000,Indonesia (national),2017-08-01,M,monthly,149.1,index
bi_consumer_survey.expectation.debt_position_6m.rp2_3juta,0000,Indonesia (national),2017-09-01,M,monthly,163.4,index
bi_consumer_survey.expectation.debt_position_6m.rp2_3juta,0000,Indonesia (national),2017-10-01,M,monthly,154.2,index
bi_consumer_survey.expectation.debt_position_6m.rp2_3juta,0000,Indonesia (national),2017-11-01,M,monthly,145.0,index
bi_consumer_survey.expectation.debt_position_6m.rp2_3juta,0000,Indonesia (national),2017-12-01,M,monthly,153.2,index
bi_consumer_survey.expectation.debt_position_6m.rp2_3juta,0000,Indonesia (national),2018-01-01,M,monthly,151.7,index
bi_consumer_survey.expectation.debt_position_6m.rp2_3juta,0000,Indonesia (national),2018-02-01,M,monthly,154.6,index
bi_consumer_survey.expectation.debt_position_6m.rp2_3juta,0000,Indonesia (national),2018-03-01,M,monthly,157.3,index
bi_consumer_survey.expectation.debt_position_6m.rp2_3juta,0000,Indonesia (national),2018-04-01,M,monthly,159.3,index
bi_consumer_survey.expectation.debt_position_6m.rp2_3juta,0000,Indonesia (national),2018-05-01,M,monthly,152.4,index
bi_consumer_survey.expectation.debt_position_6m.rp2_3juta,0000,Indonesia (national),2018-06-01,M,monthly,148.3,index
bi_consumer_survey.expectation.debt_position_6m.rp2_3juta,0000,Indonesia (national),2018-07-01,M,monthly,154.3,index
bi_consumer_survey.expectation.debt_position_6m.rp2_3juta,0000,Indonesia (national),2018-08-01,M,monthly,157.9,index
bi_consumer_survey.expectation.debt_position_6m.rp2_3juta,0000,Indonesia (national),2018-09-01,M,monthly,166.5,index
bi_consumer_survey.expectation.debt_position_6m.rp2_3juta,0000,Indonesia (national),2018-10-01,M,monthly,160.3,index
bi_consumer_survey.expectation.debt_position_6m.rp2_3juta,0000,Indonesia (national),2018-11-01,M,monthly,157.7,index
bi_consumer_survey.expectation.debt_position_6m.rp2_3juta,0000,Indonesia (national),2018-12-01,M,monthly,160.5,index
bi_consumer_survey.expectation.debt_position_6m.rp2_3juta,0000,Indonesia (national),2019-01-01,M,monthly,159.4,index
bi_consumer_survey.expectation.debt_position_6m.rp2_3juta,0000,Indonesia (national),2019-02-01,M,monthly,161.0,index
bi_consumer_survey.expectation.debt_position_6m.rp2_3juta,0000,Indonesia (national),2019-03-01,M,monthly,165.7,index
bi_consumer_survey.expectation.debt_position_6m.rp2_3juta,0000,Indonesia (national),2019-04-01,M,monthly,153.0,index
bi_consumer_survey.expectation.debt_position_6m.rp2_3juta,0000,Indonesia (national),2019-05-01,M,monthly,155.3,index
bi_consumer_survey.expectation.debt_position_6m.rp2_3juta,0000,Indonesia (national),2019-06-01,M,monthly,163.1,index
bi_consumer_survey.expectation.debt_position_6m.rp2_3juta,0000,Indonesia (national),2019-07-01,M,monthly,161.9,index
bi_consumer_survey.expectation.debt_position_6m.rp2_3juta,0000,Indonesia (national),2019-08-01,M,monthly,160.0,index
bi_consumer_survey.expectation.debt_position_6m.rp2_3juta,0000,Indonesia (national),2019-09-01,M,monthly,159.7,index
bi_consumer_survey.expectation.debt_position_6m.rp2_3juta,0000,Indonesia (national),2019-10-01,M,monthly,144.2,index
bi_consumer_survey.expectation.debt_position_6m.rp2_3juta,0000,Indonesia (national),2019-11-01,M,monthly,158.6,index
bi_consumer_survey.expectation.debt_position_6m.rp2_3juta,0000,Indonesia (national),2019-12-01,M,monthly,161.9,index
bi_consumer_survey.expectation.debt_position_6m.rp2_3juta,0000,Indonesia (national),2020-01-01,M,monthly,152.1,index
bi_consumer_survey.expectation.debt_position_6m.rp2_3juta,0000,Indonesia (national),2020-02-01,M,monthly,166.9,index
bi_consumer_survey.expectation.debt_position_6m.rp2_3juta,0000,Indonesia (national),2020-03-01,M,monthly,156.8,index
bi_consumer_survey.expectation.debt_position_6m.rp3_4juta,0000,Indonesia (national),2012-01-01,M,monthly,160.8,index
bi_consumer_survey.expectation.debt_position_6m.rp3_4juta,0000,Indonesia (national),2012-02-01,M,monthly,168.4,index
bi_consumer_survey.expectation.debt_position_6m.rp3_4juta,0000,Indonesia (national),2012-03-01,M,monthly,164.9,index
bi_consumer_survey.expectation.debt_position_6m.rp3_4juta,0000,Indonesia (national),2012-04-01,M,monthly,158.4,index
bi_consumer_survey.expectation.debt_position_6m.rp3_4juta,0000,Indonesia (national),2012-05-01,M,monthly,164.0,index
bi_consumer_survey.expectation.debt_position_6m.rp3_4juta,0000,Indonesia (national),2012-06-01,M,monthly,164.7,index
bi_consumer_survey.expectation.debt_position_6m.rp3_4juta,0000,Indonesia (national),2012-07-01,M,monthly,163.0,index
bi_consumer_survey.expectation.debt_position_6m.rp3_4juta,0000,Indonesia (national),2012-08-01,M,monthly,156.4,index
bi_consumer_survey.expectation.debt_position_6m.rp3_4juta,0000,Indonesia (national),2012-09-01,M,monthly,168.9,index
bi_consumer_survey.expectation.debt_position_6m.rp3_4juta,0000,Indonesia (national),2012-10-01,M,monthly,163.1,index
bi_consumer_survey.expectation.debt_position_6m.rp3_4juta,0000,Indonesia (national),2012-11-01,M,monthly,167.9,index
bi_consumer_survey.expectation.debt_position_6m.rp3_4juta,0000,Indonesia (national),2012-12-01,M,monthly,170.1,index
bi_consumer_survey.expectation.debt_position_6m.rp3_4juta,0000,Indonesia (national),2013-01-01,M,monthly,162.9,index
bi_consumer_survey.expectation.debt_position_6m.rp3_4juta,0000,Indonesia (national),2013-02-01,M,monthly,163.2,index
bi_consumer_survey.expectation.debt_position_6m.rp3_4juta,0000,Indonesia (national),2013-03-01,M,monthly,173.4,index
bi_consumer_survey.expectation.debt_position_6m.rp3_4juta,0000,Indonesia (national),2013-04-01,M,monthly,163.5,index
bi_consumer_survey.expectation.debt_position_6m.rp3_4juta,0000,Indonesia (national),2013-05-01,M,monthly,153.8,index
bi_consumer_survey.expectation.debt_position_6m.rp3_4juta,0000,Indonesia (national),2013-06-01,M,monthly,171.1,index
bi_consumer_survey.expectation.debt_position_6m.rp3_4juta,0000,Indonesia (national),2013-07-01,M,monthly,162.3,index
bi_consumer_survey.expectation.debt_position_6m.rp3_4juta,0000,Indonesia (national),2013-08-01,M,monthly,165.0,index
bi_consumer_survey.expectation.debt_position_6m.rp3_4juta,0000,Indonesia (national),2013-09-01,M,monthly,164.1,index
bi_consumer_survey.expectation.debt_position_6m.rp3_4juta,0000,Indonesia (national),2013-10-01,M,monthly,163.6,index
bi_consumer_survey.expectation.debt_position_6m.rp3_4juta,0000,Indonesia (national),2013-11-01,M,monthly,167.2,index
bi_consumer_survey.expectation.debt_position_6m.rp3_4juta,0000,Indonesia (national),2013-12-01,M,monthly,167.8,index
bi_consumer_survey.expectation.debt_position_6m.rp3_4juta,0000,Indonesia (national),2014-01-01,M,monthly,168.7,index
bi_consumer_survey.expectation.debt_position_6m.rp3_4juta,0000,Indonesia (national),2014-02-01,M,monthly,167.3,index
bi_consumer_survey.expectation.debt_position_6m.rp3_4juta,0000,Indonesia (national),2014-03-01,M,monthly,161.4,index
bi_consumer_survey.expectation.debt_position_6m.rp3_4juta,0000,Indonesia (national),2014-04-01,M,monthly,167.0,index
bi_consumer_survey.expectation.debt_position_6m.rp3_4juta,0000,Indonesia (national),2014-05-01,M,monthly,169.8,index
bi_consumer_survey.expectation.debt_position_6m.rp3_4juta,0000,Indonesia (national),2014-06-01,M,monthly,174.3,index
bi_consumer_survey.expectation.debt_position_6m.rp3_4juta,0000,Indonesia (national),2014-07-01,M,monthly,172.9,index
bi_consumer_survey.expectation.debt_position_6m.rp3_4juta,0000,Indonesia (national),2014-08-01,M,monthly,173.6,index
bi_consumer_survey.expectation.debt_position_6m.rp3_4juta,0000,Indonesia (national),2014-09-01,M,monthly,168.4,index
bi_consumer_survey.expectation.debt_position_6m.rp3_4juta,0000,Indonesia (national),2014-10-01,M,monthly,164.2,index
bi_consumer_survey.expectation.debt_position_6m.rp3_4juta,0000,Indonesia (national),2014-11-01,M,monthly,170.3,index
bi_consumer_survey.expectation.debt_position_6m.rp3_4juta,0000,Indonesia (national),2014-12-01,M,monthly,166.6,index
bi_consumer_survey.expectation.debt_position_6m.rp3_4juta,0000,Indonesia (national),2015-01-01,M,monthly,164.1,index
bi_consumer_survey.expectation.debt_position_6m.rp3_4juta,0000,Indonesia (national),2015-02-01,M,monthly,168.1,index
bi_consumer_survey.expectation.debt_position_6m.rp3_4juta,0000,Indonesia (national),2015-03-01,M,monthly,161.1,index
bi_consumer_survey.expectation.debt_position_6m.rp3_4juta,0000,Indonesia (national),2015-04-01,M,monthly,159.9,index
bi_consumer_survey.expectation.debt_position_6m.rp3_4juta,0000,Indonesia (national),2015-05-01,M,monthly,168.4,index
bi_consumer_survey.expectation.debt_position_6m.rp3_4juta,0000,Indonesia (national),2015-06-01,M,monthly,157.2,index
bi_consumer_survey.expectation.debt_position_6m.rp3_4juta,0000,Indonesia (national),2015-07-01,M,monthly,154.8,index
bi_consumer_survey.expectation.debt_position_6m.rp3_4juta,0000,Indonesia (national),2015-08-01,M,monthly,159.4,index
bi_consumer_survey.expectation.debt_position_6m.rp3_4juta,0000,Indonesia (national),2015-09-01,M,monthly,155.4,index
bi_consumer_survey.expectation.debt_position_6m.rp3_4juta,0000,Indonesia (national),2015-10-01,M,monthly,158.4,index
bi_consumer_survey.expectation.debt_position_6m.rp3_4juta,0000,Indonesia (national),2015-11-01,M,monthly,164.7,index
bi_consumer_survey.expectation.debt_position_6m.rp3_4juta,0000,Indonesia (national),2015-12-01,M,monthly,161.6,index
bi_consumer_survey.expectation.debt_position_6m.rp3_4juta,0000,Indonesia (national),2016-01-01,M,monthly,154.4,index
bi_consumer_survey.expectation.debt_position_6m.rp3_4juta,0000,Indonesia (national),2016-02-01,M,monthly,166.3,index
bi_consumer_survey.expectation.debt_position_6m.rp3_4juta,0000,Indonesia (national),2016-03-01,M,monthly,158.5,index
bi_consumer_survey.expectation.debt_position_6m.rp3_4juta,0000,Indonesia (national),2016-04-01,M,monthly,155.1,index
bi_consumer_survey.expectation.debt_position_6m.rp3_4juta,0000,Indonesia (national),2016-05-01,M,monthly,156.1,index
bi_consumer_survey.expectation.debt_position_6m.rp3_4juta,0000,Indonesia (national),2016-06-01,M,monthly,163.8,index
bi_consumer_survey.expectation.debt_position_6m.rp3_4juta,0000,Indonesia (national),2016-07-01,M,monthly,159.2,index
bi_consumer_survey.expectation.debt_position_6m.rp3_4juta,0000,Indonesia (national),2016-08-01,M,monthly,158.7,index
bi_consumer_survey.expectation.debt_position_6m.rp3_4juta,0000,Indonesia (national),2016-09-01,M,monthly,163.2,index
bi_consumer_survey.expectation.debt_position_6m.rp3_4juta,0000,Indonesia (national),2016-10-01,M,monthly,159.0,index
bi_consumer_survey.expectation.debt_position_6m.rp3_4juta,0000,Indonesia (national),2016-11-01,M,monthly,154.2,index
bi_consumer_survey.expectation.debt_position_6m.rp3_4juta,0000,Indonesia (national),2016-12-01,M,monthly,164.5,index
bi_consumer_survey.expectation.debt_position_6m.rp3_4juta,0000,Indonesia (national),2017-01-01,M,monthly,147.4,index
bi_consumer_survey.expectation.debt_position_6m.rp3_4juta,0000,Indonesia (national),2017-02-01,M,monthly,164.4,index
bi_consumer_survey.expectation.debt_position_6m.rp3_4juta,0000,Indonesia (national),2017-03-01,M,monthly,153.3,index
bi_consumer_survey.expectation.debt_position_6m.rp3_4juta,0000,Indonesia (national),2017-04-01,M,monthly,158.2,index
bi_consumer_survey.expectation.debt_position_6m.rp3_4juta,0000,Indonesia (national),2017-05-01,M,monthly,152.4,index
bi_consumer_survey.expectation.debt_position_6m.rp3_4juta,0000,Indonesia (national),2017-06-01,M,monthly,143.0,index
bi_consumer_survey.expectation.debt_position_6m.rp3_4juta,0000,Indonesia (national),2017-07-01,M,monthly,160.3,index
bi_consumer_survey.expectation.debt_position_6m.rp3_4juta,0000,Indonesia (national),2017-08-01,M,monthly,159.0,index
bi_consumer_survey.expectation.debt_position_6m.rp3_4juta,0000,Indonesia (national),2017-09-01,M,monthly,148.3,index
bi_consumer_survey.expectation.debt_position_6m.rp3_4juta,0000,Indonesia (national),2017-10-01,M,monthly,161.6,index
bi_consumer_survey.expectation.debt_position_6m.rp3_4juta,0000,Indonesia (national),2017-11-01,M,monthly,162.4,index
bi_consumer_survey.expectation.debt_position_6m.rp3_4juta,0000,Indonesia (national),2017-12-01,M,monthly,148.8,index
bi_consumer_survey.expectation.debt_position_6m.rp3_4juta,0000,Indonesia (national),2018-01-01,M,monthly,161.0,index
bi_consumer_survey.expectation.debt_position_6m.rp3_4juta,0000,Indonesia (national),2018-02-01,M,monthly,157.2,index
bi_consumer_survey.expectation.debt_position_6m.rp3_4juta,0000,Indonesia (national),2018-03-01,M,monthly,166.6,index
bi_consumer_survey.expectation.debt_position_6m.rp3_4juta,0000,Indonesia (national),2018-04-01,M,monthly,158.1,index
bi_consumer_survey.expectation.debt_position_6m.rp3_4juta,0000,Indonesia (national),2018-05-01,M,monthly,159.5,index
bi_consumer_survey.expectation.debt_position_6m.rp3_4juta,0000,Indonesia (national),2018-06-01,M,monthly,155.3,index
bi_consumer_survey.expectation.debt_position_6m.rp3_4juta,0000,Indonesia (national),2018-07-01,M,monthly,162.0,index
bi_consumer_survey.expectation.debt_position_6m.rp3_4juta,0000,Indonesia (national),2018-08-01,M,monthly,152.1,index
bi_consumer_survey.expectation.debt_position_6m.rp3_4juta,0000,Indonesia (national),2018-09-01,M,monthly,167.4,index
bi_consumer_survey.expectation.debt_position_6m.rp3_4juta,0000,Indonesia (national),2018-10-01,M,monthly,161.6,index
bi_consumer_survey.expectation.debt_position_6m.rp3_4juta,0000,Indonesia (national),2018-11-01,M,monthly,171.7,index
bi_consumer_survey.expectation.debt_position_6m.rp3_4juta,0000,Indonesia (national),2018-12-01,M,monthly,167.2,index
bi_consumer_survey.expectation.debt_position_6m.rp3_4juta,0000,Indonesia (national),2019-01-01,M,monthly,164.4,index
bi_consumer_survey.expectation.debt_position_6m.rp3_4juta,0000,Indonesia (national),2019-02-01,M,monthly,161.9,index
bi_consumer_survey.expectation.debt_position_6m.rp3_4juta,0000,Indonesia (national),2019-03-01,M,monthly,159.7,index
bi_consumer_survey.expectation.debt_position_6m.rp3_4juta,0000,Indonesia (national),2019-04-01,M,monthly,165.5,index
bi_consumer_survey.expectation.debt_position_6m.rp3_4juta,0000,Indonesia (national),2019-05-01,M,monthly,154.1,index
bi_consumer_survey.expectation.debt_position_6m.rp3_4juta,0000,Indonesia (national),2019-06-01,M,monthly,157.2,index
bi_consumer_survey.expectation.debt_position_6m.rp3_4juta,0000,Indonesia (national),2019-07-01,M,monthly,159.1,index
bi_consumer_survey.expectation.debt_position_6m.rp3_4juta,0000,Indonesia (national),2019-08-01,M,monthly,160.7,index
bi_consumer_survey.expectation.debt_position_6m.rp3_4juta,0000,Indonesia (national),2019-09-01,M,monthly,158.1,index
bi_consumer_survey.expectation.debt_position_6m.rp3_4juta,0000,Indonesia (national),2019-10-01,M,monthly,153.2,index
bi_consumer_survey.expectation.debt_position_6m.rp3_4juta,0000,Indonesia (national),2019-11-01,M,monthly,158.1,index
bi_consumer_survey.expectation.debt_position_6m.rp3_4juta,0000,Indonesia (national),2019-12-01,M,monthly,168.2,index
bi_consumer_survey.expectation.debt_position_6m.rp3_4juta,0000,Indonesia (national),2020-01-01,M,monthly,162.1,index
bi_consumer_survey.expectation.debt_position_6m.rp3_4juta,0000,Indonesia (national),2020-02-01,M,monthly,158.2,index
bi_consumer_survey.expectation.debt_position_6m.rp3_4juta,0000,Indonesia (national),2020-03-01,M,monthly,157.8,index
bi_consumer_survey.expectation.debt_position_6m.rp4_5juta,0000,Indonesia (national),2012-01-01,M,monthly,169.1,index
bi_consumer_survey.expectation.debt_position_6m.rp4_5juta,0000,Indonesia (national),2012-02-01,M,monthly,160.8,index
bi_consumer_survey.expectation.debt_position_6m.rp4_5juta,0000,Indonesia (national),2012-03-01,M,monthly,163.6,index
bi_consumer_survey.expectation.debt_position_6m.rp4_5juta,0000,Indonesia (national),2012-04-01,M,monthly,161.8,index
bi_consumer_survey.expectation.debt_position_6m.rp4_5juta,0000,Indonesia (national),2012-05-01,M,monthly,159.0,index
bi_consumer_survey.expectation.debt_position_6m.rp4_5juta,0000,Indonesia (national),2012-06-01,M,monthly,160.4,index
bi_consumer_survey.expectation.debt_position_6m.rp4_5juta,0000,Indonesia (national),2012-07-01,M,monthly,153.1,index
bi_consumer_survey.expectation.debt_position_6m.rp4_5juta,0000,Indonesia (national),2012-08-01,M,monthly,155.9,index
bi_consumer_survey.expectation.debt_position_6m.rp4_5juta,0000,Indonesia (national),2012-09-01,M,monthly,162.3,index
bi_consumer_survey.expectation.debt_position_6m.rp4_5juta,0000,Indonesia (national),2012-10-01,M,monthly,161.5,index
bi_consumer_survey.expectation.debt_position_6m.rp4_5juta,0000,Indonesia (national),2012-11-01,M,monthly,160.4,index
bi_consumer_survey.expectation.debt_position_6m.rp4_5juta,0000,Indonesia (national),2012-12-01,M,monthly,165.1,index
bi_consumer_survey.expectation.debt_position_6m.rp4_5juta,0000,Indonesia (national),2013-01-01,M,monthly,149.7,index
bi_consumer_survey.expectation.debt_position_6m.rp4_5juta,0000,Indonesia (national),2013-02-01,M,monthly,156.0,index
bi_consumer_survey.expectation.debt_position_6m.rp4_5juta,0000,Indonesia (national),2013-03-01,M,monthly,164.9,index
bi_consumer_survey.expectation.debt_position_6m.rp4_5juta,0000,Indonesia (national),2013-04-01,M,monthly,160.1,index
bi_consumer_survey.expectation.debt_position_6m.rp4_5juta,0000,Indonesia (national),2013-05-01,M,monthly,158.1,index
bi_consumer_survey.expectation.debt_position_6m.rp4_5juta,0000,Indonesia (national),2013-06-01,M,monthly,165.3,index
bi_consumer_survey.expectation.debt_position_6m.rp4_5juta,0000,Indonesia (national),2013-07-01,M,monthly,155.8,index
bi_consumer_survey.expectation.debt_position_6m.rp4_5juta,0000,Indonesia (national),2013-08-01,M,monthly,154.7,index
bi_consumer_survey.expectation.debt_position_6m.rp4_5juta,0000,Indonesia (national),2013-09-01,M,monthly,152.3,index
bi_consumer_survey.expectation.debt_position_6m.rp4_5juta,0000,Indonesia (national),2013-10-01,M,monthly,151.6,index
bi_consumer_survey.expectation.debt_position_6m.rp4_5juta,0000,Indonesia (national),2013-11-01,M,monthly,156.5,index
bi_consumer_survey.expectation.debt_position_6m.rp4_5juta,0000,Indonesia (national),2013-12-01,M,monthly,159.6,index
bi_consumer_survey.expectation.debt_position_6m.rp4_5juta,0000,Indonesia (national),2014-01-01,M,monthly,173.7,index
bi_consumer_survey.expectation.debt_position_6m.rp4_5juta,0000,Indonesia (national),2014-02-01,M,monthly,166.8,index
bi_consumer_survey.expectation.debt_position_6m.rp4_5juta,0000,Indonesia (national),2014-03-01,M,monthly,152.4,index
bi_consumer_survey.expectation.debt_position_6m.rp4_5juta,0000,Indonesia (national),2014-04-01,M,monthly,147.5,index
bi_consumer_survey.expectation.debt_position_6m.rp4_5juta,0000,Indonesia (national),2014-05-01,M,monthly,154.3,index
bi_consumer_survey.expectation.debt_position_6m.rp4_5juta,0000,Indonesia (national),2014-06-01,M,monthly,169.5,index
bi_consumer_survey.expectation.debt_position_6m.rp4_5juta,0000,Indonesia (national),2014-07-01,M,monthly,169.0,index
bi_consumer_survey.expectation.debt_position_6m.rp4_5juta,0000,Indonesia (national),2014-08-01,M,monthly,165.5,index
bi_consumer_survey.expectation.debt_position_6m.rp4_5juta,0000,Indonesia (national),2014-09-01,M,monthly,168.9,index
bi_consumer_survey.expectation.debt_position_6m.rp4_5juta,0000,Indonesia (national),2014-10-01,M,monthly,158.5,index
bi_consumer_survey.expectation.debt_position_6m.rp4_5juta,0000,Indonesia (national),2014-11-01,M,monthly,159.3,index
bi_consumer_survey.expectation.debt_position_6m.rp4_5juta,0000,Indonesia (national),2014-12-01,M,monthly,160.3,index
bi_consumer_survey.expectation.debt_position_6m.rp4_5juta,0000,Indonesia (national),2015-01-01,M,monthly,162.8,index
bi_consumer_survey.expectation.debt_position_6m.rp4_5juta,0000,Indonesia (national),2015-02-01,M,monthly,164.1,index
bi_consumer_survey.expectation.debt_position_6m.rp4_5juta,0000,Indonesia (national),2015-03-01,M,monthly,165.4,index
bi_consumer_survey.expectation.debt_position_6m.rp4_5juta,0000,Indonesia (national),2015-04-01,M,monthly,150.6,index
bi_consumer_survey.expectation.debt_position_6m.rp4_5juta,0000,Indonesia (national),2015-05-01,M,monthly,155.1,index
bi_consumer_survey.expectation.debt_position_6m.rp4_5juta,0000,Indonesia (national),2015-06-01,M,monthly,160.4,index
bi_consumer_survey.expectation.debt_position_6m.rp4_5juta,0000,Indonesia (national),2015-07-01,M,monthly,161.6,index
bi_consumer_survey.expectation.debt_position_6m.rp4_5juta,0000,Indonesia (national),2015-08-01,M,monthly,161.1,index
bi_consumer_survey.expectation.debt_position_6m.rp4_5juta,0000,Indonesia (national),2015-09-01,M,monthly,160.6,index
bi_consumer_survey.expectation.debt_position_6m.rp4_5juta,0000,Indonesia (national),2015-10-01,M,monthly,164.1,index
bi_consumer_survey.expectation.debt_position_6m.rp4_5juta,0000,Indonesia (national),2015-11-01,M,monthly,161.8,index
bi_consumer_survey.expectation.debt_position_6m.rp4_5juta,0000,Indonesia (national),2015-12-01,M,monthly,166.1,index
bi_consumer_survey.expectation.debt_position_6m.rp4_5juta,0000,Indonesia (national),2016-01-01,M,monthly,158.9,index
bi_consumer_survey.expectation.debt_position_6m.rp4_5juta,0000,Indonesia (national),2016-02-01,M,monthly,158.3,index
bi_consumer_survey.expectation.debt_position_6m.rp4_5juta,0000,Indonesia (national),2016-03-01,M,monthly,164.7,index
bi_consumer_survey.expectation.debt_position_6m.rp4_5juta,0000,Indonesia (national),2016-04-01,M,monthly,159.6,index
bi_consumer_survey.expectation.debt_position_6m.rp4_5juta,0000,Indonesia (national),2016-05-01,M,monthly,161.1,index
bi_consumer_survey.expectation.debt_position_6m.rp4_5juta,0000,Indonesia (national),2016-06-01,M,monthly,158.3,index
bi_consumer_survey.expectation.debt_position_6m.rp4_5juta,0000,Indonesia (national),2016-07-01,M,monthly,157.6,index
bi_consumer_survey.expectation.debt_position_6m.rp4_5juta,0000,Indonesia (national),2016-08-01,M,monthly,165.2,index
bi_consumer_survey.expectation.debt_position_6m.rp4_5juta,0000,Indonesia (national),2016-09-01,M,monthly,154.5,index
bi_consumer_survey.expectation.debt_position_6m.rp4_5juta,0000,Indonesia (national),2016-10-01,M,monthly,163.7,index
bi_consumer_survey.expectation.debt_position_6m.rp4_5juta,0000,Indonesia (national),2016-11-01,M,monthly,161.7,index
bi_consumer_survey.expectation.debt_position_6m.rp4_5juta,0000,Indonesia (national),2016-12-01,M,monthly,164.0,index
bi_consumer_survey.expectation.debt_position_6m.rp4_5juta,0000,Indonesia (national),2017-01-01,M,monthly,150.9,index
bi_consumer_survey.expectation.debt_position_6m.rp4_5juta,0000,Indonesia (national),2017-02-01,M,monthly,155.3,index
bi_consumer_survey.expectation.debt_position_6m.rp4_5juta,0000,Indonesia (national),2017-03-01,M,monthly,155.8,index
bi_consumer_survey.expectation.debt_position_6m.rp4_5juta,0000,Indonesia (national),2017-04-01,M,monthly,150.1,index
bi_consumer_survey.expectation.debt_position_6m.rp4_5juta,0000,Indonesia (national),2017-05-01,M,monthly,152.0,index
bi_consumer_survey.expectation.debt_position_6m.rp4_5juta,0000,Indonesia (national),2017-06-01,M,monthly,154.6,index
bi_consumer_survey.expectation.debt_position_6m.rp4_5juta,0000,Indonesia (national),2017-07-01,M,monthly,157.4,index
bi_consumer_survey.expectation.debt_position_6m.rp4_5juta,0000,Indonesia (national),2017-08-01,M,monthly,162.4,index
bi_consumer_survey.expectation.debt_position_6m.rp4_5juta,0000,Indonesia (national),2017-09-01,M,monthly,152.9,index
bi_consumer_survey.expectation.debt_position_6m.rp4_5juta,0000,Indonesia (national),2017-10-01,M,monthly,165.6,index
bi_consumer_survey.expectation.debt_position_6m.rp4_5juta,0000,Indonesia (national),2017-11-01,M,monthly,166.0,index
bi_consumer_survey.expectation.debt_position_6m.rp4_5juta,0000,Indonesia (national),2017-12-01,M,monthly,167.3,index
bi_consumer_survey.expectation.debt_position_6m.rp4_5juta,0000,Indonesia (national),2018-01-01,M,monthly,156.6,index
bi_consumer_survey.expectation.debt_position_6m.rp4_5juta,0000,Indonesia (national),2018-02-01,M,monthly,165.0,index
bi_consumer_survey.expectation.debt_position_6m.rp4_5juta,0000,Indonesia (national),2018-03-01,M,monthly,153.7,index
bi_consumer_survey.expectation.debt_position_6m.rp4_5juta,0000,Indonesia (national),2018-04-01,M,monthly,162.4,index
bi_consumer_survey.expectation.debt_position_6m.rp4_5juta,0000,Indonesia (national),2018-05-01,M,monthly,162.1,index
bi_consumer_survey.expectation.debt_position_6m.rp4_5juta,0000,Indonesia (national),2018-06-01,M,monthly,162.4,index
bi_consumer_survey.expectation.debt_position_6m.rp4_5juta,0000,Indonesia (national),2018-07-01,M,monthly,156.0,index
bi_consumer_survey.expectation.debt_position_6m.rp4_5juta,0000,Indonesia (national),2018-08-01,M,monthly,160.3,index
bi_consumer_survey.expectation.debt_position_6m.rp4_5juta,0000,Indonesia (national),2018-09-01,M,monthly,163.1,index
bi_consumer_survey.expectation.debt_position_6m.rp4_5juta,0000,Indonesia (national),2018-10-01,M,monthly,175.7,index
bi_consumer_survey.expectation.debt_position_6m.rp4_5juta,0000,Indonesia (national),2018-11-01,M,monthly,148.8,index
bi_consumer_survey.expectation.debt_position_6m.rp4_5juta,0000,Indonesia (national),2018-12-01,M,monthly,169.9,index
bi_consumer_survey.expectation.debt_position_6m.rp4_5juta,0000,Indonesia (national),2019-01-01,M,monthly,163.9,index
bi_consumer_survey.expectation.debt_position_6m.rp4_5juta,0000,Indonesia (national),2019-02-01,M,monthly,159.4,index
bi_consumer_survey.expectation.debt_position_6m.rp4_5juta,0000,Indonesia (national),2019-03-01,M,monthly,155.1,index
bi_consumer_survey.expectation.debt_position_6m.rp4_5juta,0000,Indonesia (national),2019-04-01,M,monthly,154.4,index
bi_consumer_survey.expectation.debt_position_6m.rp4_5juta,0000,Indonesia (national),2019-05-01,M,monthly,164.4,index
bi_consumer_survey.expectation.debt_position_6m.rp4_5juta,0000,Indonesia (national),2019-06-01,M,monthly,163.1,index
bi_consumer_survey.expectation.debt_position_6m.rp4_5juta,0000,Indonesia (national),2019-07-01,M,monthly,159.8,index
bi_consumer_survey.expectation.debt_position_6m.rp4_5juta,0000,Indonesia (national),2019-08-01,M,monthly,151.7,index
bi_consumer_survey.expectation.debt_position_6m.rp4_5juta,0000,Indonesia (national),2019-09-01,M,monthly,175.7,index
bi_consumer_survey.expectation.debt_position_6m.rp4_5juta,0000,Indonesia (national),2019-10-01,M,monthly,164.0,index
bi_consumer_survey.expectation.debt_position_6m.rp4_5juta,0000,Indonesia (national),2019-11-01,M,monthly,176.9,index
bi_consumer_survey.expectation.debt_position_6m.rp4_5juta,0000,Indonesia (national),2019-12-01,M,monthly,158.4,index
bi_consumer_survey.expectation.debt_position_6m.rp4_5juta,0000,Indonesia (national),2020-01-01,M,monthly,174.8,index
bi_consumer_survey.expectation.debt_position_6m.rp4_5juta,0000,Indonesia (national),2020-02-01,M,monthly,166.3,index
bi_consumer_survey.expectation.debt_position_6m.rp4_5juta,0000,Indonesia (national),2020-03-01,M,monthly,162.6,index
bi_consumer_survey.expectation.saving_6m,0000,Indonesia (national),2012-01-01,M,monthly,134.4,index
bi_consumer_survey.expectation.saving_6m,0000,Indonesia (national),2012-02-01,M,monthly,130.3,index
bi_consumer_survey.expectation.saving_6m,0000,Indonesia (national),2012-03-01,M,monthly,127.8,index
bi_consumer_survey.expectation.saving_6m,0000,Indonesia (national),2012-04-01,M,monthly,124.4,index
bi_consumer_survey.expectation.saving_6m,0000,Indonesia (national),2012-05-01,M,monthly,125.3,index
bi_consumer_survey.expectation.saving_6m,0000,Indonesia (national),2012-06-01,M,monthly,130.7,index
bi_consumer_survey.expectation.saving_6m,0000,Indonesia (national),2012-07-01,M,monthly,134.2,index
bi_consumer_survey.expectation.saving_6m,0000,Indonesia (national),2012-08-01,M,monthly,129.7,index
bi_consumer_survey.expectation.saving_6m,0000,Indonesia (national),2012-09-01,M,monthly,133.3,index
bi_consumer_survey.expectation.saving_6m,0000,Indonesia (national),2012-10-01,M,monthly,135.5,index
bi_consumer_survey.expectation.saving_6m,0000,Indonesia (national),2012-11-01,M,monthly,135.9,index
bi_consumer_survey.expectation.saving_6m,0000,Indonesia (national),2012-12-01,M,monthly,137.3,index
bi_consumer_survey.expectation.saving_6m,0000,Indonesia (national),2013-01-01,M,monthly,134.3,index
bi_consumer_survey.expectation.saving_6m,0000,Indonesia (national),2013-02-01,M,monthly,134.0,index
bi_consumer_survey.expectation.saving_6m,0000,Indonesia (national),2013-03-01,M,monthly,138.4,index
bi_consumer_survey.expectation.saving_6m,0000,Indonesia (national),2013-04-01,M,monthly,134.7,index
bi_consumer_survey.expectation.saving_6m,0000,Indonesia (national),2013-05-01,M,monthly,136.6,index
bi_consumer_survey.expectation.saving_6m,0000,Indonesia (national),2013-06-01,M,monthly,135.6,index
bi_consumer_survey.expectation.saving_6m,0000,Indonesia (national),2013-07-01,M,monthly,129.2,index
bi_consumer_survey.expectation.saving_6m,0000,Indonesia (national),2013-08-01,M,monthly,128.0,index
bi_consumer_survey.expectation.saving_6m,0000,Indonesia (national),2013-09-01,M,monthly,131.1,index
bi_consumer_survey.expectation.saving_6m,0000,Indonesia (national),2013-10-01,M,monthly,129.7,index
bi_consumer_survey.expectation.saving_6m,0000,Indonesia (national),2013-11-01,M,monthly,135.2,index
bi_consumer_survey.expectation.saving_6m,0000,Indonesia (national),2013-12-01,M,monthly,132.5,index
bi_consumer_survey.expectation.saving_6m,0000,Indonesia (national),2014-01-01,M,monthly,135.2,index
bi_consumer_survey.expectation.saving_6m,0000,Indonesia (national),2014-02-01,M,monthly,133.2,index
bi_consumer_survey.expectation.saving_6m,0000,Indonesia (national),2014-03-01,M,monthly,137.5,index
bi_consumer_survey.expectation.saving_6m,0000,Indonesia (national),2014-04-01,M,monthly,134.9,index
bi_consumer_survey.expectation.saving_6m,0000,Indonesia (national),2014-05-01,M,monthly,136.5,index
bi_consumer_survey.expectation.saving_6m,0000,Indonesia (national),2014-06-01,M,monthly,137.0,index
bi_consumer_survey.expectation.saving_6m,0000,Indonesia (national),2014-07-01,M,monthly,135.6,index
bi_consumer_survey.expectation.saving_6m,0000,Indonesia (national),2014-08-01,M,monthly,137.8,index
bi_consumer_survey.expectation.saving_6m,0000,Indonesia (national),2014-09-01,M,monthly,137.8,index
bi_consumer_survey.expectation.saving_6m,0000,Indonesia (national),2014-10-01,M,monthly,136.6,index
bi_consumer_survey.expectation.saving_6m,0000,Indonesia (national),2014-11-01,M,monthly,137.6,index
bi_consumer_survey.expectation.saving_6m,0000,Indonesia (national),2014-12-01,M,monthly,131.4,index
bi_consumer_survey.expectation.saving_6m,0000,Indonesia (national),2015-01-01,M,monthly,137.3,index
bi_consumer_survey.expectation.saving_6m,0000,Indonesia (national),2015-02-01,M,monthly,134.4,index
bi_consumer_survey.expectation.saving_6m,0000,Indonesia (national),2015-03-01,M,monthly,136.9,index
bi_consumer_survey.expectation.saving_6m,0000,Indonesia (national),2015-04-01,M,monthly,127.5,index
bi_consumer_survey.expectation.saving_6m,0000,Indonesia (national),2015-05-01,M,monthly,129.0,index
bi_consumer_survey.expectation.saving_6m,0000,Indonesia (national),2015-06-01,M,monthly,126.9,index
bi_consumer_survey.expectation.saving_6m,0000,Indonesia (national),2015-07-01,M,monthly,123.6,index
bi_consumer_survey.expectation.saving_6m,0000,Indonesia (national),2015-08-01,M,monthly,129.7,index
bi_consumer_survey.expectation.saving_6m,0000,Indonesia (national),2015-09-01,M,monthly,121.3,index
bi_consumer_survey.expectation.saving_6m,0000,Indonesia (national),2015-10-01,M,monthly,120.7,index
bi_consumer_survey.expectation.saving_6m,0000,Indonesia (national),2015-11-01,M,monthly,126.8,index
bi_consumer_survey.expectation.saving_6m,0000,Indonesia (national),2015-12-01,M,monthly,129.2,index
bi_consumer_survey.expectation.saving_6m,0000,Indonesia (national),2016-01-01,M,monthly,132.8,index
bi_consumer_survey.expectation.saving_6m,0000,Indonesia (national),2016-02-01,M,monthly,131.8,index
bi_consumer_survey.expectation.saving_6m,0000,Indonesia (national),2016-03-01,M,monthly,130.5,index
bi_consumer_survey.expectation.saving_6m,0000,Indonesia (national),2016-04-01,M,monthly,122.8,index
bi_consumer_survey.expectation.saving_6m,0000,Indonesia (national),2016-05-01,M,monthly,126.2,index
bi_consumer_survey.expectation.saving_6m,0000,Indonesia (national),2016-06-01,M,monthly,123.3,index
bi_consumer_survey.expectation.saving_6m,0000,Indonesia (national),2016-07-01,M,monthly,123.4,index
bi_consumer_survey.expectation.saving_6m,0000,Indonesia (national),2016-08-01,M,monthly,128.3,index
bi_consumer_survey.expectation.saving_6m,0000,Indonesia (national),2016-09-01,M,monthly,123.0,index
bi_consumer_survey.expectation.saving_6m,0000,Indonesia (national),2016-10-01,M,monthly,127.5,index
bi_consumer_survey.expectation.saving_6m,0000,Indonesia (national),2016-11-01,M,monthly,126.5,index
bi_consumer_survey.expectation.saving_6m,0000,Indonesia (national),2016-12-01,M,monthly,126.2,index
bi_consumer_survey.expectation.saving_6m,0000,Indonesia (national),2017-01-01,M,monthly,113.1,index
bi_consumer_survey.expectation.saving_6m,0000,Indonesia (national),2017-02-01,M,monthly,114.3,index
bi_consumer_survey.expectation.saving_6m,0000,Indonesia (national),2017-03-01,M,monthly,113.2,index
bi_consumer_survey.expectation.saving_6m,0000,Indonesia (national),2017-04-01,M,monthly,112.5,index
bi_consumer_survey.expectation.saving_6m,0000,Indonesia (national),2017-05-01,M,monthly,111.4,index
bi_consumer_survey.expectation.saving_6m,0000,Indonesia (national),2017-06-01,M,monthly,110.2,index
bi_consumer_survey.expectation.saving_6m,0000,Indonesia (national),2017-07-01,M,monthly,111.2,index
bi_consumer_survey.expectation.saving_6m,0000,Indonesia (national),2017-08-01,M,monthly,113.3,index
bi_consumer_survey.expectation.saving_6m,0000,Indonesia (national),2017-09-01,M,monthly,115.2,index
bi_consumer_survey.expectation.saving_6m,0000,Indonesia (national),2017-10-01,M,monthly,117.8,index
bi_consumer_survey.expectation.saving_6m,0000,Indonesia (national),2017-11-01,M,monthly,117.0,index
bi_consumer_survey.expectation.saving_6m,0000,Indonesia (national),2017-12-01,M,monthly,119.9,index
bi_consumer_survey.expectation.saving_6m,0000,Indonesia (national),2018-01-01,M,monthly,123.1,index
bi_consumer_survey.expectation.saving_6m,0000,Indonesia (national),2018-02-01,M,monthly,118.5,index
bi_consumer_survey.expectation.saving_6m,0000,Indonesia (national),2018-03-01,M,monthly,118.5,index
bi_consumer_survey.expectation.saving_6m,0000,Indonesia (national),2018-04-01,M,monthly,115.8,index
bi_consumer_survey.expectation.saving_6m,0000,Indonesia (national),2018-05-01,M,monthly,118.1,index
bi_consumer_survey.expectation.saving_6m,0000,Indonesia (national),2018-06-01,M,monthly,121.6,index
bi_consumer_survey.expectation.saving_6m,0000,Indonesia (national),2018-07-01,M,monthly,122.4,index
bi_consumer_survey.expectation.saving_6m,0000,Indonesia (national),2018-08-01,M,monthly,120.5,index
bi_consumer_survey.expectation.saving_6m,0000,Indonesia (national),2018-09-01,M,monthly,122.4,index
bi_consumer_survey.expectation.saving_6m,0000,Indonesia (national),2018-10-01,M,monthly,119.3,index
bi_consumer_survey.expectation.saving_6m,0000,Indonesia (national),2018-11-01,M,monthly,122.5,index
bi_consumer_survey.expectation.saving_6m,0000,Indonesia (national),2018-12-01,M,monthly,122.9,index
bi_consumer_survey.expectation.saving_6m,0000,Indonesia (national),2019-01-01,M,monthly,123.3,index
bi_consumer_survey.expectation.saving_6m,0000,Indonesia (national),2019-02-01,M,monthly,118.8,index
bi_consumer_survey.expectation.saving_6m,0000,Indonesia (national),2019-03-01,M,monthly,120.4,index
bi_consumer_survey.expectation.saving_6m,0000,Indonesia (national),2019-04-01,M,monthly,123.8,index
bi_consumer_survey.expectation.saving_6m,0000,Indonesia (national),2019-05-01,M,monthly,119.7,index
bi_consumer_survey.expectation.saving_6m,0000,Indonesia (national),2019-06-01,M,monthly,118.8,index
bi_consumer_survey.expectation.saving_6m,0000,Indonesia (national),2019-07-01,M,monthly,118.5,index
bi_consumer_survey.expectation.saving_6m,0000,Indonesia (national),2019-08-01,M,monthly,120.8,index
bi_consumer_survey.expectation.saving_6m,0000,Indonesia (national),2019-09-01,M,monthly,118.2,index
bi_consumer_survey.expectation.saving_6m,0000,Indonesia (national),2019-10-01,M,monthly,121.2,index
bi_consumer_survey.expectation.saving_6m,0000,Indonesia (national),2019-11-01,M,monthly,116.7,index
bi_consumer_survey.expectation.saving_6m,0000,Indonesia (national),2019-12-01,M,monthly,118.9,index
bi_consumer_survey.expectation.saving_6m,0000,Indonesia (national),2020-01-01,M,monthly,119.3,index
bi_consumer_survey.expectation.saving_6m,0000,Indonesia (national),2020-02-01,M,monthly,113.1,index
bi_consumer_survey.expectation.saving_6m,0000,Indonesia (national),2020-03-01,M,monthly,112.3,index
bi_consumer_survey.expectation.saving_6m.above_rp5juta,0000,Indonesia (national),2012-01-01,M,monthly,139.2,index
bi_consumer_survey.expectation.saving_6m.above_rp5juta,0000,Indonesia (national),2012-02-01,M,monthly,146.1,index
bi_consumer_survey.expectation.saving_6m.above_rp5juta,0000,Indonesia (national),2012-03-01,M,monthly,138.1,index
bi_consumer_survey.expectation.saving_6m.above_rp5juta,0000,Indonesia (national),2012-04-01,M,monthly,136.2,index
bi_consumer_survey.expectation.saving_6m.above_rp5juta,0000,Indonesia (national),2012-05-01,M,monthly,143.1,index
bi_consumer_survey.expectation.saving_6m.above_rp5juta,0000,Indonesia (national),2012-06-01,M,monthly,140.0,index
bi_consumer_survey.expectation.saving_6m.above_rp5juta,0000,Indonesia (national),2012-07-01,M,monthly,139.4,index
bi_consumer_survey.expectation.saving_6m.above_rp5juta,0000,Indonesia (national),2012-08-01,M,monthly,137.6,index
bi_consumer_survey.expectation.saving_6m.above_rp5juta,0000,Indonesia (national),2012-09-01,M,monthly,143.2,index
bi_consumer_survey.expectation.saving_6m.above_rp5juta,0000,Indonesia (national),2012-10-01,M,monthly,144.7,index
bi_consumer_survey.expectation.saving_6m.above_rp5juta,0000,Indonesia (national),2012-11-01,M,monthly,151.4,index
bi_consumer_survey.expectation.saving_6m.above_rp5juta,0000,Indonesia (national),2012-12-01,M,monthly,150.5,index
bi_consumer_survey.expectation.saving_6m.above_rp5juta,0000,Indonesia (national),2013-01-01,M,monthly,141.9,index
bi_consumer_survey.expectation.saving_6m.above_rp5juta,0000,Indonesia (national),2013-02-01,M,monthly,137.0,index
bi_consumer_survey.expectation.saving_6m.above_rp5juta,0000,Indonesia (national),2013-03-01,M,monthly,148.1,index
bi_consumer_survey.expectation.saving_6m.above_rp5juta,0000,Indonesia (national),2013-04-01,M,monthly,141.2,index
bi_consumer_survey.expectation.saving_6m.above_rp5juta,0000,Indonesia (national),2013-05-01,M,monthly,149.8,index
bi_consumer_survey.expectation.saving_6m.above_rp5juta,0000,Indonesia (national),2013-06-01,M,monthly,144.6,index
bi_consumer_survey.expectation.saving_6m.above_rp5juta,0000,Indonesia (national),2013-07-01,M,monthly,135.8,index
bi_consumer_survey.expectation.saving_6m.above_rp5juta,0000,Indonesia (national),2013-08-01,M,monthly,142.3,index
bi_consumer_survey.expectation.saving_6m.above_rp5juta,0000,Indonesia (national),2013-09-01,M,monthly,135.9,index
bi_consumer_survey.expectation.saving_6m.above_rp5juta,0000,Indonesia (national),2013-10-01,M,monthly,132.1,index
bi_consumer_survey.expectation.saving_6m.above_rp5juta,0000,Indonesia (national),2013-11-01,M,monthly,143.3,index
bi_consumer_survey.expectation.saving_6m.above_rp5juta,0000,Indonesia (national),2013-12-01,M,monthly,141.1,index
bi_consumer_survey.expectation.saving_6m.above_rp5juta,0000,Indonesia (national),2014-01-01,M,monthly,140.6,index
bi_consumer_survey.expectation.saving_6m.above_rp5juta,0000,Indonesia (national),2014-02-01,M,monthly,135.6,index
bi_consumer_survey.expectation.saving_6m.above_rp5juta,0000,Indonesia (national),2014-03-01,M,monthly,137.0,index
bi_consumer_survey.expectation.saving_6m.above_rp5juta,0000,Indonesia (national),2014-04-01,M,monthly,142.7,index
bi_consumer_survey.expectation.saving_6m.above_rp5juta,0000,Indonesia (national),2014-05-01,M,monthly,148.4,index
bi_consumer_survey.expectation.saving_6m.above_rp5juta,0000,Indonesia (national),2014-06-01,M,monthly,138.9,index
bi_consumer_survey.expectation.saving_6m.above_rp5juta,0000,Indonesia (national),2014-07-01,M,monthly,144.8,index
bi_consumer_survey.expectation.saving_6m.above_rp5juta,0000,Indonesia (national),2014-08-01,M,monthly,146.7,index
bi_consumer_survey.expectation.saving_6m.above_rp5juta,0000,Indonesia (national),2014-09-01,M,monthly,146.8,index
bi_consumer_survey.expectation.saving_6m.above_rp5juta,0000,Indonesia (national),2014-10-01,M,monthly,139.6,index
bi_consumer_survey.expectation.saving_6m.above_rp5juta,0000,Indonesia (national),2014-11-01,M,monthly,135.8,index
bi_consumer_survey.expectation.saving_6m.above_rp5juta,0000,Indonesia (national),2014-12-01,M,monthly,126.1,index
bi_consumer_survey.expectation.saving_6m.above_rp5juta,0000,Indonesia (national),2015-01-01,M,monthly,138.1,index
bi_consumer_survey.expectation.saving_6m.above_rp5juta,0000,Indonesia (national),2015-02-01,M,monthly,139.6,index
bi_consumer_survey.expectation.saving_6m.above_rp5juta,0000,Indonesia (national),2015-03-01,M,monthly,138.5,index
bi_consumer_survey.expectation.saving_6m.above_rp5juta,0000,Indonesia (national),2015-04-01,M,monthly,134.0,index
bi_consumer_survey.expectation.saving_6m.above_rp5juta,0000,Indonesia (national),2015-05-01,M,monthly,131.0,index
bi_consumer_survey.expectation.saving_6m.above_rp5juta,0000,Indonesia (national),2015-06-01,M,monthly,134.0,index
bi_consumer_survey.expectation.saving_6m.above_rp5juta,0000,Indonesia (national),2015-07-01,M,monthly,127.4,index
bi_consumer_survey.expectation.saving_6m.above_rp5juta,0000,Indonesia (national),2015-08-01,M,monthly,129.8,index
bi_consumer_survey.expectation.saving_6m.above_rp5juta,0000,Indonesia (national),2015-09-01,M,monthly,113.2,index
bi_consumer_survey.expectation.saving_6m.above_rp5juta,0000,Indonesia (national),2015-10-01,M,monthly,112.7,index
bi_consumer_survey.expectation.saving_6m.above_rp5juta,0000,Indonesia (national),2015-11-01,M,monthly,122.1,index
bi_consumer_survey.expectation.saving_6m.above_rp5juta,0000,Indonesia (national),2015-12-01,M,monthly,131.4,index
bi_consumer_survey.expectation.saving_6m.above_rp5juta,0000,Indonesia (national),2016-01-01,M,monthly,132.6,index
bi_consumer_survey.expectation.saving_6m.above_rp5juta,0000,Indonesia (national),2016-02-01,M,monthly,127.3,index
bi_consumer_survey.expectation.saving_6m.above_rp5juta,0000,Indonesia (national),2016-03-01,M,monthly,123.4,index
bi_consumer_survey.expectation.saving_6m.above_rp5juta,0000,Indonesia (national),2016-04-01,M,monthly,126.3,index
bi_consumer_survey.expectation.saving_6m.above_rp5juta,0000,Indonesia (national),2016-05-01,M,monthly,132.5,index
bi_consumer_survey.expectation.saving_6m.above_rp5juta,0000,Indonesia (national),2016-06-01,M,monthly,123.8,index
bi_consumer_survey.expectation.saving_6m.above_rp5juta,0000,Indonesia (national),2016-07-01,M,monthly,124.8,index
bi_consumer_survey.expectation.saving_6m.above_rp5juta,0000,Indonesia (national),2016-08-01,M,monthly,136.5,index
bi_consumer_survey.expectation.saving_6m.above_rp5juta,0000,Indonesia (national),2016-09-01,M,monthly,120.7,index
bi_consumer_survey.expectation.saving_6m.above_rp5juta,0000,Indonesia (national),2016-10-01,M,monthly,130.9,index
bi_consumer_survey.expectation.saving_6m.above_rp5juta,0000,Indonesia (national),2016-11-01,M,monthly,130.3,index
bi_consumer_survey.expectation.saving_6m.above_rp5juta,0000,Indonesia (national),2016-12-01,M,monthly,123.5,index
bi_consumer_survey.expectation.saving_6m.above_rp5juta,0000,Indonesia (national),2017-01-01,M,monthly,111.7,index
bi_consumer_survey.expectation.saving_6m.above_rp5juta,0000,Indonesia (national),2017-02-01,M,monthly,105.5,index
bi_consumer_survey.expectation.saving_6m.above_rp5juta,0000,Indonesia (national),2017-03-01,M,monthly,122.0,index
bi_consumer_survey.expectation.saving_6m.above_rp5juta,0000,Indonesia (national),2017-04-01,M,monthly,113.5,index
bi_consumer_survey.expectation.saving_6m.above_rp5juta,0000,Indonesia (national),2017-05-01,M,monthly,103.3,index
bi_consumer_survey.expectation.saving_6m.above_rp5juta,0000,Indonesia (national),2017-06-01,M,monthly,114.0,index
bi_consumer_survey.expectation.saving_6m.above_rp5juta,0000,Indonesia (national),2017-07-01,M,monthly,119.7,index
bi_consumer_survey.expectation.saving_6m.above_rp5juta,0000,Indonesia (national),2017-08-01,M,monthly,122.6,index
bi_consumer_survey.expectation.saving_6m.above_rp5juta,0000,Indonesia (national),2017-09-01,M,monthly,123.0,index
bi_consumer_survey.expectation.saving_6m.above_rp5juta,0000,Indonesia (national),2017-10-01,M,monthly,130.9,index
bi_consumer_survey.expectation.saving_6m.above_rp5juta,0000,Indonesia (national),2017-11-01,M,monthly,117.8,index
bi_consumer_survey.expectation.saving_6m.above_rp5juta,0000,Indonesia (national),2017-12-01,M,monthly,123.2,index
bi_consumer_survey.expectation.saving_6m.above_rp5juta,0000,Indonesia (national),2018-01-01,M,monthly,123.1,index
bi_consumer_survey.expectation.saving_6m.above_rp5juta,0000,Indonesia (national),2018-02-01,M,monthly,127.6,index
bi_consumer_survey.expectation.saving_6m.above_rp5juta,0000,Indonesia (national),2018-03-01,M,monthly,129.8,index
bi_consumer_survey.expectation.saving_6m.above_rp5juta,0000,Indonesia (national),2018-04-01,M,monthly,126.0,index
bi_consumer_survey.expectation.saving_6m.above_rp5juta,0000,Indonesia (national),2018-05-01,M,monthly,123.7,index
bi_consumer_survey.expectation.saving_6m.above_rp5juta,0000,Indonesia (national),2018-06-01,M,monthly,123.9,index
bi_consumer_survey.expectation.saving_6m.above_rp5juta,0000,Indonesia (national),2018-07-01,M,monthly,130.3,index
bi_consumer_survey.expectation.saving_6m.above_rp5juta,0000,Indonesia (national),2018-08-01,M,monthly,123.3,index
bi_consumer_survey.expectation.saving_6m.above_rp5juta,0000,Indonesia (national),2018-09-01,M,monthly,131.4,index
bi_consumer_survey.expectation.saving_6m.above_rp5juta,0000,Indonesia (national),2018-10-01,M,monthly,123.0,index
bi_consumer_survey.expectation.saving_6m.above_rp5juta,0000,Indonesia (national),2018-11-01,M,monthly,129.2,index
bi_consumer_survey.expectation.saving_6m.above_rp5juta,0000,Indonesia (national),2018-12-01,M,monthly,123.0,index
bi_consumer_survey.expectation.saving_6m.above_rp5juta,0000,Indonesia (national),2019-01-01,M,monthly,122.0,index
bi_consumer_survey.expectation.saving_6m.above_rp5juta,0000,Indonesia (national),2019-02-01,M,monthly,127.7,index
bi_consumer_survey.expectation.saving_6m.above_rp5juta,0000,Indonesia (national),2019-03-01,M,monthly,125.8,index
bi_consumer_survey.expectation.saving_6m.above_rp5juta,0000,Indonesia (national),2019-04-01,M,monthly,130.7,index
bi_consumer_survey.expectation.saving_6m.above_rp5juta,0000,Indonesia (national),2019-05-01,M,monthly,127.7,index
bi_consumer_survey.expectation.saving_6m.above_rp5juta,0000,Indonesia (national),2019-06-01,M,monthly,130.7,index
bi_consumer_survey.expectation.saving_6m.above_rp5juta,0000,Indonesia (national),2019-07-01,M,monthly,132.3,index
bi_consumer_survey.expectation.saving_6m.above_rp5juta,0000,Indonesia (national),2019-08-01,M,monthly,132.1,index
bi_consumer_survey.expectation.saving_6m.above_rp5juta,0000,Indonesia (national),2019-09-01,M,monthly,132.5,index
bi_consumer_survey.expectation.saving_6m.above_rp5juta,0000,Indonesia (national),2019-10-01,M,monthly,126.2,index
bi_consumer_survey.expectation.saving_6m.above_rp5juta,0000,Indonesia (national),2019-11-01,M,monthly,122.1,index
bi_consumer_survey.expectation.saving_6m.above_rp5juta,0000,Indonesia (national),2019-12-01,M,monthly,122.9,index
bi_consumer_survey.expectation.saving_6m.above_rp5juta,0000,Indonesia (national),2020-01-01,M,monthly,119.9,index
bi_consumer_survey.expectation.saving_6m.above_rp5juta,0000,Indonesia (national),2020-02-01,M,monthly,128.1,index
bi_consumer_survey.expectation.saving_6m.above_rp5juta,0000,Indonesia (national),2020-03-01,M,monthly,119.9,index
bi_consumer_survey.expectation.saving_6m.rp1_2juta,0000,Indonesia (national),2012-01-01,M,monthly,137.3,index
bi_consumer_survey.expectation.saving_6m.rp1_2juta,0000,Indonesia (national),2012-02-01,M,monthly,130.1,index
bi_consumer_survey.expectation.saving_6m.rp1_2juta,0000,Indonesia (national),2012-03-01,M,monthly,125.5,index
bi_consumer_survey.expectation.saving_6m.rp1_2juta,0000,Indonesia (national),2012-04-01,M,monthly,120.1,index
bi_consumer_survey.expectation.saving_6m.rp1_2juta,0000,Indonesia (national),2012-05-01,M,monthly,123.3,index
bi_consumer_survey.expectation.saving_6m.rp1_2juta,0000,Indonesia (national),2012-06-01,M,monthly,133.1,index
bi_consumer_survey.expectation.saving_6m.rp1_2juta,0000,Indonesia (national),2012-07-01,M,monthly,133.5,index
bi_consumer_survey.expectation.saving_6m.rp1_2juta,0000,Indonesia (national),2012-08-01,M,monthly,130.5,index
bi_consumer_survey.expectation.saving_6m.rp1_2juta,0000,Indonesia (national),2012-09-01,M,monthly,133.5,index
bi_consumer_survey.expectation.saving_6m.rp1_2juta,0000,Indonesia (national),2012-10-01,M,monthly,136.3,index
bi_consumer_survey.expectation.saving_6m.rp1_2juta,0000,Indonesia (national),2012-11-01,M,monthly,129.5,index
bi_consumer_survey.expectation.saving_6m.rp1_2juta,0000,Indonesia (national),2012-12-01,M,monthly,132.9,index
bi_consumer_survey.expectation.saving_6m.rp1_2juta,0000,Indonesia (national),2013-01-01,M,monthly,134.7,index
bi_consumer_survey.expectation.saving_6m.rp1_2juta,0000,Indonesia (national),2013-02-01,M,monthly,133.0,index
bi_consumer_survey.expectation.saving_6m.rp1_2juta,0000,Indonesia (national),2013-03-01,M,monthly,137.7,index
bi_consumer_survey.expectation.saving_6m.rp1_2juta,0000,Indonesia (national),2013-04-01,M,monthly,132.3,index
bi_consumer_survey.expectation.saving_6m.rp1_2juta,0000,Indonesia (national),2013-05-01,M,monthly,133.1,index
bi_consumer_survey.expectation.saving_6m.rp1_2juta,0000,Indonesia (national),2013-06-01,M,monthly,134.1,index
bi_consumer_survey.expectation.saving_6m.rp1_2juta,0000,Indonesia (national),2013-07-01,M,monthly,129.7,index
bi_consumer_survey.expectation.saving_6m.rp1_2juta,0000,Indonesia (national),2013-08-01,M,monthly,123.7,index
bi_consumer_survey.expectation.saving_6m.rp1_2juta,0000,Indonesia (national),2013-09-01,M,monthly,129.0,index
bi_consumer_survey.expectation.saving_6m.rp1_2juta,0000,Indonesia (national),2013-10-01,M,monthly,130.1,index
bi_consumer_survey.expectation.saving_6m.rp1_2juta,0000,Indonesia (national),2013-11-01,M,monthly,134.7,index
bi_consumer_survey.expectation.saving_6m.rp1_2juta,0000,Indonesia (national),2013-12-01,M,monthly,133.3,index
bi_consumer_survey.expectation.saving_6m.rp1_2juta,0000,Indonesia (national),2014-01-01,M,monthly,136.9,index
bi_consumer_survey.expectation.saving_6m.rp1_2juta,0000,Indonesia (national),2014-02-01,M,monthly,133.9,index
bi_consumer_survey.expectation.saving_6m.rp1_2juta,0000,Indonesia (national),2014-03-01,M,monthly,132.5,index
bi_consumer_survey.expectation.saving_6m.rp1_2juta,0000,Indonesia (national),2014-04-01,M,monthly,132.7,index
bi_consumer_survey.expectation.saving_6m.rp1_2juta,0000,Indonesia (national),2014-05-01,M,monthly,137.0,index
bi_consumer_survey.expectation.saving_6m.rp1_2juta,0000,Indonesia (national),2014-06-01,M,monthly,130.9,index
bi_consumer_survey.expectation.saving_6m.rp1_2juta,0000,Indonesia (national),2014-07-01,M,monthly,133.8,index
bi_consumer_survey.expectation.saving_6m.rp1_2juta,0000,Indonesia (national),2014-08-01,M,monthly,134.6,index
bi_consumer_survey.expectation.saving_6m.rp1_2juta,0000,Indonesia (national),2014-09-01,M,monthly,135.9,index
bi_consumer_survey.expectation.saving_6m.rp1_2juta,0000,Indonesia (national),2014-10-01,M,monthly,135.5,index
bi_consumer_survey.expectation.saving_6m.rp1_2juta,0000,Indonesia (national),2014-11-01,M,monthly,135.4,index
bi_consumer_survey.expectation.saving_6m.rp1_2juta,0000,Indonesia (national),2014-12-01,M,monthly,132.5,index
bi_consumer_survey.expectation.saving_6m.rp1_2juta,0000,Indonesia (national),2015-01-01,M,monthly,137.1,index
bi_consumer_survey.expectation.saving_6m.rp1_2juta,0000,Indonesia (national),2015-02-01,M,monthly,132.3,index
bi_consumer_survey.expectation.saving_6m.rp1_2juta,0000,Indonesia (national),2015-03-01,M,monthly,135.2,index
bi_consumer_survey.expectation.saving_6m.rp1_2juta,0000,Indonesia (national),2015-04-01,M,monthly,128.2,index
bi_consumer_survey.expectation.saving_6m.rp1_2juta,0000,Indonesia (national),2015-05-01,M,monthly,133.0,index
bi_consumer_survey.expectation.saving_6m.rp1_2juta,0000,Indonesia (national),2015-06-01,M,monthly,125.6,index
bi_consumer_survey.expectation.saving_6m.rp1_2juta,0000,Indonesia (national),2015-07-01,M,monthly,119.0,index
bi_consumer_survey.expectation.saving_6m.rp1_2juta,0000,Indonesia (national),2015-08-01,M,monthly,132.5,index
bi_consumer_survey.expectation.saving_6m.rp1_2juta,0000,Indonesia (national),2015-09-01,M,monthly,124.2,index
bi_consumer_survey.expectation.saving_6m.rp1_2juta,0000,Indonesia (national),2015-10-01,M,monthly,121.6,index
bi_consumer_survey.expectation.saving_6m.rp1_2juta,0000,Indonesia (national),2015-11-01,M,monthly,129.4,index
bi_consumer_survey.expectation.saving_6m.rp1_2juta,0000,Indonesia (national),2015-12-01,M,monthly,128.8,index
bi_consumer_survey.expectation.saving_6m.rp1_2juta,0000,Indonesia (national),2016-01-01,M,monthly,134.8,index
bi_consumer_survey.expectation.saving_6m.rp1_2juta,0000,Indonesia (national),2016-02-01,M,monthly,132.0,index
bi_consumer_survey.expectation.saving_6m.rp1_2juta,0000,Indonesia (national),2016-03-01,M,monthly,129.4,index
bi_consumer_survey.expectation.saving_6m.rp1_2juta,0000,Indonesia (national),2016-04-01,M,monthly,116.6,index
bi_consumer_survey.expectation.saving_6m.rp1_2juta,0000,Indonesia (national),2016-05-01,M,monthly,121.2,index
bi_consumer_survey.expectation.saving_6m.rp1_2juta,0000,Indonesia (national),2016-06-01,M,monthly,121.4,index
bi_consumer_survey.expectation.saving_6m.rp1_2juta,0000,Indonesia (national),2016-07-01,M,monthly,118.8,index
bi_consumer_survey.expectation.saving_6m.rp1_2juta,0000,Indonesia (national),2016-08-01,M,monthly,129.3,index
bi_consumer_survey.expectation.saving_6m.rp1_2juta,0000,Indonesia (national),2016-09-01,M,monthly,123.9,index
bi_consumer_survey.expectation.saving_6m.rp1_2juta,0000,Indonesia (national),2016-10-01,M,monthly,128.5,index
bi_consumer_survey.expectation.saving_6m.rp1_2juta,0000,Indonesia (national),2016-11-01,M,monthly,126.3,index
bi_consumer_survey.expectation.saving_6m.rp1_2juta,0000,Indonesia (national),2016-12-01,M,monthly,127.1,index
bi_consumer_survey.expectation.saving_6m.rp1_2juta,0000,Indonesia (national),2017-01-01,M,monthly,114.3,index
bi_consumer_survey.expectation.saving_6m.rp1_2juta,0000,Indonesia (national),2017-02-01,M,monthly,108.8,index
bi_consumer_survey.expectation.saving_6m.rp1_2juta,0000,Indonesia (national),2017-03-01,M,monthly,110.6,index
bi_consumer_survey.expectation.saving_6m.rp1_2juta,0000,Indonesia (national),2017-04-01,M,monthly,119.1,index
bi_consumer_survey.expectation.saving_6m.rp1_2juta,0000,Indonesia (national),2017-05-01,M,monthly,120.5,index
bi_consumer_survey.expectation.saving_6m.rp1_2juta,0000,Indonesia (national),2017-06-01,M,monthly,106.5,index
bi_consumer_survey.expectation.saving_6m.rp1_2juta,0000,Indonesia (national),2017-07-01,M,monthly,112.9,index
bi_consumer_survey.expectation.saving_6m.rp1_2juta,0000,Indonesia (national),2017-08-01,M,monthly,102.7,index
bi_consumer_survey.expectation.saving_6m.rp1_2juta,0000,Indonesia (national),2017-09-01,M,monthly,111.0,index
bi_consumer_survey.expectation.saving_6m.rp1_2juta,0000,Indonesia (national),2017-10-01,M,monthly,121.1,index
bi_consumer_survey.expectation.saving_6m.rp1_2juta,0000,Indonesia (national),2017-11-01,M,monthly,108.1,index
bi_consumer_survey.expectation.saving_6m.rp1_2juta,0000,Indonesia (national),2017-12-01,M,monthly,120.9,index
bi_consumer_survey.expectation.saving_6m.rp1_2juta,0000,Indonesia (national),2018-01-01,M,monthly,121.8,index
bi_consumer_survey.expectation.saving_6m.rp1_2juta,0000,Indonesia (national),2018-02-01,M,monthly,118.5,index
bi_consumer_survey.expectation.saving_6m.rp1_2juta,0000,Indonesia (national),2018-03-01,M,monthly,124.0,index
bi_consumer_survey.expectation.saving_6m.rp1_2juta,0000,Indonesia (national),2018-04-01,M,monthly,122.3,index
bi_consumer_survey.expectation.saving_6m.rp1_2juta,0000,Indonesia (national),2018-05-01,M,monthly,125.3,index
bi_consumer_survey.expectation.saving_6m.rp1_2juta,0000,Indonesia (national),2018-06-01,M,monthly,123.7,index
bi_consumer_survey.expectation.saving_6m.rp1_2juta,0000,Indonesia (national),2018-07-01,M,monthly,132.8,index
bi_consumer_survey.expectation.saving_6m.rp1_2juta,0000,Indonesia (national),2018-08-01,M,monthly,119.8,index
bi_consumer_survey.expectation.saving_6m.rp1_2juta,0000,Indonesia (national),2018-09-01,M,monthly,127.7,index
bi_consumer_survey.expectation.saving_6m.rp1_2juta,0000,Indonesia (national),2018-10-01,M,monthly,119.8,index
bi_consumer_survey.expectation.saving_6m.rp1_2juta,0000,Indonesia (national),2018-11-01,M,monthly,119.2,index
bi_consumer_survey.expectation.saving_6m.rp1_2juta,0000,Indonesia (national),2018-12-01,M,monthly,119.3,index
bi_consumer_survey.expectation.saving_6m.rp1_2juta,0000,Indonesia (national),2019-01-01,M,monthly,122.6,index
bi_consumer_survey.expectation.saving_6m.rp1_2juta,0000,Indonesia (national),2019-02-01,M,monthly,119.3,index
bi_consumer_survey.expectation.saving_6m.rp1_2juta,0000,Indonesia (national),2019-03-01,M,monthly,112.3,index
bi_consumer_survey.expectation.saving_6m.rp1_2juta,0000,Indonesia (national),2019-04-01,M,monthly,127.1,index
bi_consumer_survey.expectation.saving_6m.rp1_2juta,0000,Indonesia (national),2019-05-01,M,monthly,120.5,index
bi_consumer_survey.expectation.saving_6m.rp1_2juta,0000,Indonesia (national),2019-06-01,M,monthly,123.3,index
bi_consumer_survey.expectation.saving_6m.rp1_2juta,0000,Indonesia (national),2019-07-01,M,monthly,113.9,index
bi_consumer_survey.expectation.saving_6m.rp1_2juta,0000,Indonesia (national),2019-08-01,M,monthly,125.4,index
bi_consumer_survey.expectation.saving_6m.rp1_2juta,0000,Indonesia (national),2019-09-01,M,monthly,120.1,index
bi_consumer_survey.expectation.saving_6m.rp1_2juta,0000,Indonesia (national),2019-10-01,M,monthly,120.0,index
bi_consumer_survey.expectation.saving_6m.rp1_2juta,0000,Indonesia (national),2019-11-01,M,monthly,115.8,index
bi_consumer_survey.expectation.saving_6m.rp1_2juta,0000,Indonesia (national),2019-12-01,M,monthly,117.8,index
bi_consumer_survey.expectation.saving_6m.rp1_2juta,0000,Indonesia (national),2020-01-01,M,monthly,117.5,index
bi_consumer_survey.expectation.saving_6m.rp1_2juta,0000,Indonesia (national),2020-02-01,M,monthly,107.9,index
bi_consumer_survey.expectation.saving_6m.rp1_2juta,0000,Indonesia (national),2020-03-01,M,monthly,113.9,index
bi_consumer_survey.expectation.saving_6m.rp2_3juta,0000,Indonesia (national),2012-01-01,M,monthly,134.4,index
bi_consumer_survey.expectation.saving_6m.rp2_3juta,0000,Indonesia (national),2012-02-01,M,monthly,128.7,index
bi_consumer_survey.expectation.saving_6m.rp2_3juta,0000,Indonesia (national),2012-03-01,M,monthly,128.1,index
bi_consumer_survey.expectation.saving_6m.rp2_3juta,0000,Indonesia (national),2012-04-01,M,monthly,120.3,index
bi_consumer_survey.expectation.saving_6m.rp2_3juta,0000,Indonesia (national),2012-05-01,M,monthly,120.7,index
bi_consumer_survey.expectation.saving_6m.rp2_3juta,0000,Indonesia (national),2012-06-01,M,monthly,128.4,index
bi_consumer_survey.expectation.saving_6m.rp2_3juta,0000,Indonesia (national),2012-07-01,M,monthly,131.8,index
bi_consumer_survey.expectation.saving_6m.rp2_3juta,0000,Indonesia (national),2012-08-01,M,monthly,129.2,index
bi_consumer_survey.expectation.saving_6m.rp2_3juta,0000,Indonesia (national),2012-09-01,M,monthly,132.1,index
bi_consumer_survey.expectation.saving_6m.rp2_3juta,0000,Indonesia (national),2012-10-01,M,monthly,133.0,index
bi_consumer_survey.expectation.saving_6m.rp2_3juta,0000,Indonesia (national),2012-11-01,M,monthly,135.3,index
bi_consumer_survey.expectation.saving_6m.rp2_3juta,0000,Indonesia (national),2012-12-01,M,monthly,135.9,index
bi_consumer_survey.expectation.saving_6m.rp2_3juta,0000,Indonesia (national),2013-01-01,M,monthly,132.6,index
bi_consumer_survey.expectation.saving_6m.rp2_3juta,0000,Indonesia (national),2013-02-01,M,monthly,131.6,index
bi_consumer_survey.expectation.saving_6m.rp2_3juta,0000,Indonesia (national),2013-03-01,M,monthly,133.4,index
bi_consumer_survey.expectation.saving_6m.rp2_3juta,0000,Indonesia (national),2013-04-01,M,monthly,134.0,index
bi_consumer_survey.expectation.saving_6m.rp2_3juta,0000,Indonesia (national),2013-05-01,M,monthly,135.7,index
bi_consumer_survey.expectation.saving_6m.rp2_3juta,0000,Indonesia (national),2013-06-01,M,monthly,133.2,index
bi_consumer_survey.expectation.saving_6m.rp2_3juta,0000,Indonesia (national),2013-07-01,M,monthly,122.4,index
bi_consumer_survey.expectation.saving_6m.rp2_3juta,0000,Indonesia (national),2013-08-01,M,monthly,126.4,index
bi_consumer_survey.expectation.saving_6m.rp2_3juta,0000,Indonesia (national),2013-09-01,M,monthly,131.5,index
bi_consumer_survey.expectation.saving_6m.rp2_3juta,0000,Indonesia (national),2013-10-01,M,monthly,132.9,index
bi_consumer_survey.expectation.saving_6m.rp2_3juta,0000,Indonesia (national),2013-11-01,M,monthly,136.7,index
bi_consumer_survey.expectation.saving_6m.rp2_3juta,0000,Indonesia (national),2013-12-01,M,monthly,130.0,index
bi_consumer_survey.expectation.saving_6m.rp2_3juta,0000,Indonesia (national),2014-01-01,M,monthly,131.3,index
bi_consumer_survey.expectation.saving_6m.rp2_3juta,0000,Indonesia (national),2014-02-01,M,monthly,128.4,index
bi_consumer_survey.expectation.saving_6m.rp2_3juta,0000,Indonesia (national),2014-03-01,M,monthly,135.4,index
bi_consumer_survey.expectation.saving_6m.rp2_3juta,0000,Indonesia (national),2014-04-01,M,monthly,133.4,index
bi_consumer_survey.expectation.saving_6m.rp2_3juta,0000,Indonesia (national),2014-05-01,M,monthly,135.3,index
bi_consumer_survey.expectation.saving_6m.rp2_3juta,0000,Indonesia (national),2014-06-01,M,monthly,130.5,index
bi_consumer_survey.expectation.saving_6m.rp2_3juta,0000,Indonesia (national),2014-07-01,M,monthly,129.0,index
bi_consumer_survey.expectation.saving_6m.rp2_3juta,0000,Indonesia (national),2014-08-01,M,monthly,135.5,index
bi_consumer_survey.expectation.saving_6m.rp2_3juta,0000,Indonesia (national),2014-09-01,M,monthly,135.8,index
bi_consumer_survey.expectation.saving_6m.rp2_3juta,0000,Indonesia (national),2014-10-01,M,monthly,134.7,index
bi_consumer_survey.expectation.saving_6m.rp2_3juta,0000,Indonesia (national),2014-11-01,M,monthly,137.6,index
bi_consumer_survey.expectation.saving_6m.rp2_3juta,0000,Indonesia (national),2014-12-01,M,monthly,129.1,index
bi_consumer_survey.expectation.saving_6m.rp2_3juta,0000,Indonesia (national),2015-01-01,M,monthly,135.0,index
bi_consumer_survey.expectation.saving_6m.rp2_3juta,0000,Indonesia (national),2015-02-01,M,monthly,134.3,index
bi_consumer_survey.expectation.saving_6m.rp2_3juta,0000,Indonesia (national),2015-03-01,M,monthly,138.4,index
bi_consumer_survey.expectation.saving_6m.rp2_3juta,0000,Indonesia (national),2015-04-01,M,monthly,124.3,index
bi_consumer_survey.expectation.saving_6m.rp2_3juta,0000,Indonesia (national),2015-05-01,M,monthly,123.1,index
bi_consumer_survey.expectation.saving_6m.rp2_3juta,0000,Indonesia (national),2015-06-01,M,monthly,121.9,index
bi_consumer_survey.expectation.saving_6m.rp2_3juta,0000,Indonesia (national),2015-07-01,M,monthly,124.4,index
bi_consumer_survey.expectation.saving_6m.rp2_3juta,0000,Indonesia (national),2015-08-01,M,monthly,127.8,index
bi_consumer_survey.expectation.saving_6m.rp2_3juta,0000,Indonesia (national),2015-09-01,M,monthly,120.8,index
bi_consumer_survey.expectation.saving_6m.rp2_3juta,0000,Indonesia (national),2015-10-01,M,monthly,120.8,index
bi_consumer_survey.expectation.saving_6m.rp2_3juta,0000,Indonesia (national),2015-11-01,M,monthly,125.8,index
bi_consumer_survey.expectation.saving_6m.rp2_3juta,0000,Indonesia (national),2015-12-01,M,monthly,124.0,index
bi_consumer_survey.expectation.saving_6m.rp2_3juta,0000,Indonesia (national),2016-01-01,M,monthly,131.7,index
bi_consumer_survey.expectation.saving_6m.rp2_3juta,0000,Indonesia (national),2016-02-01,M,monthly,126.9,index
bi_consumer_survey.expectation.saving_6m.rp2_3juta,0000,Indonesia (national),2016-03-01,M,monthly,132.2,index
bi_consumer_survey.expectation.saving_6m.rp2_3juta,0000,Indonesia (national),2016-04-01,M,monthly,124.0,index
bi_consumer_survey.expectation.saving_6m.rp2_3juta,0000,Indonesia (national),2016-05-01,M,monthly,126.4,index
bi_consumer_survey.expectation.saving_6m.rp2_3juta,0000,Indonesia (national),2016-06-01,M,monthly,123.2,index
bi_consumer_survey.expectation.saving_6m.rp2_3juta,0000,Indonesia (national),2016-07-01,M,monthly,126.6,index
bi_consumer_survey.expectation.saving_6m.rp2_3juta,0000,Indonesia (national),2016-08-01,M,monthly,123.7,index
bi_consumer_survey.expectation.saving_6m.rp2_3juta,0000,Indonesia (national),2016-09-01,M,monthly,123.2,index
bi_consumer_survey.expectation.saving_6m.rp2_3juta,0000,Indonesia (national),2016-10-01,M,monthly,127.1,index
bi_consumer_survey.expectation.saving_6m.rp2_3juta,0000,Indonesia (national),2016-11-01,M,monthly,126.8,index
bi_consumer_survey.expectation.saving_6m.rp2_3juta,0000,Indonesia (national),2016-12-01,M,monthly,122.6,index
bi_consumer_survey.expectation.saving_6m.rp2_3juta,0000,Indonesia (national),2017-01-01,M,monthly,107.8,index
bi_consumer_survey.expectation.saving_6m.rp2_3juta,0000,Indonesia (national),2017-02-01,M,monthly,115.5,index
bi_consumer_survey.expectation.saving_6m.rp2_3juta,0000,Indonesia (national),2017-03-01,M,monthly,113.3,index
bi_consumer_survey.expectation.saving_6m.rp2_3juta,0000,Indonesia (national),2017-04-01,M,monthly,109.3,index
bi_consumer_survey.expectation.saving_6m.rp2_3juta,0000,Indonesia (national),2017-05-01,M,monthly,109.0,index
bi_consumer_survey.expectation.saving_6m.rp2_3juta,0000,Indonesia (national),2017-06-01,M,monthly,111.2,index
bi_consumer_survey.expectation.saving_6m.rp2_3juta,0000,Indonesia (national),2017-07-01,M,monthly,107.0,index
bi_consumer_survey.expectation.saving_6m.rp2_3juta,0000,Indonesia (national),2017-08-01,M,monthly,107.4,index
bi_consumer_survey.expectation.saving_6m.rp2_3juta,0000,Indonesia (national),2017-09-01,M,monthly,116.2,index
bi_consumer_survey.expectation.saving_6m.rp2_3juta,0000,Indonesia (national),2017-10-01,M,monthly,113.6,index
bi_consumer_survey.expectation.saving_6m.rp2_3juta,0000,Indonesia (national),2017-11-01,M,monthly,116.3,index
bi_consumer_survey.expectation.saving_6m.rp2_3juta,0000,Indonesia (national),2017-12-01,M,monthly,120.5,index
bi_consumer_survey.expectation.saving_6m.rp2_3juta,0000,Indonesia (national),2018-01-01,M,monthly,123.6,index
bi_consumer_survey.expectation.saving_6m.rp2_3juta,0000,Indonesia (national),2018-02-01,M,monthly,119.1,index
bi_consumer_survey.expectation.saving_6m.rp2_3juta,0000,Indonesia (national),2018-03-01,M,monthly,122.0,index
bi_consumer_survey.expectation.saving_6m.rp2_3juta,0000,Indonesia (national),2018-04-01,M,monthly,116.9,index
bi_consumer_survey.expectation.saving_6m.rp2_3juta,0000,Indonesia (national),2018-05-01,M,monthly,121.2,index
bi_consumer_survey.expectation.saving_6m.rp2_3juta,0000,Indonesia (national),2018-06-01,M,monthly,119.6,index
bi_consumer_survey.expectation.saving_6m.rp2_3juta,0000,Indonesia (national),2018-07-01,M,monthly,124.6,index
bi_consumer_survey.expectation.saving_6m.rp2_3juta,0000,Indonesia (national),2018-08-01,M,monthly,118.9,index
bi_consumer_survey.expectation.saving_6m.rp2_3juta,0000,Indonesia (national),2018-09-01,M,monthly,123.7,index
bi_consumer_survey.expectation.saving_6m.rp2_3juta,0000,Indonesia (national),2018-10-01,M,monthly,117.8,index
bi_consumer_survey.expectation.saving_6m.rp2_3juta,0000,Indonesia (national),2018-11-01,M,monthly,121.2,index
bi_consumer_survey.expectation.saving_6m.rp2_3juta,0000,Indonesia (national),2018-12-01,M,monthly,126.2,index
bi_consumer_survey.expectation.saving_6m.rp2_3juta,0000,Indonesia (national),2019-01-01,M,monthly,121.8,index
bi_consumer_survey.expectation.saving_6m.rp2_3juta,0000,Indonesia (national),2019-02-01,M,monthly,124.7,index
bi_consumer_survey.expectation.saving_6m.rp2_3juta,0000,Indonesia (national),2019-03-01,M,monthly,121.4,index
bi_consumer_survey.expectation.saving_6m.rp2_3juta,0000,Indonesia (national),2019-04-01,M,monthly,124.9,index
bi_consumer_survey.expectation.saving_6m.rp2_3juta,0000,Indonesia (national),2019-05-01,M,monthly,117.2,index
bi_consumer_survey.expectation.saving_6m.rp2_3juta,0000,Indonesia (national),2019-06-01,M,monthly,113.3,index
bi_consumer_survey.expectation.saving_6m.rp2_3juta,0000,Indonesia (national),2019-07-01,M,monthly,118.4,index
bi_consumer_survey.expectation.saving_6m.rp2_3juta,0000,Indonesia (national),2019-08-01,M,monthly,123.2,index
bi_consumer_survey.expectation.saving_6m.rp2_3juta,0000,Indonesia (national),2019-09-01,M,monthly,114.8,index
bi_consumer_survey.expectation.saving_6m.rp2_3juta,0000,Indonesia (national),2019-10-01,M,monthly,121.2,index
bi_consumer_survey.expectation.saving_6m.rp2_3juta,0000,Indonesia (national),2019-11-01,M,monthly,117.2,index
bi_consumer_survey.expectation.saving_6m.rp2_3juta,0000,Indonesia (national),2019-12-01,M,monthly,122.1,index
bi_consumer_survey.expectation.saving_6m.rp2_3juta,0000,Indonesia (national),2020-01-01,M,monthly,123.0,index
bi_consumer_survey.expectation.saving_6m.rp2_3juta,0000,Indonesia (national),2020-02-01,M,monthly,111.5,index
bi_consumer_survey.expectation.saving_6m.rp2_3juta,0000,Indonesia (national),2020-03-01,M,monthly,112.1,index
bi_consumer_survey.expectation.saving_6m.rp3_4juta,0000,Indonesia (national),2012-01-01,M,monthly,127.4,index
bi_consumer_survey.expectation.saving_6m.rp3_4juta,0000,Indonesia (national),2012-02-01,M,monthly,126.8,index
bi_consumer_survey.expectation.saving_6m.rp3_4juta,0000,Indonesia (national),2012-03-01,M,monthly,120.6,index
bi_consumer_survey.expectation.saving_6m.rp3_4juta,0000,Indonesia (national),2012-04-01,M,monthly,122.7,index
bi_consumer_survey.expectation.saving_6m.rp3_4juta,0000,Indonesia (national),2012-05-01,M,monthly,123.5,index
bi_consumer_survey.expectation.saving_6m.rp3_4juta,0000,Indonesia (national),2012-06-01,M,monthly,122.8,index
bi_consumer_survey.expectation.saving_6m.rp3_4juta,0000,Indonesia (national),2012-07-01,M,monthly,130.0,index
bi_consumer_survey.expectation.saving_6m.rp3_4juta,0000,Indonesia (national),2012-08-01,M,monthly,125.8,index
bi_consumer_survey.expectation.saving_6m.rp3_4juta,0000,Indonesia (national),2012-09-01,M,monthly,129.3,index
bi_consumer_survey.expectation.saving_6m.rp3_4juta,0000,Indonesia (national),2012-10-01,M,monthly,133.2,index
bi_consumer_survey.expectation.saving_6m.rp3_4juta,0000,Indonesia (national),2012-11-01,M,monthly,130.6,index
bi_consumer_survey.expectation.saving_6m.rp3_4juta,0000,Indonesia (national),2012-12-01,M,monthly,135.9,index
bi_consumer_survey.expectation.saving_6m.rp3_4juta,0000,Indonesia (national),2013-01-01,M,monthly,128.5,index
bi_consumer_survey.expectation.saving_6m.rp3_4juta,0000,Indonesia (national),2013-02-01,M,monthly,133.2,index
bi_consumer_survey.expectation.saving_6m.rp3_4juta,0000,Indonesia (national),2013-03-01,M,monthly,137.0,index
bi_consumer_survey.expectation.saving_6m.rp3_4juta,0000,Indonesia (national),2013-04-01,M,monthly,134.0,index
bi_consumer_survey.expectation.saving_6m.rp3_4juta,0000,Indonesia (national),2013-05-01,M,monthly,133.2,index
bi_consumer_survey.expectation.saving_6m.rp3_4juta,0000,Indonesia (national),2013-06-01,M,monthly,134.9,index
bi_consumer_survey.expectation.saving_6m.rp3_4juta,0000,Indonesia (national),2013-07-01,M,monthly,131.8,index
bi_consumer_survey.expectation.saving_6m.rp3_4juta,0000,Indonesia (national),2013-08-01,M,monthly,126.8,index
bi_consumer_survey.expectation.saving_6m.rp3_4juta,0000,Indonesia (national),2013-09-01,M,monthly,134.1,index
bi_consumer_survey.expectation.saving_6m.rp3_4juta,0000,Indonesia (national),2013-10-01,M,monthly,126.5,index
bi_consumer_survey.expectation.saving_6m.rp3_4juta,0000,Indonesia (national),2013-11-01,M,monthly,127.4,index
bi_consumer_survey.expectation.saving_6m.rp3_4juta,0000,Indonesia (national),2013-12-01,M,monthly,124.9,index
bi_consumer_survey.expectation.saving_6m.rp3_4juta,0000,Indonesia (national),2014-01-01,M,monthly,131.8,index
bi_consumer_survey.expectation.saving_6m.rp3_4juta,0000,Indonesia (national),2014-02-01,M,monthly,130.4,index
bi_consumer_survey.expectation.saving_6m.rp3_4juta,0000,Indonesia (national),2014-03-01,M,monthly,138.7,index
bi_consumer_survey.expectation.saving_6m.rp3_4juta,0000,Indonesia (national),2014-04-01,M,monthly,125.1,index
bi_consumer_survey.expectation.saving_6m.rp3_4juta,0000,Indonesia (national),2014-05-01,M,monthly,127.7,index
bi_consumer_survey.expectation.saving_6m.rp3_4juta,0000,Indonesia (national),2014-06-01,M,monthly,139.3,index
bi_consumer_survey.expectation.saving_6m.rp3_4juta,0000,Indonesia (national),2014-07-01,M,monthly,137.8,index
bi_consumer_survey.expectation.saving_6m.rp3_4juta,0000,Indonesia (national),2014-08-01,M,monthly,135.5,index
bi_consumer_survey.expectation.saving_6m.rp3_4juta,0000,Indonesia (national),2014-09-01,M,monthly,134.6,index
bi_consumer_survey.expectation.saving_6m.rp3_4juta,0000,Indonesia (national),2014-10-01,M,monthly,135.2,index
bi_consumer_survey.expectation.saving_6m.rp3_4juta,0000,Indonesia (national),2014-11-01,M,monthly,137.1,index
bi_consumer_survey.expectation.saving_6m.rp3_4juta,0000,Indonesia (national),2014-12-01,M,monthly,132.0,index
bi_consumer_survey.expectation.saving_6m.rp3_4juta,0000,Indonesia (national),2015-01-01,M,monthly,133.0,index
bi_consumer_survey.expectation.saving_6m.rp3_4juta,0000,Indonesia (national),2015-02-01,M,monthly,136.3,index
bi_consumer_survey.expectation.saving_6m.rp3_4juta,0000,Indonesia (national),2015-03-01,M,monthly,133.8,index
bi_consumer_survey.expectation.saving_6m.rp3_4juta,0000,Indonesia (national),2015-04-01,M,monthly,125.9,index
bi_consumer_survey.expectation.saving_6m.rp3_4juta,0000,Indonesia (national),2015-05-01,M,monthly,125.9,index
bi_consumer_survey.expectation.saving_6m.rp3_4juta,0000,Indonesia (national),2015-06-01,M,monthly,127.9,index
bi_consumer_survey.expectation.saving_6m.rp3_4juta,0000,Indonesia (national),2015-07-01,M,monthly,126.6,index
bi_consumer_survey.expectation.saving_6m.rp3_4juta,0000,Indonesia (national),2015-08-01,M,monthly,129.9,index
bi_consumer_survey.expectation.saving_6m.rp3_4juta,0000,Indonesia (national),2015-09-01,M,monthly,115.8,index
bi_consumer_survey.expectation.saving_6m.rp3_4juta,0000,Indonesia (national),2015-10-01,M,monthly,122.9,index
bi_consumer_survey.expectation.saving_6m.rp3_4juta,0000,Indonesia (national),2015-11-01,M,monthly,125.9,index
bi_consumer_survey.expectation.saving_6m.rp3_4juta,0000,Indonesia (national),2015-12-01,M,monthly,128.8,index
bi_consumer_survey.expectation.saving_6m.rp3_4juta,0000,Indonesia (national),2016-01-01,M,monthly,129.3,index
bi_consumer_survey.expectation.saving_6m.rp3_4juta,0000,Indonesia (national),2016-02-01,M,monthly,134.5,index
bi_consumer_survey.expectation.saving_6m.rp3_4juta,0000,Indonesia (national),2016-03-01,M,monthly,125.2,index
bi_consumer_survey.expectation.saving_6m.rp3_4juta,0000,Indonesia (national),2016-04-01,M,monthly,123.4,index
bi_consumer_survey.expectation.saving_6m.rp3_4juta,0000,Indonesia (national),2016-05-01,M,monthly,126.4,index
bi_consumer_survey.expectation.saving_6m.rp3_4juta,0000,Indonesia (national),2016-06-01,M,monthly,125.1,index
bi_consumer_survey.expectation.saving_6m.rp3_4juta,0000,Indonesia (national),2016-07-01,M,monthly,122.4,index
bi_consumer_survey.expectation.saving_6m.rp3_4juta,0000,Indonesia (national),2016-08-01,M,monthly,127.0,index
bi_consumer_survey.expectation.saving_6m.rp3_4juta,0000,Indonesia (national),2016-09-01,M,monthly,119.7,index
bi_consumer_survey.expectation.saving_6m.rp3_4juta,0000,Indonesia (national),2016-10-01,M,monthly,123.6,index
bi_consumer_survey.expectation.saving_6m.rp3_4juta,0000,Indonesia (national),2016-11-01,M,monthly,124.4,index
bi_consumer_survey.expectation.saving_6m.rp3_4juta,0000,Indonesia (national),2016-12-01,M,monthly,125.0,index
bi_consumer_survey.expectation.saving_6m.rp3_4juta,0000,Indonesia (national),2017-01-01,M,monthly,112.5,index
bi_consumer_survey.expectation.saving_6m.rp3_4juta,0000,Indonesia (national),2017-02-01,M,monthly,114.2,index
bi_consumer_survey.expectation.saving_6m.rp3_4juta,0000,Indonesia (national),2017-03-01,M,monthly,113.5,index
bi_consumer_survey.expectation.saving_6m.rp3_4juta,0000,Indonesia (national),2017-04-01,M,monthly,115.8,index
bi_consumer_survey.expectation.saving_6m.rp3_4juta,0000,Indonesia (national),2017-05-01,M,monthly,114.2,index
bi_consumer_survey.expectation.saving_6m.rp3_4juta,0000,Indonesia (national),2017-06-01,M,monthly,110.3,index
bi_consumer_survey.expectation.saving_6m.rp3_4juta,0000,Indonesia (national),2017-07-01,M,monthly,109.6,index
bi_consumer_survey.expectation.saving_6m.rp3_4juta,0000,Indonesia (national),2017-08-01,M,monthly,119.6,index
bi_consumer_survey.expectation.saving_6m.rp3_4juta,0000,Indonesia (national),2017-09-01,M,monthly,111.7,index
bi_consumer_survey.expectation.saving_6m.rp3_4juta,0000,Indonesia (national),2017-10-01,M,monthly,122.0,index
bi_consumer_survey.expectation.saving_6m.rp3_4juta,0000,Indonesia (national),2017-11-01,M,monthly,121.3,index
bi_consumer_survey.expectation.saving_6m.rp3_4juta,0000,Indonesia (national),2017-12-01,M,monthly,123.8,index
bi_consumer_survey.expectation.saving_6m.rp3_4juta,0000,Indonesia (national),2018-01-01,M,monthly,126.1,index
bi_consumer_survey.expectation.saving_6m.rp3_4juta,0000,Indonesia (national),2018-02-01,M,monthly,118.5,index
bi_consumer_survey.expectation.saving_6m.rp3_4juta,0000,Indonesia (national),2018-03-01,M,monthly,115.4,index
bi_consumer_survey.expectation.saving_6m.rp3_4juta,0000,Indonesia (national),2018-04-01,M,monthly,113.6,index
bi_consumer_survey.expectation.saving_6m.rp3_4juta,0000,Indonesia (national),2018-05-01,M,monthly,115.8,index
bi_consumer_survey.expectation.saving_6m.rp3_4juta,0000,Indonesia (national),2018-06-01,M,monthly,121.2,index
bi_consumer_survey.expectation.saving_6m.rp3_4juta,0000,Indonesia (national),2018-07-01,M,monthly,119.5,index
bi_consumer_survey.expectation.saving_6m.rp3_4juta,0000,Indonesia (national),2018-08-01,M,monthly,119.5,index
bi_consumer_survey.expectation.saving_6m.rp3_4juta,0000,Indonesia (national),2018-09-01,M,monthly,120.4,index
bi_consumer_survey.expectation.saving_6m.rp3_4juta,0000,Indonesia (national),2018-10-01,M,monthly,122.2,index
bi_consumer_survey.expectation.saving_6m.rp3_4juta,0000,Indonesia (national),2018-11-01,M,monthly,121.6,index
bi_consumer_survey.expectation.saving_6m.rp3_4juta,0000,Indonesia (national),2018-12-01,M,monthly,124.0,index
bi_consumer_survey.expectation.saving_6m.rp3_4juta,0000,Indonesia (national),2019-01-01,M,monthly,126.8,index
bi_consumer_survey.expectation.saving_6m.rp3_4juta,0000,Indonesia (national),2019-02-01,M,monthly,123.6,index
bi_consumer_survey.expectation.saving_6m.rp3_4juta,0000,Indonesia (national),2019-03-01,M,monthly,118.5,index
bi_consumer_survey.expectation.saving_6m.rp3_4juta,0000,Indonesia (national),2019-04-01,M,monthly,121.7,index
bi_consumer_survey.expectation.saving_6m.rp3_4juta,0000,Indonesia (national),2019-05-01,M,monthly,116.7,index
bi_consumer_survey.expectation.saving_6m.rp3_4juta,0000,Indonesia (national),2019-06-01,M,monthly,116.6,index
bi_consumer_survey.expectation.saving_6m.rp3_4juta,0000,Indonesia (national),2019-07-01,M,monthly,123.5,index
bi_consumer_survey.expectation.saving_6m.rp3_4juta,0000,Indonesia (national),2019-08-01,M,monthly,119.2,index
bi_consumer_survey.expectation.saving_6m.rp3_4juta,0000,Indonesia (national),2019-09-01,M,monthly,115.4,index
bi_consumer_survey.expectation.saving_6m.rp3_4juta,0000,Indonesia (national),2019-10-01,M,monthly,122.2,index
bi_consumer_survey.expectation.saving_6m.rp3_4juta,0000,Indonesia (national),2019-11-01,M,monthly,109.0,index
bi_consumer_survey.expectation.saving_6m.rp3_4juta,0000,Indonesia (national),2019-12-01,M,monthly,111.3,index
bi_consumer_survey.expectation.saving_6m.rp3_4juta,0000,Indonesia (national),2020-01-01,M,monthly,119.9,index
bi_consumer_survey.expectation.saving_6m.rp3_4juta,0000,Indonesia (national),2020-02-01,M,monthly,110.7,index
bi_consumer_survey.expectation.saving_6m.rp3_4juta,0000,Indonesia (national),2020-03-01,M,monthly,107.2,index
bi_consumer_survey.expectation.saving_6m.rp4_5juta,0000,Indonesia (national),2012-01-01,M,monthly,127.9,index
bi_consumer_survey.expectation.saving_6m.rp4_5juta,0000,Indonesia (national),2012-02-01,M,monthly,127.5,index
bi_consumer_survey.expectation.saving_6m.rp4_5juta,0000,Indonesia (national),2012-03-01,M,monthly,125.0,index
bi_consumer_survey.expectation.saving_6m.rp4_5juta,0000,Indonesia (national),2012-04-01,M,monthly,123.9,index
bi_consumer_survey.expectation.saving_6m.rp4_5juta,0000,Indonesia (national),2012-05-01,M,monthly,129.4,index
bi_consumer_survey.expectation.saving_6m.rp4_5juta,0000,Indonesia (national),2012-06-01,M,monthly,125.6,index
bi_consumer_survey.expectation.saving_6m.rp4_5juta,0000,Indonesia (national),2012-07-01,M,monthly,130.1,index
bi_consumer_survey.expectation.saving_6m.rp4_5juta,0000,Indonesia (national),2012-08-01,M,monthly,132.5,index
bi_consumer_survey.expectation.saving_6m.rp4_5juta,0000,Indonesia (national),2012-09-01,M,monthly,132.1,index
bi_consumer_survey.expectation.saving_6m.rp4_5juta,0000,Indonesia (national),2012-10-01,M,monthly,136.3,index
bi_consumer_survey.expectation.saving_6m.rp4_5juta,0000,Indonesia (national),2012-11-01,M,monthly,141.0,index
bi_consumer_survey.expectation.saving_6m.rp4_5juta,0000,Indonesia (national),2012-12-01,M,monthly,140.3,index
bi_consumer_survey.expectation.saving_6m.rp4_5juta,0000,Indonesia (national),2013-01-01,M,monthly,139.4,index
bi_consumer_survey.expectation.saving_6m.rp4_5juta,0000,Indonesia (national),2013-02-01,M,monthly,139.6,index
bi_consumer_survey.expectation.saving_6m.rp4_5juta,0000,Indonesia (national),2013-03-01,M,monthly,135.4,index
bi_consumer_survey.expectation.saving_6m.rp4_5juta,0000,Indonesia (national),2013-04-01,M,monthly,137.9,index
bi_consumer_survey.expectation.saving_6m.rp4_5juta,0000,Indonesia (national),2013-05-01,M,monthly,135.9,index
bi_consumer_survey.expectation.saving_6m.rp4_5juta,0000,Indonesia (national),2013-06-01,M,monthly,134.8,index
bi_consumer_survey.expectation.saving_6m.rp4_5juta,0000,Indonesia (national),2013-07-01,M,monthly,129.1,index
bi_consumer_survey.expectation.saving_6m.rp4_5juta,0000,Indonesia (national),2013-08-01,M,monthly,128.5,index
bi_consumer_survey.expectation.saving_6m.rp4_5juta,0000,Indonesia (national),2013-09-01,M,monthly,122.7,index
bi_consumer_survey.expectation.saving_6m.rp4_5juta,0000,Indonesia (national),2013-10-01,M,monthly,127.8,index
bi_consumer_survey.expectation.saving_6m.rp4_5juta,0000,Indonesia (national),2013-11-01,M,monthly,133.8,index
bi_consumer_survey.expectation.saving_6m.rp4_5juta,0000,Indonesia (national),2013-12-01,M,monthly,134.8,index
bi_consumer_survey.expectation.saving_6m.rp4_5juta,0000,Indonesia (national),2014-01-01,M,monthly,140.7,index
bi_consumer_survey.expectation.saving_6m.rp4_5juta,0000,Indonesia (national),2014-02-01,M,monthly,136.9,index
bi_consumer_survey.expectation.saving_6m.rp4_5juta,0000,Indonesia (national),2014-03-01,M,monthly,142.0,index
bi_consumer_survey.expectation.saving_6m.rp4_5juta,0000,Indonesia (national),2014-04-01,M,monthly,140.0,index
bi_consumer_survey.expectation.saving_6m.rp4_5juta,0000,Indonesia (national),2014-05-01,M,monthly,135.0,index
bi_consumer_survey.expectation.saving_6m.rp4_5juta,0000,Indonesia (national),2014-06-01,M,monthly,145.1,index
bi_consumer_survey.expectation.saving_6m.rp4_5juta,0000,Indonesia (national),2014-07-01,M,monthly,137.1,index
bi_consumer_survey.expectation.saving_6m.rp4_5juta,0000,Indonesia (national),2014-08-01,M,monthly,139.2,index
bi_consumer_survey.expectation.saving_6m.rp4_5juta,0000,Indonesia (national),2014-09-01,M,monthly,143.8,index
bi_consumer_survey.expectation.saving_6m.rp4_5juta,0000,Indonesia (national),2014-10-01,M,monthly,138.7,index
bi_consumer_survey.expectation.saving_6m.rp4_5juta,0000,Indonesia (national),2014-11-01,M,monthly,138.8,index
bi_consumer_survey.expectation.saving_6m.rp4_5juta,0000,Indonesia (national),2014-12-01,M,monthly,125.3,index
bi_consumer_survey.expectation.saving_6m.rp4_5juta,0000,Indonesia (national),2015-01-01,M,monthly,141.4,index
bi_consumer_survey.expectation.saving_6m.rp4_5juta,0000,Indonesia (national),2015-02-01,M,monthly,129.5,index
bi_consumer_survey.expectation.saving_6m.rp4_5juta,0000,Indonesia (national),2015-03-01,M,monthly,136.7,index
bi_consumer_survey.expectation.saving_6m.rp4_5juta,0000,Indonesia (national),2015-04-01,M,monthly,128.2,index
bi_consumer_survey.expectation.saving_6m.rp4_5juta,0000,Indonesia (national),2015-05-01,M,monthly,132.6,index
bi_consumer_survey.expectation.saving_6m.rp4_5juta,0000,Indonesia (national),2015-06-01,M,monthly,125.9,index
bi_consumer_survey.expectation.saving_6m.rp4_5juta,0000,Indonesia (national),2015-07-01,M,monthly,125.4,index
bi_consumer_survey.expectation.saving_6m.rp4_5juta,0000,Indonesia (national),2015-08-01,M,monthly,128.6,index
bi_consumer_survey.expectation.saving_6m.rp4_5juta,0000,Indonesia (national),2015-09-01,M,monthly,123.0,index
bi_consumer_survey.expectation.saving_6m.rp4_5juta,0000,Indonesia (national),2015-10-01,M,monthly,119.9,index
bi_consumer_survey.expectation.saving_6m.rp4_5juta,0000,Indonesia (national),2015-11-01,M,monthly,128.1,index
bi_consumer_survey.expectation.saving_6m.rp4_5juta,0000,Indonesia (national),2015-12-01,M,monthly,129.8,index
bi_consumer_survey.expectation.saving_6m.rp4_5juta,0000,Indonesia (national),2016-01-01,M,monthly,134.9,index
bi_consumer_survey.expectation.saving_6m.rp4_5juta,0000,Indonesia (national),2016-02-01,M,monthly,128.9,index
bi_consumer_survey.expectation.saving_6m.rp4_5juta,0000,Indonesia (national),2016-03-01,M,monthly,129.8,index
bi_consumer_survey.expectation.saving_6m.rp4_5juta,0000,Indonesia (national),2016-04-01,M,monthly,124.7,index
bi_consumer_survey.expectation.saving_6m.rp4_5juta,0000,Indonesia (national),2016-05-01,M,monthly,128.9,index
bi_consumer_survey.expectation.saving_6m.rp4_5juta,0000,Indonesia (national),2016-06-01,M,monthly,120.8,index
bi_consumer_survey.expectation.saving_6m.rp4_5juta,0000,Indonesia (national),2016-07-01,M,monthly,122.8,index
bi_consumer_survey.expectation.saving_6m.rp4_5juta,0000,Indonesia (national),2016-08-01,M,monthly,135.3,index
bi_consumer_survey.expectation.saving_6m.rp4_5juta,0000,Indonesia (national),2016-09-01,M,monthly,127.3,index
bi_consumer_survey.expectation.saving_6m.rp4_5juta,0000,Indonesia (national),2016-10-01,M,monthly,127.1,index
bi_consumer_survey.expectation.saving_6m.rp4_5juta,0000,Indonesia (national),2016-11-01,M,monthly,125.8,index
bi_consumer_survey.expectation.saving_6m.rp4_5juta,0000,Indonesia (national),2016-12-01,M,monthly,133.3,index
bi_consumer_survey.expectation.saving_6m.rp4_5juta,0000,Indonesia (national),2017-01-01,M,monthly,114.4,index
bi_consumer_survey.expectation.saving_6m.rp4_5juta,0000,Indonesia (national),2017-02-01,M,monthly,112.7,index
bi_consumer_survey.expectation.saving_6m.rp4_5juta,0000,Indonesia (national),2017-03-01,M,monthly,114.7,index
bi_consumer_survey.expectation.saving_6m.rp4_5juta,0000,Indonesia (national),2017-04-01,M,monthly,112.9,index
bi_consumer_survey.expectation.saving_6m.rp4_5juta,0000,Indonesia (national),2017-05-01,M,monthly,119.2,index
bi_consumer_survey.expectation.saving_6m.rp4_5juta,0000,Indonesia (national),2017-06-01,M,monthly,116.3,index
bi_consumer_survey.expectation.saving_6m.rp4_5juta,0000,Indonesia (national),2017-07-01,M,monthly,113.7,index
bi_consumer_survey.expectation.saving_6m.rp4_5juta,0000,Indonesia (national),2017-08-01,M,monthly,109.4,index
bi_consumer_survey.expectation.saving_6m.rp4_5juta,0000,Indonesia (national),2017-09-01,M,monthly,119.1,index
bi_consumer_survey.expectation.saving_6m.rp4_5juta,0000,Indonesia (national),2017-10-01,M,monthly,120.6,index
bi_consumer_survey.expectation.saving_6m.rp4_5juta,0000,Indonesia (national),2017-11-01,M,monthly,115.8,index
bi_consumer_survey.expectation.saving_6m.rp4_5juta,0000,Indonesia (national),2017-12-01,M,monthly,118.5,index
bi_consumer_survey.expectation.saving_6m.rp4_5juta,0000,Indonesia (national),2018-01-01,M,monthly,129.2,index
bi_consumer_survey.expectation.saving_6m.rp4_5juta,0000,Indonesia (national),2018-02-01,M,monthly,119.8,index
bi_consumer_survey.expectation.saving_6m.rp4_5juta,0000,Indonesia (national),2018-03-01,M,monthly,117.7,index
bi_consumer_survey.expectation.saving_6m.rp4_5juta,0000,Indonesia (national),2018-04-01,M,monthly,117.3,index
bi_consumer_survey.expectation.saving_6m.rp4_5juta,0000,Indonesia (national),2018-05-01,M,monthly,120.4,index
bi_consumer_survey.expectation.saving_6m.rp4_5juta,0000,Indonesia (national),2018-06-01,M,monthly,126.6,index
bi_consumer_survey.expectation.saving_6m.rp4_5juta,0000,Indonesia (national),2018-07-01,M,monthly,131.9,index
bi_consumer_survey.expectation.saving_6m.rp4_5juta,0000,Indonesia (national),2018-08-01,M,monthly,125.1,index
bi_consumer_survey.expectation.saving_6m.rp4_5juta,0000,Indonesia (national),2018-09-01,M,monthly,125.9,index
bi_consumer_survey.expectation.saving_6m.rp4_5juta,0000,Indonesia (national),2018-10-01,M,monthly,120.3,index
bi_consumer_survey.expectation.saving_6m.rp4_5juta,0000,Indonesia (national),2018-11-01,M,monthly,125.8,index
bi_consumer_survey.expectation.saving_6m.rp4_5juta,0000,Indonesia (national),2018-12-01,M,monthly,128.2,index
bi_consumer_survey.expectation.saving_6m.rp4_5juta,0000,Indonesia (national),2019-01-01,M,monthly,131.7,index
bi_consumer_survey.expectation.saving_6m.rp4_5juta,0000,Indonesia (national),2019-02-01,M,monthly,123.8,index
bi_consumer_survey.expectation.saving_6m.rp4_5juta,0000,Indonesia (national),2019-03-01,M,monthly,126.5,index
bi_consumer_survey.expectation.saving_6m.rp4_5juta,0000,Indonesia (national),2019-04-01,M,monthly,132.4,index
bi_consumer_survey.expectation.saving_6m.rp4_5juta,0000,Indonesia (national),2019-05-01,M,monthly,120.4,index
bi_consumer_survey.expectation.saving_6m.rp4_5juta,0000,Indonesia (national),2019-06-01,M,monthly,125.7,index
bi_consumer_survey.expectation.saving_6m.rp4_5juta,0000,Indonesia (national),2019-07-01,M,monthly,124.8,index
bi_consumer_survey.expectation.saving_6m.rp4_5juta,0000,Indonesia (national),2019-08-01,M,monthly,129.8,index
bi_consumer_survey.expectation.saving_6m.rp4_5juta,0000,Indonesia (national),2019-09-01,M,monthly,125.6,index
bi_consumer_survey.expectation.saving_6m.rp4_5juta,0000,Indonesia (national),2019-10-01,M,monthly,130.6,index
bi_consumer_survey.expectation.saving_6m.rp4_5juta,0000,Indonesia (national),2019-11-01,M,monthly,124.6,index
bi_consumer_survey.expectation.saving_6m.rp4_5juta,0000,Indonesia (national),2019-12-01,M,monthly,122.9,index
bi_consumer_survey.expectation.saving_6m.rp4_5juta,0000,Indonesia (national),2020-01-01,M,monthly,122.6,index
bi_consumer_survey.expectation.saving_6m.rp4_5juta,0000,Indonesia (national),2020-02-01,M,monthly,113.5,index
bi_consumer_survey.expectation.saving_6m.rp4_5juta,0000,Indonesia (national),2020-03-01,M,monthly,123.2,index
bi_consumer_survey.expenditure_share.consumption,0000,Indonesia (national),2012-01-01,M,monthly,66.9,percent
bi_consumer_survey.expenditure_share.consumption,0000,Indonesia (national),2012-02-01,M,monthly,67.5,percent
bi_consumer_survey.expenditure_share.consumption,0000,Indonesia (national),2012-03-01,M,monthly,67.0,percent
bi_consumer_survey.expenditure_share.consumption,0000,Indonesia (national),2012-04-01,M,monthly,67.9,percent
bi_consumer_survey.expenditure_share.consumption,0000,Indonesia (national),2012-05-01,M,monthly,67.3,percent
bi_consumer_survey.expenditure_share.consumption,0000,Indonesia (national),2012-06-01,M,monthly,67.2,percent
bi_consumer_survey.expenditure_share.consumption,0000,Indonesia (national),2012-07-01,M,monthly,67.3,percent
bi_consumer_survey.expenditure_share.consumption,0000,Indonesia (national),2012-08-01,M,monthly,67.6,percent
bi_consumer_survey.expenditure_share.consumption,0000,Indonesia (national),2012-09-01,M,monthly,67.9,percent
bi_consumer_survey.expenditure_share.consumption,0000,Indonesia (national),2012-10-01,M,monthly,67.6,percent
bi_consumer_survey.expenditure_share.consumption,0000,Indonesia (national),2012-11-01,M,monthly,66.5,percent
bi_consumer_survey.expenditure_share.consumption,0000,Indonesia (national),2012-12-01,M,monthly,67.1,percent
bi_consumer_survey.expenditure_share.consumption,0000,Indonesia (national),2013-01-01,M,monthly,66.7,percent
bi_consumer_survey.expenditure_share.consumption,0000,Indonesia (national),2013-02-01,M,monthly,66.8,percent
bi_consumer_survey.expenditure_share.consumption,0000,Indonesia (national),2013-03-01,M,monthly,67.8,percent
bi_consumer_survey.expenditure_share.consumption,0000,Indonesia (national),2013-04-01,M,monthly,68.5,percent
bi_consumer_survey.expenditure_share.consumption,0000,Indonesia (national),2013-05-01,M,monthly,67.6,percent
bi_consumer_survey.expenditure_share.consumption,0000,Indonesia (national),2013-06-01,M,monthly,66.7,percent
bi_consumer_survey.expenditure_share.consumption,0000,Indonesia (national),2013-07-01,M,monthly,67.3,percent
bi_consumer_survey.expenditure_share.consumption,0000,Indonesia (national),2013-08-01,M,monthly,68.1,percent
bi_consumer_survey.expenditure_share.consumption,0000,Indonesia (national),2013-09-01,M,monthly,68.0,percent
bi_consumer_survey.expenditure_share.consumption,0000,Indonesia (national),2013-10-01,M,monthly,67.5,percent
bi_consumer_survey.expenditure_share.consumption,0000,Indonesia (national),2013-11-01,M,monthly,69.1,percent
bi_consumer_survey.expenditure_share.consumption,0000,Indonesia (national),2013-12-01,M,monthly,67.6,percent
bi_consumer_survey.expenditure_share.consumption,0000,Indonesia (national),2014-01-01,M,monthly,67.7,percent
bi_consumer_survey.expenditure_share.consumption,0000,Indonesia (national),2014-02-01,M,monthly,68.6,percent
bi_consumer_survey.expenditure_share.consumption,0000,Indonesia (national),2014-03-01,M,monthly,68.3,percent
bi_consumer_survey.expenditure_share.consumption,0000,Indonesia (national),2014-04-01,M,monthly,68.1,percent
bi_consumer_survey.expenditure_share.consumption,0000,Indonesia (national),2014-05-01,M,monthly,67.8,percent
bi_consumer_survey.expenditure_share.consumption,0000,Indonesia (national),2014-06-01,M,monthly,68.0,percent
bi_consumer_survey.expenditure_share.consumption,0000,Indonesia (national),2014-07-01,M,monthly,68.7,percent
bi_consumer_survey.expenditure_share.consumption,0000,Indonesia (national),2014-08-01,M,monthly,68.7,percent
bi_consumer_survey.expenditure_share.consumption,0000,Indonesia (national),2014-09-01,M,monthly,68.7,percent
bi_consumer_survey.expenditure_share.consumption,0000,Indonesia (national),2014-10-01,M,monthly,68.9,percent
bi_consumer_survey.expenditure_share.consumption,0000,Indonesia (national),2014-11-01,M,monthly,69.1,percent
bi_consumer_survey.expenditure_share.consumption,0000,Indonesia (national),2014-12-01,M,monthly,69.2,percent
bi_consumer_survey.expenditure_share.consumption,0000,Indonesia (national),2015-01-01,M,monthly,65.8,percent
bi_consumer_survey.expenditure_share.consumption,0000,Indonesia (national),2015-02-01,M,monthly,65.5,percent
bi_consumer_survey.expenditure_share.consumption,0000,Indonesia (national),2015-03-01,M,monthly,66.6,percent
bi_consumer_survey.expenditure_share.consumption,0000,Indonesia (national),2015-04-01,M,monthly,65.6,percent
bi_consumer_survey.expenditure_share.consumption,0000,Indonesia (national),2015-05-01,M,monthly,67.7,percent
bi_consumer_survey.expenditure_share.consumption,0000,Indonesia (national),2015-06-01,M,monthly,67.1,percent
bi_consumer_survey.expenditure_share.consumption,0000,Indonesia (national),2015-07-01,M,monthly,67.2,percent
bi_consumer_survey.expenditure_share.consumption,0000,Indonesia (national),2015-08-01,M,monthly,66.3,percent
bi_consumer_survey.expenditure_share.consumption,0000,Indonesia (national),2015-09-01,M,monthly,68.5,percent
bi_consumer_survey.expenditure_share.consumption,0000,Indonesia (national),2015-10-01,M,monthly,68.2,percent
bi_consumer_survey.expenditure_share.consumption,0000,Indonesia (national),2015-11-01,M,monthly,68.4,percent
bi_consumer_survey.expenditure_share.consumption,0000,Indonesia (national),2015-12-01,M,monthly,69.0,percent
bi_consumer_survey.expenditure_share.consumption,0000,Indonesia (national),2016-01-01,M,monthly,68.6,percent
bi_consumer_survey.expenditure_share.consumption,0000,Indonesia (national),2016-02-01,M,monthly,69.1,percent
bi_consumer_survey.expenditure_share.consumption,0000,Indonesia (national),2016-03-01,M,monthly,69.5,percent
bi_consumer_survey.expenditure_share.consumption,0000,Indonesia (national),2016-04-01,M,monthly,68.8,percent
bi_consumer_survey.expenditure_share.consumption,0000,Indonesia (national),2016-05-01,M,monthly,69.6,percent
bi_consumer_survey.expenditure_share.consumption,0000,Indonesia (national),2016-06-01,M,monthly,70.4,percent
bi_consumer_survey.expenditure_share.consumption,0000,Indonesia (national),2016-07-01,M,monthly,69.1,percent
bi_consumer_survey.expenditure_share.consumption,0000,Indonesia (national),2016-08-01,M,monthly,70.9,percent
bi_consumer_survey.expenditure_share.consumption,0000,Indonesia (national),2016-09-01,M,monthly,70.4,percent
bi_consumer_survey.expenditure_share.consumption,0000,Indonesia (national),2016-10-01,M,monthly,71.0,percent
bi_consumer_survey.expenditure_share.consumption,0000,Indonesia (national),2016-11-01,M,monthly,72.0,percent
bi_consumer_survey.expenditure_share.consumption,0000,Indonesia (national),2016-12-01,M,monthly,69.8,percent
bi_consumer_survey.expenditure_share.consumption,0000,Indonesia (national),2017-01-01,M,monthly,63.0,percent
bi_consumer_survey.expenditure_share.consumption,0000,Indonesia (national),2017-02-01,M,monthly,66.3,percent
bi_consumer_survey.expenditure_share.consumption,0000,Indonesia (national),2017-03-01,M,monthly,66.2,percent
bi_consumer_survey.expenditure_share.consumption,0000,Indonesia (national),2017-04-01,M,monthly,65.1,percent
bi_consumer_survey.expenditure_share.consumption,0000,Indonesia (national),2017-05-01,M,monthly,64.1,percent
bi_consumer_survey.expenditure_share.consumption,0000,Indonesia (national),2017-06-01,M,monthly,64.5,percent
bi_consumer_survey.expenditure_share.consumption,0000,Indonesia (national),2017-07-01,M,monthly,64.0,percent
bi_consumer_survey.expenditure_share.consumption,0000,Indonesia (national),2017-08-01,M,monthly,63.8,percent
bi_consumer_survey.expenditure_share.consumption,0000,Indonesia (national),2017-09-01,M,monthly,66.4,percent
bi_consumer_survey.expenditure_share.consumption,0000,Indonesia (national),2017-10-01,M,monthly,65.7,percent
bi_consumer_survey.expenditure_share.consumption,0000,Indonesia (national),2017-11-01,M,monthly,65.3,percent
bi_consumer_survey.expenditure_share.consumption,0000,Indonesia (national),2017-12-01,M,monthly,65.0,percent
bi_consumer_survey.expenditure_share.consumption,0000,Indonesia (national),2018-01-01,M,monthly,64.4,percent
bi_consumer_survey.expenditure_share.consumption,0000,Indonesia (national),2018-02-01,M,monthly,63.9,percent
bi_consumer_survey.expenditure_share.consumption,0000,Indonesia (national),2018-03-01,M,monthly,63.9,percent
bi_consumer_survey.expenditure_share.consumption,0000,Indonesia (national),2018-04-01,M,monthly,66.0,percent
bi_consumer_survey.expenditure_share.consumption,0000,Indonesia (national),2018-05-01,M,monthly,66.1,percent
bi_consumer_survey.expenditure_share.consumption,0000,Indonesia (national),2018-06-01,M,monthly,67.1,percent
bi_consumer_survey.expenditure_share.consumption,0000,Indonesia (national),2018-07-01,M,monthly,66.7,percent
bi_consumer_survey.expenditure_share.consumption,0000,Indonesia (national),2018-08-01,M,monthly,66.9,percent
bi_consumer_survey.expenditure_share.consumption,0000,Indonesia (national),2018-09-01,M,monthly,67.1,percent
bi_consumer_survey.expenditure_share.consumption,0000,Indonesia (national),2018-10-01,M,monthly,67.7,percent
bi_consumer_survey.expenditure_share.consumption,0000,Indonesia (national),2018-11-01,M,monthly,68.2,percent
bi_consumer_survey.expenditure_share.consumption,0000,Indonesia (national),2018-12-01,M,monthly,67.2,percent
bi_consumer_survey.expenditure_share.consumption,0000,Indonesia (national),2019-01-01,M,monthly,66.8,percent
bi_consumer_survey.expenditure_share.consumption,0000,Indonesia (national),2019-02-01,M,monthly,68.3,percent
bi_consumer_survey.expenditure_share.consumption,0000,Indonesia (national),2019-03-01,M,monthly,68.1,percent
bi_consumer_survey.expenditure_share.consumption,0000,Indonesia (national),2019-04-01,M,monthly,68.5,percent
bi_consumer_survey.expenditure_share.consumption,0000,Indonesia (national),2019-05-01,M,monthly,69.1,percent
bi_consumer_survey.expenditure_share.consumption,0000,Indonesia (national),2019-06-01,M,monthly,69.4,percent
bi_consumer_survey.expenditure_share.consumption,0000,Indonesia (national),2019-07-01,M,monthly,68.8,percent
bi_consumer_survey.expenditure_share.consumption,0000,Indonesia (national),2019-08-01,M,monthly,68.6,percent
bi_consumer_survey.expenditure_share.consumption,0000,Indonesia (national),2019-09-01,M,monthly,68.8,percent
bi_consumer_survey.expenditure_share.consumption,0000,Indonesia (national),2019-10-01,M,monthly,68.0,percent
bi_consumer_survey.expenditure_share.consumption,0000,Indonesia (national),2019-11-01,M,monthly,68.9,percent
bi_consumer_survey.expenditure_share.consumption,0000,Indonesia (national),2019-12-01,M,monthly,69.2,percent
bi_consumer_survey.expenditure_share.consumption,0000,Indonesia (national),2020-01-01,M,monthly,68.1,percent
bi_consumer_survey.expenditure_share.consumption,0000,Indonesia (national),2020-02-01,M,monthly,69.2,percent
bi_consumer_survey.expenditure_share.consumption,0000,Indonesia (national),2020-03-01,M,monthly,69.0,percent
bi_consumer_survey.expenditure_share.consumption,0000,Indonesia (national),2020-08-01,M,monthly,67.4,percent
bi_consumer_survey.expenditure_share.consumption,0000,Indonesia (national),2020-09-01,M,monthly,68.8,percent
bi_consumer_survey.expenditure_share.consumption,0000,Indonesia (national),2020-10-01,M,monthly,69.4,percent
bi_consumer_survey.expenditure_share.consumption,0000,Indonesia (national),2020-11-01,M,monthly,68.8,percent
bi_consumer_survey.expenditure_share.consumption,0000,Indonesia (national),2020-12-01,M,monthly,69.0,percent
bi_consumer_survey.expenditure_share.consumption,0000,Indonesia (national),2021-01-01,M,monthly,73.2,percent
bi_consumer_survey.expenditure_share.consumption,0000,Indonesia (national),2021-02-01,M,monthly,73.5,percent
bi_consumer_survey.expenditure_share.consumption,0000,Indonesia (national),2021-03-01,M,monthly,74.4,percent
bi_consumer_survey.expenditure_share.consumption,0000,Indonesia (national),2021-04-01,M,monthly,75.5,percent
bi_consumer_survey.expenditure_share.consumption,0000,Indonesia (national),2021-05-01,M,monthly,75.8,percent
bi_consumer_survey.expenditure_share.consumption,0000,Indonesia (national),2021-06-01,M,monthly,75.5,percent
bi_consumer_survey.expenditure_share.consumption,0000,Indonesia (national),2021-07-01,M,monthly,74.6,percent
bi_consumer_survey.expenditure_share.consumption,0000,Indonesia (national),2021-08-01,M,monthly,75.0,percent
bi_consumer_survey.expenditure_share.consumption,0000,Indonesia (national),2021-09-01,M,monthly,75.0,percent
bi_consumer_survey.expenditure_share.consumption,0000,Indonesia (national),2021-10-01,M,monthly,75.1,percent
bi_consumer_survey.expenditure_share.consumption,0000,Indonesia (national),2021-11-01,M,monthly,76.1,percent
bi_consumer_survey.expenditure_share.consumption,0000,Indonesia (national),2021-12-01,M,monthly,76.2,percent
bi_consumer_survey.expenditure_share.consumption,0000,Indonesia (national),2022-01-01,M,monthly,74.1,percent
bi_consumer_survey.expenditure_share.consumption,0000,Indonesia (national),2022-02-01,M,monthly,74.0,percent
bi_consumer_survey.expenditure_share.consumption,0000,Indonesia (national),2022-03-01,M,monthly,74.4,percent
bi_consumer_survey.expenditure_share.consumption,0000,Indonesia (national),2022-04-01,M,monthly,73.9,percent
bi_consumer_survey.expenditure_share.consumption,0000,Indonesia (national),2022-05-01,M,monthly,74.3,percent
bi_consumer_survey.expenditure_share.consumption,0000,Indonesia (national),2022-06-01,M,monthly,74.2,percent
bi_consumer_survey.expenditure_share.consumption,0000,Indonesia (national),2022-07-01,M,monthly,73.4,percent
bi_consumer_survey.expenditure_share.consumption,0000,Indonesia (national),2022-08-01,M,monthly,73.6,percent
bi_consumer_survey.expenditure_share.consumption,0000,Indonesia (national),2022-09-01,M,monthly,74.8,percent
bi_consumer_survey.expenditure_share.consumption,0000,Indonesia (national),2022-10-01,M,monthly,75.0,percent
bi_consumer_survey.expenditure_share.consumption,0000,Indonesia (national),2022-11-01,M,monthly,74.7,percent
bi_consumer_survey.expenditure_share.consumption,0000,Indonesia (national),2022-12-01,M,monthly,75.6,percent
bi_consumer_survey.expenditure_share.consumption,0000,Indonesia (national),2023-01-01,M,monthly,73.6,percent
bi_consumer_survey.expenditure_share.consumption,0000,Indonesia (national),2023-02-01,M,monthly,75.0,percent
bi_consumer_survey.expenditure_share.consumption,0000,Indonesia (national),2023-03-01,M,monthly,75.7,percent
bi_consumer_survey.expenditure_share.consumption,0000,Indonesia (national),2023-04-01,M,monthly,75.2,percent
bi_consumer_survey.expenditure_share.consumption,0000,Indonesia (national),2023-05-01,M,monthly,75.4,percent
bi_consumer_survey.expenditure_share.consumption,0000,Indonesia (national),2023-06-01,M,monthly,75.7,percent
bi_consumer_survey.expenditure_share.consumption,0000,Indonesia (national),2023-07-01,M,monthly,75.5,percent
bi_consumer_survey.expenditure_share.consumption,0000,Indonesia (national),2023-08-01,M,monthly,75.6,percent
bi_consumer_survey.expenditure_share.consumption,0000,Indonesia (national),2023-09-01,M,monthly,76.3,percent
bi_consumer_survey.expenditure_share.consumption,0000,Indonesia (national),2023-10-01,M,monthly,75.6,percent
bi_consumer_survey.expenditure_share.consumption,0000,Indonesia (national),2023-11-01,M,monthly,75.3,percent
bi_consumer_survey.expenditure_share.consumption,0000,Indonesia (national),2023-12-01,M,monthly,74.3,percent
bi_consumer_survey.expenditure_share.consumption,0000,Indonesia (national),2024-01-01,M,monthly,74.6,percent
bi_consumer_survey.expenditure_share.consumption,0000,Indonesia (national),2024-02-01,M,monthly,73.0,percent
bi_consumer_survey.expenditure_share.consumption,0000,Indonesia (national),2024-03-01,M,monthly,73.6,percent
bi_consumer_survey.expenditure_share.consumption,0000,Indonesia (national),2024-04-01,M,monthly,73.6,percent
bi_consumer_survey.expenditure_share.consumption,0000,Indonesia (national),2024-05-01,M,monthly,73.0,percent
bi_consumer_survey.expenditure_share.consumption,0000,Indonesia (national),2024-06-01,M,monthly,73.9,percent
bi_consumer_survey.expenditure_share.consumption,0000,Indonesia (national),2024-07-01,M,monthly,73.8,percent
bi_consumer_survey.expenditure_share.consumption,0000,Indonesia (national),2024-08-01,M,monthly,73.5,percent
bi_consumer_survey.expenditure_share.consumption,0000,Indonesia (national),2024-09-01,M,monthly,74.1,percent
bi_consumer_survey.expenditure_share.consumption,0000,Indonesia (national),2024-10-01,M,monthly,74.5,percent
bi_consumer_survey.expenditure_share.consumption,0000,Indonesia (national),2024-11-01,M,monthly,74.4,percent
bi_consumer_survey.expenditure_share.consumption,0000,Indonesia (national),2024-12-01,M,monthly,74.1,percent
bi_consumer_survey.expenditure_share.consumption,0000,Indonesia (national),2025-01-01,M,monthly,73.6,percent
bi_consumer_survey.expenditure_share.consumption,0000,Indonesia (national),2025-02-01,M,monthly,74.7,percent
bi_consumer_survey.expenditure_share.consumption,0000,Indonesia (national),2025-03-01,M,monthly,75.3,percent
bi_consumer_survey.expenditure_share.consumption,0000,Indonesia (national),2025-04-01,M,monthly,74.8,percent
bi_consumer_survey.expenditure_share.consumption,0000,Indonesia (national),2025-05-01,M,monthly,74.3,percent
bi_consumer_survey.expenditure_share.consumption,0000,Indonesia (national),2025-06-01,M,monthly,75.1,percent
bi_consumer_survey.expenditure_share.consumption,0000,Indonesia (national),2025-07-01,M,monthly,75.4,percent
bi_consumer_survey.expenditure_share.consumption,0000,Indonesia (national),2025-08-01,M,monthly,74.8,percent
bi_consumer_survey.expenditure_share.consumption,0000,Indonesia (national),2025-09-01,M,monthly,75.1,percent
bi_consumer_survey.expenditure_share.consumption,0000,Indonesia (national),2025-10-01,M,monthly,74.7,percent
bi_consumer_survey.expenditure_share.consumption,0000,Indonesia (national),2025-11-01,M,monthly,74.6,percent
bi_consumer_survey.expenditure_share.consumption,0000,Indonesia (national),2025-12-01,M,monthly,74.3,percent
bi_consumer_survey.expenditure_share.consumption,0000,Indonesia (national),2026-01-01,M,monthly,72.3,percent
bi_consumer_survey.expenditure_share.consumption,0000,Indonesia (national),2026-02-01,M,monthly,71.6,percent
bi_consumer_survey.expenditure_share.consumption,0000,Indonesia (national),2026-03-01,M,monthly,72.2,percent
bi_consumer_survey.expenditure_share.consumption,0000,Indonesia (national),2026-04-01,M,monthly,72.1,percent
bi_consumer_survey.expenditure_share.consumption,0000,Indonesia (national),2026-05-01,M,monthly,72.3,percent
bi_consumer_survey.expenditure_share.consumption,0000,Indonesia (national),2026-06-01,M,monthly,73.0,percent
bi_consumer_survey.expenditure_share.consumption,0000,Indonesia (national),2026-07-01,M,monthly,72.7,percent
bi_consumer_survey.expenditure_share.consumption,0000,Indonesia (national),2026-08-01,M,monthly,74.2,percent
bi_consumer_survey.expenditure_share.consumption.above_rp5juta,0000,Indonesia (national),2012-01-01,M,monthly,63.2,percent
bi_consumer_survey.expenditure_share.consumption.above_rp5juta,0000,Indonesia (national),2012-02-01,M,monthly,60.1,percent
bi_consumer_survey.expenditure_share.consumption.above_rp5juta,0000,Indonesia (national),2012-03-01,M,monthly,62.0,percent
bi_consumer_survey.expenditure_share.consumption.above_rp5juta,0000,Indonesia (national),2012-04-01,M,monthly,63.2,percent
bi_consumer_survey.expenditure_share.consumption.above_rp5juta,0000,Indonesia (national),2012-05-01,M,monthly,62.5,percent
bi_consumer_survey.expenditure_share.consumption.above_rp5juta,0000,Indonesia (national),2012-06-01,M,monthly,61.8,percent
bi_consumer_survey.expenditure_share.consumption.above_rp5juta,0000,Indonesia (national),2012-07-01,M,monthly,60.3,percent
bi_consumer_survey.expenditure_share.consumption.above_rp5juta,0000,Indonesia (national),2012-08-01,M,monthly,64.7,percent
bi_consumer_survey.expenditure_share.consumption.above_rp5juta,0000,Indonesia (national),2012-09-01,M,monthly,64.7,percent
bi_consumer_survey.expenditure_share.consumption.above_rp5juta,0000,Indonesia (national),2012-10-01,M,monthly,62.5,percent
bi_consumer_survey.expenditure_share.consumption.above_rp5juta,0000,Indonesia (national),2012-11-01,M,monthly,59.4,percent
bi_consumer_survey.expenditure_share.consumption.above_rp5juta,0000,Indonesia (national),2012-12-01,M,monthly,62.4,percent
bi_consumer_survey.expenditure_share.consumption.above_rp5juta,0000,Indonesia (national),2013-01-01,M,monthly,62.0,percent
bi_consumer_survey.expenditure_share.consumption.above_rp5juta,0000,Indonesia (national),2013-02-01,M,monthly,61.6,percent
bi_consumer_survey.expenditure_share.consumption.above_rp5juta,0000,Indonesia (national),2013-03-01,M,monthly,62.2,percent
bi_consumer_survey.expenditure_share.consumption.above_rp5juta,0000,Indonesia (national),2013-04-01,M,monthly,62.3,percent
bi_consumer_survey.expenditure_share.consumption.above_rp5juta,0000,Indonesia (national),2013-05-01,M,monthly,61.4,percent
bi_consumer_survey.expenditure_share.consumption.above_rp5juta,0000,Indonesia (national),2013-06-01,M,monthly,62.7,percent
bi_consumer_survey.expenditure_share.consumption.above_rp5juta,0000,Indonesia (national),2013-07-01,M,monthly,56.4,percent
bi_consumer_survey.expenditure_share.consumption.above_rp5juta,0000,Indonesia (national),2013-08-01,M,monthly,57.9,percent
bi_consumer_survey.expenditure_share.consumption.above_rp5juta,0000,Indonesia (national),2013-09-01,M,monthly,59.0,percent
bi_consumer_survey.expenditure_share.consumption.above_rp5juta,0000,Indonesia (national),2013-10-01,M,monthly,61.2,percent
bi_consumer_survey.expenditure_share.consumption.above_rp5juta,0000,Indonesia (national),2013-11-01,M,monthly,63.8,percent
bi_consumer_survey.expenditure_share.consumption.above_rp5juta,0000,Indonesia (national),2013-12-01,M,monthly,63.4,percent
bi_consumer_survey.expenditure_share.consumption.above_rp5juta,0000,Indonesia (national),2014-01-01,M,monthly,63.3,percent
bi_consumer_survey.expenditure_share.consumption.above_rp5juta,0000,Indonesia (national),2014-02-01,M,monthly,62.7,percent
bi_consumer_survey.expenditure_share.consumption.above_rp5juta,0000,Indonesia (national),2014-03-01,M,monthly,64.4,percent
bi_consumer_survey.expenditure_share.consumption.above_rp5juta,0000,Indonesia (national),2014-04-01,M,monthly,61.7,percent
bi_consumer_survey.expenditure_share.consumption.above_rp5juta,0000,Indonesia (national),2014-05-01,M,monthly,56.8,percent
bi_consumer_survey.expenditure_share.consumption.above_rp5juta,0000,Indonesia (national),2014-06-01,M,monthly,60.7,percent
bi_consumer_survey.expenditure_share.consumption.above_rp5juta,0000,Indonesia (national),2014-07-01,M,monthly,63.7,percent
bi_consumer_survey.expenditure_share.consumption.above_rp5juta,0000,Indonesia (national),2014-08-01,M,monthly,63.9,percent
bi_consumer_survey.expenditure_share.consumption.above_rp5juta,0000,Indonesia (national),2014-09-01,M,monthly,61.4,percent
bi_consumer_survey.expenditure_share.consumption.above_rp5juta,0000,Indonesia (national),2014-10-01,M,monthly,61.5,percent
bi_consumer_survey.expenditure_share.consumption.above_rp5juta,0000,Indonesia (national),2014-11-01,M,monthly,62.4,percent
bi_consumer_survey.expenditure_share.consumption.above_rp5juta,0000,Indonesia (national),2014-12-01,M,monthly,61.3,percent
bi_consumer_survey.expenditure_share.consumption.above_rp5juta,0000,Indonesia (national),2015-01-01,M,monthly,60.0,percent
bi_consumer_survey.expenditure_share.consumption.above_rp5juta,0000,Indonesia (national),2015-02-01,M,monthly,64.5,percent
bi_consumer_survey.expenditure_share.consumption.above_rp5juta,0000,Indonesia (national),2015-03-01,M,monthly,64.7,percent
bi_consumer_survey.expenditure_share.consumption.above_rp5juta,0000,Indonesia (national),2015-04-01,M,monthly,58.7,percent
bi_consumer_survey.expenditure_share.consumption.above_rp5juta,0000,Indonesia (national),2015-05-01,M,monthly,60.5,percent
bi_consumer_survey.expenditure_share.consumption.above_rp5juta,0000,Indonesia (national),2015-06-01,M,monthly,58.7,percent
bi_consumer_survey.expenditure_share.consumption.above_rp5juta,0000,Indonesia (national),2015-07-01,M,monthly,60.6,percent
bi_consumer_survey.expenditure_share.consumption.above_rp5juta,0000,Indonesia (national),2015-08-01,M,monthly,61.8,percent
bi_consumer_survey.expenditure_share.consumption.above_rp5juta,0000,Indonesia (national),2015-09-01,M,monthly,63.0,percent
bi_consumer_survey.expenditure_share.consumption.above_rp5juta,0000,Indonesia (national),2015-10-01,M,monthly,64.7,percent
bi_consumer_survey.expenditure_share.consumption.above_rp5juta,0000,Indonesia (national),2015-11-01,M,monthly,63.0,percent
bi_consumer_survey.expenditure_share.consumption.above_rp5juta,0000,Indonesia (national),2015-12-01,M,monthly,64.1,percent
bi_consumer_survey.expenditure_share.consumption.above_rp5juta,0000,Indonesia (national),2016-01-01,M,monthly,59.1,percent
bi_consumer_survey.expenditure_share.consumption.above_rp5juta,0000,Indonesia (national),2016-02-01,M,monthly,61.5,percent
bi_consumer_survey.expenditure_share.consumption.above_rp5juta,0000,Indonesia (national),2016-03-01,M,monthly,62.2,percent
bi_consumer_survey.expenditure_share.consumption.above_rp5juta,0000,Indonesia (national),2016-04-01,M,monthly,62.7,percent
bi_consumer_survey.expenditure_share.consumption.above_rp5juta,0000,Indonesia (national),2016-05-01,M,monthly,60.7,percent
bi_consumer_survey.expenditure_share.consumption.above_rp5juta,0000,Indonesia (national),2016-06-01,M,monthly,61.9,percent
bi_consumer_survey.expenditure_share.consumption.above_rp5juta,0000,Indonesia (national),2016-07-01,M,monthly,61.0,percent
bi_consumer_survey.expenditure_share.consumption.above_rp5juta,0000,Indonesia (national),2016-08-01,M,monthly,65.2,percent
bi_consumer_survey.expenditure_share.consumption.above_rp5juta,0000,Indonesia (national),2016-09-01,M,monthly,63.0,percent
bi_consumer_survey.expenditure_share.consumption.above_rp5juta,0000,Indonesia (national),2016-10-01,M,monthly,65.8,percent
bi_consumer_survey.expenditure_share.consumption.above_rp5juta,0000,Indonesia (national),2016-11-01,M,monthly,65.5,percent
bi_consumer_survey.expenditure_share.consumption.above_rp5juta,0000,Indonesia (national),2016-12-01,M,monthly,62.3,percent
bi_consumer_survey.expenditure_share.consumption.above_rp5juta,0000,Indonesia (national),2017-01-01,M,monthly,58.3,percent
bi_consumer_survey.expenditure_share.consumption.above_rp5juta,0000,Indonesia (national),2017-02-01,M,monthly,61.1,percent
bi_consumer_survey.expenditure_share.consumption.above_rp5juta,0000,Indonesia (national),2017-03-01,M,monthly,61.7,percent
bi_consumer_survey.expenditure_share.consumption.above_rp5juta,0000,Indonesia (national),2017-04-01,M,monthly,59.4,percent
bi_consumer_survey.expenditure_share.consumption.above_rp5juta,0000,Indonesia (national),2017-05-01,M,monthly,60.9,percent
bi_consumer_survey.expenditure_share.consumption.above_rp5juta,0000,Indonesia (national),2017-06-01,M,monthly,61.6,percent
bi_consumer_survey.expenditure_share.consumption.above_rp5juta,0000,Indonesia (national),2017-07-01,M,monthly,59.7,percent
bi_consumer_survey.expenditure_share.consumption.above_rp5juta,0000,Indonesia (national),2017-08-01,M,monthly,58.9,percent
bi_consumer_survey.expenditure_share.consumption.above_rp5juta,0000,Indonesia (national),2017-09-01,M,monthly,60.7,percent
bi_consumer_survey.expenditure_share.consumption.above_rp5juta,0000,Indonesia (national),2017-10-01,M,monthly,60.6,percent
bi_consumer_survey.expenditure_share.consumption.above_rp5juta,0000,Indonesia (national),2017-11-01,M,monthly,59.4,percent
bi_consumer_survey.expenditure_share.consumption.above_rp5juta,0000,Indonesia (national),2017-12-01,M,monthly,59.9,percent
bi_consumer_survey.expenditure_share.consumption.above_rp5juta,0000,Indonesia (national),2018-01-01,M,monthly,61.6,percent
bi_consumer_survey.expenditure_share.consumption.above_rp5juta,0000,Indonesia (national),2018-02-01,M,monthly,60.0,percent
bi_consumer_survey.expenditure_share.consumption.above_rp5juta,0000,Indonesia (national),2018-03-01,M,monthly,59.6,percent
bi_consumer_survey.expenditure_share.consumption.above_rp5juta,0000,Indonesia (national),2018-04-01,M,monthly,63.5,percent
bi_consumer_survey.expenditure_share.consumption.above_rp5juta,0000,Indonesia (national),2018-05-01,M,monthly,62.7,percent
bi_consumer_survey.expenditure_share.consumption.above_rp5juta,0000,Indonesia (national),2018-06-01,M,monthly,59.6,percent
bi_consumer_survey.expenditure_share.consumption.above_rp5juta,0000,Indonesia (national),2018-07-01,M,monthly,61.3,percent
bi_consumer_survey.expenditure_share.consumption.above_rp5juta,0000,Indonesia (national),2018-08-01,M,monthly,59.9,percent
bi_consumer_survey.expenditure_share.consumption.above_rp5juta,0000,Indonesia (national),2018-09-01,M,monthly,61.0,percent
bi_consumer_survey.expenditure_share.consumption.above_rp5juta,0000,Indonesia (national),2018-10-01,M,monthly,60.9,percent
bi_consumer_survey.expenditure_share.consumption.above_rp5juta,0000,Indonesia (national),2018-11-01,M,monthly,63.4,percent
bi_consumer_survey.expenditure_share.consumption.above_rp5juta,0000,Indonesia (national),2018-12-01,M,monthly,60.9,percent
bi_consumer_survey.expenditure_share.consumption.above_rp5juta,0000,Indonesia (national),2019-01-01,M,monthly,62.5,percent
bi_consumer_survey.expenditure_share.consumption.above_rp5juta,0000,Indonesia (national),2019-02-01,M,monthly,63.8,percent
bi_consumer_survey.expenditure_share.consumption.above_rp5juta,0000,Indonesia (national),2019-03-01,M,monthly,63.5,percent
bi_consumer_survey.expenditure_share.consumption.above_rp5juta,0000,Indonesia (national),2019-04-01,M,monthly,62.8,percent
bi_consumer_survey.expenditure_share.consumption.above_rp5juta,0000,Indonesia (national),2019-05-01,M,monthly,63.3,percent
bi_consumer_survey.expenditure_share.consumption.above_rp5juta,0000,Indonesia (national),2019-06-01,M,monthly,63.9,percent
bi_consumer_survey.expenditure_share.consumption.above_rp5juta,0000,Indonesia (national),2019-07-01,M,monthly,62.9,percent
bi_consumer_survey.expenditure_share.consumption.above_rp5juta,0000,Indonesia (national),2019-08-01,M,monthly,59.6,percent
bi_consumer_survey.expenditure_share.consumption.above_rp5juta,0000,Indonesia (national),2019-09-01,M,monthly,63.2,percent
bi_consumer_survey.expenditure_share.consumption.above_rp5juta,0000,Indonesia (national),2019-10-01,M,monthly,62.4,percent
bi_consumer_survey.expenditure_share.consumption.above_rp5juta,0000,Indonesia (national),2019-11-01,M,monthly,64.2,percent
bi_consumer_survey.expenditure_share.consumption.above_rp5juta,0000,Indonesia (national),2019-12-01,M,monthly,63.8,percent
bi_consumer_survey.expenditure_share.consumption.above_rp5juta,0000,Indonesia (national),2020-01-01,M,monthly,63.0,percent
bi_consumer_survey.expenditure_share.consumption.above_rp5juta,0000,Indonesia (national),2020-02-01,M,monthly,64.8,percent
bi_consumer_survey.expenditure_share.consumption.above_rp5juta,0000,Indonesia (national),2020-03-01,M,monthly,64.5,percent
bi_consumer_survey.expenditure_share.consumption.above_rp5juta,0000,Indonesia (national),2020-08-01,M,monthly,64.0,percent
bi_consumer_survey.expenditure_share.consumption.above_rp5juta,0000,Indonesia (national),2020-09-01,M,monthly,66.7,percent
bi_consumer_survey.expenditure_share.consumption.above_rp5juta,0000,Indonesia (national),2020-10-01,M,monthly,65.9,percent
bi_consumer_survey.expenditure_share.consumption.above_rp5juta,0000,Indonesia (national),2020-11-01,M,monthly,64.4,percent
bi_consumer_survey.expenditure_share.consumption.above_rp5juta,0000,Indonesia (national),2020-12-01,M,monthly,63.2,percent
bi_consumer_survey.expenditure_share.consumption.above_rp5juta,0000,Indonesia (national),2021-01-01,M,monthly,64.9,percent
bi_consumer_survey.expenditure_share.consumption.above_rp5juta,0000,Indonesia (national),2021-02-01,M,monthly,67.6,percent
bi_consumer_survey.expenditure_share.consumption.above_rp5juta,0000,Indonesia (national),2021-03-01,M,monthly,68.4,percent
bi_consumer_survey.expenditure_share.consumption.above_rp5juta,0000,Indonesia (national),2021-04-01,M,monthly,71.4,percent
bi_consumer_survey.expenditure_share.consumption.above_rp5juta,0000,Indonesia (national),2021-05-01,M,monthly,69.7,percent
bi_consumer_survey.expenditure_share.consumption.above_rp5juta,0000,Indonesia (national),2021-06-01,M,monthly,72.5,percent
bi_consumer_survey.expenditure_share.consumption.above_rp5juta,0000,Indonesia (national),2021-07-01,M,monthly,68.1,percent
bi_consumer_survey.expenditure_share.consumption.above_rp5juta,0000,Indonesia (national),2021-08-01,M,monthly,67.1,percent
bi_consumer_survey.expenditure_share.consumption.above_rp5juta,0000,Indonesia (national),2021-09-01,M,monthly,69.0,percent
bi_consumer_survey.expenditure_share.consumption.above_rp5juta,0000,Indonesia (national),2021-10-01,M,monthly,70.0,percent
bi_consumer_survey.expenditure_share.consumption.above_rp5juta,0000,Indonesia (national),2021-11-01,M,monthly,69.6,percent
bi_consumer_survey.expenditure_share.consumption.above_rp5juta,0000,Indonesia (national),2021-12-01,M,monthly,70.3,percent
bi_consumer_survey.expenditure_share.consumption.above_rp5juta,0000,Indonesia (national),2022-01-01,M,monthly,68.8,percent
bi_consumer_survey.expenditure_share.consumption.above_rp5juta,0000,Indonesia (national),2022-02-01,M,monthly,67.3,percent
bi_consumer_survey.expenditure_share.consumption.above_rp5juta,0000,Indonesia (national),2022-03-01,M,monthly,68.4,percent
bi_consumer_survey.expenditure_share.consumption.above_rp5juta,0000,Indonesia (national),2022-04-01,M,monthly,68.1,percent
bi_consumer_survey.expenditure_share.consumption.above_rp5juta,0000,Indonesia (national),2022-05-01,M,monthly,68.8,percent
bi_consumer_survey.expenditure_share.consumption.above_rp5juta,0000,Indonesia (national),2022-06-01,M,monthly,70.3,percent
bi_consumer_survey.expenditure_share.consumption.above_rp5juta,0000,Indonesia (national),2022-07-01,M,monthly,65.8,percent
bi_consumer_survey.expenditure_share.consumption.above_rp5juta,0000,Indonesia (national),2022-08-01,M,monthly,66.1,percent
bi_consumer_survey.expenditure_share.consumption.above_rp5juta,0000,Indonesia (national),2022-09-01,M,monthly,68.1,percent
bi_consumer_survey.expenditure_share.consumption.above_rp5juta,0000,Indonesia (national),2022-10-01,M,monthly,71.0,percent
bi_consumer_survey.expenditure_share.consumption.above_rp5juta,0000,Indonesia (national),2022-11-01,M,monthly,69.9,percent
bi_consumer_survey.expenditure_share.consumption.above_rp5juta,0000,Indonesia (national),2022-12-01,M,monthly,68.4,percent
bi_consumer_survey.expenditure_share.consumption.above_rp5juta,0000,Indonesia (national),2023-01-01,M,monthly,65.4,percent
bi_consumer_survey.expenditure_share.consumption.above_rp5juta,0000,Indonesia (national),2023-02-01,M,monthly,67.8,percent
bi_consumer_survey.expenditure_share.consumption.above_rp5juta,0000,Indonesia (national),2023-03-01,M,monthly,69.3,percent
bi_consumer_survey.expenditure_share.consumption.above_rp5juta,0000,Indonesia (national),2023-04-01,M,monthly,70.2,percent
bi_consumer_survey.expenditure_share.consumption.above_rp5juta,0000,Indonesia (national),2023-05-01,M,monthly,68.0,percent
bi_consumer_survey.expenditure_share.consumption.above_rp5juta,0000,Indonesia (national),2023-06-01,M,monthly,70.9,percent
bi_consumer_survey.expenditure_share.consumption.above_rp5juta,0000,Indonesia (national),2023-07-01,M,monthly,69.3,percent
bi_consumer_survey.expenditure_share.consumption.above_rp5juta,0000,Indonesia (national),2023-08-01,M,monthly,69.5,percent
bi_consumer_survey.expenditure_share.consumption.above_rp5juta,0000,Indonesia (national),2023-09-01,M,monthly,68.3,percent
bi_consumer_survey.expenditure_share.consumption.above_rp5juta,0000,Indonesia (national),2023-10-01,M,monthly,68.4,percent
bi_consumer_survey.expenditure_share.consumption.above_rp5juta,0000,Indonesia (national),2023-11-01,M,monthly,72.6,percent
bi_consumer_survey.expenditure_share.consumption.above_rp5juta,0000,Indonesia (national),2023-12-01,M,monthly,71.2,percent
bi_consumer_survey.expenditure_share.consumption.above_rp5juta,0000,Indonesia (national),2024-01-01,M,monthly,66.1,percent
bi_consumer_survey.expenditure_share.consumption.above_rp5juta,0000,Indonesia (national),2024-02-01,M,monthly,66.3,percent
bi_consumer_survey.expenditure_share.consumption.above_rp5juta,0000,Indonesia (national),2024-03-01,M,monthly,65.8,percent
bi_consumer_survey.expenditure_share.consumption.above_rp5juta,0000,Indonesia (national),2024-04-01,M,monthly,66.2,percent
bi_consumer_survey.expenditure_share.consumption.above_rp5juta,0000,Indonesia (national),2024-05-01,M,monthly,66.8,percent
bi_consumer_survey.expenditure_share.consumption.above_rp5juta,0000,Indonesia (national),2024-06-01,M,monthly,67.4,percent
bi_consumer_survey.expenditure_share.consumption.above_rp5juta,0000,Indonesia (national),2024-07-01,M,monthly,65.9,percent
bi_consumer_survey.expenditure_share.consumption.above_rp5juta,0000,Indonesia (national),2024-08-01,M,monthly,67.4,percent
bi_consumer_survey.expenditure_share.consumption.above_rp5juta,0000,Indonesia (national),2024-09-01,M,monthly,69.2,percent
bi_consumer_survey.expenditure_share.consumption.above_rp5juta,0000,Indonesia (national),2024-10-01,M,monthly,68.5,percent
bi_consumer_survey.expenditure_share.consumption.above_rp5juta,0000,Indonesia (national),2024-11-01,M,monthly,68.6,percent
bi_consumer_survey.expenditure_share.consumption.above_rp5juta,0000,Indonesia (national),2024-12-01,M,monthly,68.6,percent
bi_consumer_survey.expenditure_share.consumption.above_rp5juta,0000,Indonesia (national),2025-01-01,M,monthly,69.4,percent
bi_consumer_survey.expenditure_share.consumption.above_rp5juta,0000,Indonesia (national),2025-02-01,M,monthly,67.9,percent
bi_consumer_survey.expenditure_share.consumption.above_rp5juta,0000,Indonesia (national),2025-03-01,M,monthly,70.8,percent
bi_consumer_survey.expenditure_share.consumption.above_rp5juta,0000,Indonesia (national),2025-04-01,M,monthly,70.8,percent
bi_consumer_survey.expenditure_share.consumption.above_rp5juta,0000,Indonesia (national),2025-05-01,M,monthly,71.3,percent
bi_consumer_survey.expenditure_share.consumption.above_rp5juta,0000,Indonesia (national),2025-06-01,M,monthly,70.7,percent
bi_consumer_survey.expenditure_share.consumption.above_rp5juta,0000,Indonesia (national),2025-07-01,M,monthly,70.8,percent
bi_consumer_survey.expenditure_share.consumption.above_rp5juta,0000,Indonesia (national),2025-08-01,M,monthly,71.0,percent
bi_consumer_survey.expenditure_share.consumption.above_rp5juta,0000,Indonesia (national),2025-09-01,M,monthly,71.8,percent
bi_consumer_survey.expenditure_share.consumption.above_rp5juta,0000,Indonesia (national),2025-10-01,M,monthly,70.5,percent
bi_consumer_survey.expenditure_share.consumption.above_rp5juta,0000,Indonesia (national),2025-11-01,M,monthly,71.4,percent
bi_consumer_survey.expenditure_share.consumption.above_rp5juta,0000,Indonesia (national),2025-12-01,M,monthly,70.8,percent
bi_consumer_survey.expenditure_share.consumption.above_rp5juta,0000,Indonesia (national),2026-01-01,M,monthly,70.1,percent
bi_consumer_survey.expenditure_share.consumption.above_rp5juta,0000,Indonesia (national),2026-02-01,M,monthly,68.8,percent
bi_consumer_survey.expenditure_share.consumption.above_rp5juta,0000,Indonesia (national),2026-03-01,M,monthly,70.4,percent
bi_consumer_survey.expenditure_share.consumption.above_rp5juta,0000,Indonesia (national),2026-04-01,M,monthly,69.9,percent
bi_consumer_survey.expenditure_share.consumption.above_rp5juta,0000,Indonesia (national),2026-05-01,M,monthly,69.7,percent
bi_consumer_survey.expenditure_share.consumption.above_rp5juta,0000,Indonesia (national),2026-06-01,M,monthly,70.9,percent
bi_consumer_survey.expenditure_share.consumption.above_rp5juta,0000,Indonesia (national),2026-07-01,M,monthly,69.0,percent
bi_consumer_survey.expenditure_share.consumption.above_rp5juta,0000,Indonesia (national),2026-08-01,M,monthly,71.4,percent
bi_consumer_survey.expenditure_share.consumption.rp1_2juta,0000,Indonesia (national),2012-01-01,M,monthly,69.1,percent
bi_consumer_survey.expenditure_share.consumption.rp1_2juta,0000,Indonesia (national),2012-02-01,M,monthly,69.4,percent
bi_consumer_survey.expenditure_share.consumption.rp1_2juta,0000,Indonesia (national),2012-03-01,M,monthly,69.1,percent
bi_consumer_survey.expenditure_share.consumption.rp1_2juta,0000,Indonesia (national),2012-04-01,M,monthly,69.8,percent
bi_consumer_survey.expenditure_share.consumption.rp1_2juta,0000,Indonesia (national),2012-05-01,M,monthly,67.8,percent
bi_consumer_survey.expenditure_share.consumption.rp1_2juta,0000,Indonesia (national),2012-06-01,M,monthly,68.5,percent
bi_consumer_survey.expenditure_share.consumption.rp1_2juta,0000,Indonesia (national),2012-07-01,M,monthly,69.5,percent
bi_consumer_survey.expenditure_share.consumption.rp1_2juta,0000,Indonesia (national),2012-08-01,M,monthly,69.3,percent
bi_consumer_survey.expenditure_share.consumption.rp1_2juta,0000,Indonesia (national),2012-09-01,M,monthly,70.1,percent
bi_consumer_survey.expenditure_share.consumption.rp1_2juta,0000,Indonesia (national),2012-10-01,M,monthly,70.5,percent
bi_consumer_survey.expenditure_share.consumption.rp1_2juta,0000,Indonesia (national),2012-11-01,M,monthly,68.0,percent
bi_consumer_survey.expenditure_share.consumption.rp1_2juta,0000,Indonesia (national),2012-12-01,M,monthly,68.4,percent
bi_consumer_survey.expenditure_share.consumption.rp1_2juta,0000,Indonesia (national),2013-01-01,M,monthly,69.0,percent
bi_consumer_survey.expenditure_share.consumption.rp1_2juta,0000,Indonesia (national),2013-02-01,M,monthly,68.5,percent
bi_consumer_survey.expenditure_share.consumption.rp1_2juta,0000,Indonesia (national),2013-03-01,M,monthly,68.9,percent
bi_consumer_survey.expenditure_share.consumption.rp1_2juta,0000,Indonesia (national),2013-04-01,M,monthly,71.2,percent
bi_consumer_survey.expenditure_share.consumption.rp1_2juta,0000,Indonesia (national),2013-05-01,M,monthly,69.3,percent
bi_consumer_survey.expenditure_share.consumption.rp1_2juta,0000,Indonesia (national),2013-06-01,M,monthly,67.1,percent
bi_consumer_survey.expenditure_share.consumption.rp1_2juta,0000,Indonesia (national),2013-07-01,M,monthly,70.0,percent
bi_consumer_survey.expenditure_share.consumption.rp1_2juta,0000,Indonesia (national),2013-08-01,M,monthly,71.1,percent
bi_consumer_survey.expenditure_share.consumption.rp1_2juta,0000,Indonesia (national),2013-09-01,M,monthly,72.6,percent
bi_consumer_survey.expenditure_share.consumption.rp1_2juta,0000,Indonesia (national),2013-10-01,M,monthly,70.2,percent
bi_consumer_survey.expenditure_share.consumption.rp1_2juta,0000,Indonesia (national),2013-11-01,M,monthly,72.6,percent
bi_consumer_survey.expenditure_share.consumption.rp1_2juta,0000,Indonesia (national),2013-12-01,M,monthly,68.9,percent
bi_consumer_survey.expenditure_share.consumption.rp1_2juta,0000,Indonesia (national),2014-01-01,M,monthly,70.1,percent
bi_consumer_survey.expenditure_share.consumption.rp1_2juta,0000,Indonesia (national),2014-02-01,M,monthly,69.9,percent
bi_consumer_survey.expenditure_share.consumption.rp1_2juta,0000,Indonesia (national),2014-03-01,M,monthly,71.1,percent
bi_consumer_survey.expenditure_share.consumption.rp1_2juta,0000,Indonesia (national),2014-04-01,M,monthly,71.4,percent
bi_consumer_survey.expenditure_share.consumption.rp1_2juta,0000,Indonesia (national),2014-05-01,M,monthly,68.3,percent
bi_consumer_survey.expenditure_share.consumption.rp1_2juta,0000,Indonesia (national),2014-06-01,M,monthly,70.6,percent
bi_consumer_survey.expenditure_share.consumption.rp1_2juta,0000,Indonesia (national),2014-07-01,M,monthly,70.1,percent
bi_consumer_survey.expenditure_share.consumption.rp1_2juta,0000,Indonesia (national),2014-08-01,M,monthly,68.4,percent
bi_consumer_survey.expenditure_share.consumption.rp1_2juta,0000,Indonesia (national),2014-09-01,M,monthly,70.3,percent
bi_consumer_survey.expenditure_share.consumption.rp1_2juta,0000,Indonesia (national),2014-10-01,M,monthly,70.6,percent
bi_consumer_survey.expenditure_share.consumption.rp1_2juta,0000,Indonesia (national),2014-11-01,M,monthly,71.3,percent
bi_consumer_survey.expenditure_share.consumption.rp1_2juta,0000,Indonesia (national),2014-12-01,M,monthly,71.6,percent
bi_consumer_survey.expenditure_share.consumption.rp1_2juta,0000,Indonesia (national),2015-01-01,M,monthly,69.3,percent
bi_consumer_survey.expenditure_share.consumption.rp1_2juta,0000,Indonesia (national),2015-02-01,M,monthly,68.2,percent
bi_consumer_survey.expenditure_share.consumption.rp1_2juta,0000,Indonesia (national),2015-03-01,M,monthly,65.2,percent
bi_consumer_survey.expenditure_share.consumption.rp1_2juta,0000,Indonesia (national),2015-04-01,M,monthly,67.6,percent
bi_consumer_survey.expenditure_share.consumption.rp1_2juta,0000,Indonesia (national),2015-05-01,M,monthly,70.9,percent
bi_consumer_survey.expenditure_share.consumption.rp1_2juta,0000,Indonesia (national),2015-06-01,M,monthly,69.3,percent
bi_consumer_survey.expenditure_share.consumption.rp1_2juta,0000,Indonesia (national),2015-07-01,M,monthly,68.2,percent
bi_consumer_survey.expenditure_share.consumption.rp1_2juta,0000,Indonesia (national),2015-08-01,M,monthly,66.6,percent
bi_consumer_survey.expenditure_share.consumption.rp1_2juta,0000,Indonesia (national),2015-09-01,M,monthly,69.5,percent
bi_consumer_survey.expenditure_share.consumption.rp1_2juta,0000,Indonesia (national),2015-10-01,M,monthly,69.7,percent
bi_consumer_survey.expenditure_share.consumption.rp1_2juta,0000,Indonesia (national),2015-11-01,M,monthly,70.8,percent
bi_consumer_survey.expenditure_share.consumption.rp1_2juta,0000,Indonesia (national),2015-12-01,M,monthly,72.4,percent
bi_consumer_survey.expenditure_share.consumption.rp1_2juta,0000,Indonesia (national),2016-01-01,M,monthly,70.4,percent
bi_consumer_survey.expenditure_share.consumption.rp1_2juta,0000,Indonesia (national),2016-02-01,M,monthly,71.8,percent
bi_consumer_survey.expenditure_share.consumption.rp1_2juta,0000,Indonesia (national),2016-03-01,M,monthly,73.0,percent
bi_consumer_survey.expenditure_share.consumption.rp1_2juta,0000,Indonesia (national),2016-04-01,M,monthly,71.2,percent
bi_consumer_survey.expenditure_share.consumption.rp1_2juta,0000,Indonesia (national),2016-05-01,M,monthly,71.9,percent
bi_consumer_survey.expenditure_share.consumption.rp1_2juta,0000,Indonesia (national),2016-06-01,M,monthly,72.6,percent
bi_consumer_survey.expenditure_share.consumption.rp1_2juta,0000,Indonesia (national),2016-07-01,M,monthly,71.4,percent
bi_consumer_survey.expenditure_share.consumption.rp1_2juta,0000,Indonesia (national),2016-08-01,M,monthly,75.7,percent
bi_consumer_survey.expenditure_share.consumption.rp1_2juta,0000,Indonesia (national),2016-09-01,M,monthly,74.6,percent
bi_consumer_survey.expenditure_share.consumption.rp1_2juta,0000,Indonesia (national),2016-10-01,M,monthly,73.0,percent
bi_consumer_survey.expenditure_share.consumption.rp1_2juta,0000,Indonesia (national),2016-11-01,M,monthly,75.7,percent
bi_consumer_survey.expenditure_share.consumption.rp1_2juta,0000,Indonesia (national),2016-12-01,M,monthly,72.0,percent
bi_consumer_survey.expenditure_share.consumption.rp1_2juta,0000,Indonesia (national),2017-01-01,M,monthly,65.9,percent
bi_consumer_survey.expenditure_share.consumption.rp1_2juta,0000,Indonesia (national),2017-02-01,M,monthly,69.3,percent
bi_consumer_survey.expenditure_share.consumption.rp1_2juta,0000,Indonesia (national),2017-03-01,M,monthly,69.4,percent
bi_consumer_survey.expenditure_share.consumption.rp1_2juta,0000,Indonesia (national),2017-04-01,M,monthly,69.0,percent
bi_consumer_survey.expenditure_share.consumption.rp1_2juta,0000,Indonesia (national),2017-05-01,M,monthly,67.0,percent
bi_consumer_survey.expenditure_share.consumption.rp1_2juta,0000,Indonesia (national),2017-06-01,M,monthly,69.1,percent
bi_consumer_survey.expenditure_share.consumption.rp1_2juta,0000,Indonesia (national),2017-07-01,M,monthly,66.4,percent
bi_consumer_survey.expenditure_share.consumption.rp1_2juta,0000,Indonesia (national),2017-08-01,M,monthly,68.5,percent
bi_consumer_survey.expenditure_share.consumption.rp1_2juta,0000,Indonesia (national),2017-09-01,M,monthly,68.4,percent
bi_consumer_survey.expenditure_share.consumption.rp1_2juta,0000,Indonesia (national),2017-10-01,M,monthly,68.6,percent
bi_consumer_survey.expenditure_share.consumption.rp1_2juta,0000,Indonesia (national),2017-11-01,M,monthly,70.6,percent
bi_consumer_survey.expenditure_share.consumption.rp1_2juta,0000,Indonesia (national),2017-12-01,M,monthly,68.1,percent
bi_consumer_survey.expenditure_share.consumption.rp1_2juta,0000,Indonesia (national),2018-01-01,M,monthly,67.0,percent
bi_consumer_survey.expenditure_share.consumption.rp1_2juta,0000,Indonesia (national),2018-02-01,M,monthly,67.4,percent
bi_consumer_survey.expenditure_share.consumption.rp1_2juta,0000,Indonesia (national),2018-03-01,M,monthly,69.5,percent
bi_consumer_survey.expenditure_share.consumption.rp1_2juta,0000,Indonesia (national),2018-04-01,M,monthly,69.7,percent
bi_consumer_survey.expenditure_share.consumption.rp1_2juta,0000,Indonesia (national),2018-05-01,M,monthly,69.9,percent
bi_consumer_survey.expenditure_share.consumption.rp1_2juta,0000,Indonesia (national),2018-06-01,M,monthly,68.2,percent
bi_consumer_survey.expenditure_share.consumption.rp1_2juta,0000,Indonesia (national),2018-07-01,M,monthly,70.4,percent
bi_consumer_survey.expenditure_share.consumption.rp1_2juta,0000,Indonesia (national),2018-08-01,M,monthly,68.9,percent
bi_consumer_survey.expenditure_share.consumption.rp1_2juta,0000,Indonesia (national),2018-09-01,M,monthly,68.8,percent
bi_consumer_survey.expenditure_share.consumption.rp1_2juta,0000,Indonesia (national),2018-10-01,M,monthly,68.2,percent
bi_consumer_survey.expenditure_share.consumption.rp1_2juta,0000,Indonesia (national),2018-11-01,M,monthly,70.8,percent
bi_consumer_survey.expenditure_share.consumption.rp1_2juta,0000,Indonesia (national),2018-12-01,M,monthly,70.2,percent
bi_consumer_survey.expenditure_share.consumption.rp1_2juta,0000,Indonesia (national),2019-01-01,M,monthly,71.4,percent
bi_consumer_survey.expenditure_share.consumption.rp1_2juta,0000,Indonesia (national),2019-02-01,M,monthly,69.9,percent
bi_consumer_survey.expenditure_share.consumption.rp1_2juta,0000,Indonesia (national),2019-03-01,M,monthly,72.6,percent
bi_consumer_survey.expenditure_share.consumption.rp1_2juta,0000,Indonesia (national),2019-04-01,M,monthly,71.2,percent
bi_consumer_survey.expenditure_share.consumption.rp1_2juta,0000,Indonesia (national),2019-05-01,M,monthly,71.5,percent
bi_consumer_survey.expenditure_share.consumption.rp1_2juta,0000,Indonesia (national),2019-06-01,M,monthly,71.8,percent
bi_consumer_survey.expenditure_share.consumption.rp1_2juta,0000,Indonesia (national),2019-07-01,M,monthly,72.1,percent
bi_consumer_survey.expenditure_share.consumption.rp1_2juta,0000,Indonesia (national),2019-08-01,M,monthly,70.6,percent
bi_consumer_survey.expenditure_share.consumption.rp1_2juta,0000,Indonesia (national),2019-09-01,M,monthly,72.2,percent
bi_consumer_survey.expenditure_share.consumption.rp1_2juta,0000,Indonesia (national),2019-10-01,M,monthly,71.8,percent
bi_consumer_survey.expenditure_share.consumption.rp1_2juta,0000,Indonesia (national),2019-11-01,M,monthly,73.6,percent
bi_consumer_survey.expenditure_share.consumption.rp1_2juta,0000,Indonesia (national),2019-12-01,M,monthly,72.7,percent
bi_consumer_survey.expenditure_share.consumption.rp1_2juta,0000,Indonesia (national),2020-01-01,M,monthly,70.2,percent
bi_consumer_survey.expenditure_share.consumption.rp1_2juta,0000,Indonesia (national),2020-02-01,M,monthly,73.0,percent
bi_consumer_survey.expenditure_share.consumption.rp1_2juta,0000,Indonesia (national),2020-03-01,M,monthly,73.0,percent
bi_consumer_survey.expenditure_share.consumption.rp1_2juta,0000,Indonesia (national),2020-08-01,M,monthly,68.5,percent
bi_consumer_survey.expenditure_share.consumption.rp1_2juta,0000,Indonesia (national),2020-09-01,M,monthly,69.0,percent
bi_consumer_survey.expenditure_share.consumption.rp1_2juta,0000,Indonesia (national),2020-10-01,M,monthly,69.0,percent
bi_consumer_survey.expenditure_share.consumption.rp1_2juta,0000,Indonesia (national),2020-11-01,M,monthly,68.9,percent
bi_consumer_survey.expenditure_share.consumption.rp1_2juta,0000,Indonesia (national),2020-12-01,M,monthly,70.9,percent
bi_consumer_survey.expenditure_share.consumption.rp1_2juta,0000,Indonesia (national),2021-01-01,M,monthly,75.2,percent
bi_consumer_survey.expenditure_share.consumption.rp1_2juta,0000,Indonesia (national),2021-02-01,M,monthly,74.5,percent
bi_consumer_survey.expenditure_share.consumption.rp1_2juta,0000,Indonesia (national),2021-03-01,M,monthly,75.7,percent
bi_consumer_survey.expenditure_share.consumption.rp1_2juta,0000,Indonesia (national),2021-04-01,M,monthly,74.9,percent
bi_consumer_survey.expenditure_share.consumption.rp1_2juta,0000,Indonesia (national),2021-05-01,M,monthly,76.5,percent
bi_consumer_survey.expenditure_share.consumption.rp1_2juta,0000,Indonesia (national),2021-06-01,M,monthly,75.6,percent
bi_consumer_survey.expenditure_share.consumption.rp1_2juta,0000,Indonesia (national),2021-07-01,M,monthly,76.7,percent
bi_consumer_survey.expenditure_share.consumption.rp1_2juta,0000,Indonesia (national),2021-08-01,M,monthly,76.8,percent
bi_consumer_survey.expenditure_share.consumption.rp1_2juta,0000,Indonesia (national),2021-09-01,M,monthly,77.9,percent
bi_consumer_survey.expenditure_share.consumption.rp1_2juta,0000,Indonesia (national),2021-10-01,M,monthly,76.7,percent
bi_consumer_survey.expenditure_share.consumption.rp1_2juta,0000,Indonesia (national),2021-11-01,M,monthly,76.8,percent
bi_consumer_survey.expenditure_share.consumption.rp1_2juta,0000,Indonesia (national),2021-12-01,M,monthly,76.1,percent
bi_consumer_survey.expenditure_share.consumption.rp1_2juta,0000,Indonesia (national),2022-01-01,M,monthly,75.1,percent
bi_consumer_survey.expenditure_share.consumption.rp1_2juta,0000,Indonesia (national),2022-02-01,M,monthly,76.4,percent
bi_consumer_survey.expenditure_share.consumption.rp1_2juta,0000,Indonesia (national),2022-03-01,M,monthly,75.9,percent
bi_consumer_survey.expenditure_share.consumption.rp1_2juta,0000,Indonesia (national),2022-04-01,M,monthly,75.7,percent
bi_consumer_survey.expenditure_share.consumption.rp1_2juta,0000,Indonesia (national),2022-05-01,M,monthly,75.7,percent
bi_consumer_survey.expenditure_share.consumption.rp1_2juta,0000,Indonesia (national),2022-06-01,M,monthly,74.7,percent
bi_consumer_survey.expenditure_share.consumption.rp1_2juta,0000,Indonesia (national),2022-07-01,M,monthly,73.9,percent
bi_consumer_survey.expenditure_share.consumption.rp1_2juta,0000,Indonesia (national),2022-08-01,M,monthly,75.0,percent
bi_consumer_survey.expenditure_share.consumption.rp1_2juta,0000,Indonesia (national),2022-09-01,M,monthly,76.4,percent
bi_consumer_survey.expenditure_share.consumption.rp1_2juta,0000,Indonesia (national),2022-10-01,M,monthly,75.7,percent
bi_consumer_survey.expenditure_share.consumption.rp1_2juta,0000,Indonesia (national),2022-11-01,M,monthly,77.0,percent
bi_consumer_survey.expenditure_share.consumption.rp1_2juta,0000,Indonesia (national),2022-12-01,M,monthly,75.5,percent
bi_consumer_survey.expenditure_share.consumption.rp1_2juta,0000,Indonesia (national),2023-01-01,M,monthly,75.0,percent
bi_consumer_survey.expenditure_share.consumption.rp1_2juta,0000,Indonesia (national),2023-02-01,M,monthly,76.3,percent
bi_consumer_survey.expenditure_share.consumption.rp1_2juta,0000,Indonesia (national),2023-03-01,M,monthly,76.0,percent
bi_consumer_survey.expenditure_share.consumption.rp1_2juta,0000,Indonesia (national),2023-04-01,M,monthly,75.7,percent
bi_consumer_survey.expenditure_share.consumption.rp1_2juta,0000,Indonesia (national),2023-05-01,M,monthly,76.9,percent
bi_consumer_survey.expenditure_share.consumption.rp1_2juta,0000,Indonesia (national),2023-06-01,M,monthly,76.1,percent
bi_consumer_survey.expenditure_share.consumption.rp1_2juta,0000,Indonesia (national),2023-07-01,M,monthly,77.5,percent
bi_consumer_survey.expenditure_share.consumption.rp1_2juta,0000,Indonesia (national),2023-08-01,M,monthly,77.6,percent
bi_consumer_survey.expenditure_share.consumption.rp1_2juta,0000,Indonesia (national),2023-09-01,M,monthly,78.1,percent
bi_consumer_survey.expenditure_share.consumption.rp1_2juta,0000,Indonesia (national),2023-10-01,M,monthly,76.7,percent
bi_consumer_survey.expenditure_share.consumption.rp1_2juta,0000,Indonesia (national),2023-11-01,M,monthly,75.8,percent
bi_consumer_survey.expenditure_share.consumption.rp1_2juta,0000,Indonesia (national),2023-12-01,M,monthly,75.2,percent
bi_consumer_survey.expenditure_share.consumption.rp1_2juta,0000,Indonesia (national),2024-01-01,M,monthly,77.8,percent
bi_consumer_survey.expenditure_share.consumption.rp1_2juta,0000,Indonesia (national),2024-02-01,M,monthly,73.9,percent
bi_consumer_survey.expenditure_share.consumption.rp1_2juta,0000,Indonesia (national),2024-03-01,M,monthly,76.6,percent
bi_consumer_survey.expenditure_share.consumption.rp1_2juta,0000,Indonesia (national),2024-04-01,M,monthly,74.7,percent
bi_consumer_survey.expenditure_share.consumption.rp1_2juta,0000,Indonesia (national),2024-05-01,M,monthly,75.0,percent
bi_consumer_survey.expenditure_share.consumption.rp1_2juta,0000,Indonesia (national),2024-06-01,M,monthly,75.8,percent
bi_consumer_survey.expenditure_share.consumption.rp1_2juta,0000,Indonesia (national),2024-07-01,M,monthly,76.5,percent
bi_consumer_survey.expenditure_share.consumption.rp1_2juta,0000,Indonesia (national),2024-08-01,M,monthly,73.5,percent
bi_consumer_survey.expenditure_share.consumption.rp1_2juta,0000,Indonesia (national),2024-09-01,M,monthly,76.0,percent
bi_consumer_survey.expenditure_share.consumption.rp1_2juta,0000,Indonesia (national),2024-10-01,M,monthly,76.2,percent
bi_consumer_survey.expenditure_share.consumption.rp1_2juta,0000,Indonesia (national),2024-11-01,M,monthly,76.3,percent
bi_consumer_survey.expenditure_share.consumption.rp1_2juta,0000,Indonesia (national),2024-12-01,M,monthly,76.7,percent
bi_consumer_survey.expenditure_share.consumption.rp1_2juta,0000,Indonesia (national),2025-01-01,M,monthly,75.0,percent
bi_consumer_survey.expenditure_share.consumption.rp1_2juta,0000,Indonesia (national),2025-02-01,M,monthly,76.2,percent
bi_consumer_survey.expenditure_share.consumption.rp1_2juta,0000,Indonesia (national),2025-03-01,M,monthly,79.0,percent
bi_consumer_survey.expenditure_share.consumption.rp1_2juta,0000,Indonesia (national),2025-04-01,M,monthly,78.1,percent
bi_consumer_survey.expenditure_share.consumption.rp1_2juta,0000,Indonesia (national),2025-05-01,M,monthly,77.3,percent
bi_consumer_survey.expenditure_share.consumption.rp1_2juta,0000,Indonesia (national),2025-06-01,M,monthly,76.0,percent
bi_consumer_survey.expenditure_share.consumption.rp1_2juta,0000,Indonesia (national),2025-07-01,M,monthly,78.4,percent
bi_consumer_survey.expenditure_share.consumption.rp1_2juta,0000,Indonesia (national),2025-08-01,M,monthly,76.5,percent
bi_consumer_survey.expenditure_share.consumption.rp1_2juta,0000,Indonesia (national),2025-09-01,M,monthly,78.0,percent
bi_consumer_survey.expenditure_share.consumption.rp1_2juta,0000,Indonesia (national),2025-10-01,M,monthly,76.5,percent
bi_consumer_survey.expenditure_share.consumption.rp1_2juta,0000,Indonesia (national),2025-11-01,M,monthly,76.5,percent
bi_consumer_survey.expenditure_share.consumption.rp1_2juta,0000,Indonesia (national),2025-12-01,M,monthly,77.3,percent
bi_consumer_survey.expenditure_share.consumption.rp1_2juta,0000,Indonesia (national),2026-01-01,M,monthly,74.5,percent
bi_consumer_survey.expenditure_share.consumption.rp1_2juta,0000,Indonesia (national),2026-02-01,M,monthly,72.9,percent
bi_consumer_survey.expenditure_share.consumption.rp1_2juta,0000,Indonesia (national),2026-03-01,M,monthly,75.5,percent
bi_consumer_survey.expenditure_share.consumption.rp1_2juta,0000,Indonesia (national),2026-04-01,M,monthly,74.6,percent
bi_consumer_survey.expenditure_share.consumption.rp1_2juta,0000,Indonesia (national),2026-05-01,M,monthly,76.7,percent
bi_consumer_survey.expenditure_share.consumption.rp1_2juta,0000,Indonesia (national),2026-06-01,M,monthly,74.6,percent
bi_consumer_survey.expenditure_share.consumption.rp1_2juta,0000,Indonesia (national),2026-07-01,M,monthly,76.3,percent
bi_consumer_survey.expenditure_share.consumption.rp1_2juta,0000,Indonesia (national),2026-08-01,M,monthly,77.6,percent
bi_consumer_survey.expenditure_share.consumption.rp2_3juta,0000,Indonesia (national),2012-01-01,M,monthly,68.0,percent
bi_consumer_survey.expenditure_share.consumption.rp2_3juta,0000,Indonesia (national),2012-02-01,M,monthly,67.6,percent
bi_consumer_survey.expenditure_share.consumption.rp2_3juta,0000,Indonesia (national),2012-03-01,M,monthly,67.9,percent
bi_consumer_survey.expenditure_share.consumption.rp2_3juta,0000,Indonesia (national),2012-04-01,M,monthly,68.8,percent
bi_consumer_survey.expenditure_share.consumption.rp2_3juta,0000,Indonesia (national),2012-05-01,M,monthly,69.0,percent
bi_consumer_survey.expenditure_share.consumption.rp2_3juta,0000,Indonesia (national),2012-06-01,M,monthly,67.9,percent
bi_consumer_survey.expenditure_share.consumption.rp2_3juta,0000,Indonesia (national),2012-07-01,M,monthly,69.1,percent
bi_consumer_survey.expenditure_share.consumption.rp2_3juta,0000,Indonesia (national),2012-08-01,M,monthly,67.4,percent
bi_consumer_survey.expenditure_share.consumption.rp2_3juta,0000,Indonesia (national),2012-09-01,M,monthly,68.2,percent
bi_consumer_survey.expenditure_share.consumption.rp2_3juta,0000,Indonesia (national),2012-10-01,M,monthly,68.1,percent
bi_consumer_survey.expenditure_share.consumption.rp2_3juta,0000,Indonesia (national),2012-11-01,M,monthly,67.7,percent
bi_consumer_survey.expenditure_share.consumption.rp2_3juta,0000,Indonesia (national),2012-12-01,M,monthly,68.4,percent
bi_consumer_survey.expenditure_share.consumption.rp2_3juta,0000,Indonesia (national),2013-01-01,M,monthly,68.1,percent
bi_consumer_survey.expenditure_share.consumption.rp2_3juta,0000,Indonesia (national),2013-02-01,M,monthly,67.0,percent
bi_consumer_survey.expenditure_share.consumption.rp2_3juta,0000,Indonesia (national),2013-03-01,M,monthly,70.1,percent
bi_consumer_survey.expenditure_share.consumption.rp2_3juta,0000,Indonesia (national),2013-04-01,M,monthly,69.8,percent
bi_consumer_survey.expenditure_share.consumption.rp2_3juta,0000,Indonesia (national),2013-05-01,M,monthly,68.3,percent
bi_consumer_survey.expenditure_share.consumption.rp2_3juta,0000,Indonesia (national),2013-06-01,M,monthly,68.1,percent
bi_consumer_survey.expenditure_share.consumption.rp2_3juta,0000,Indonesia (national),2013-07-01,M,monthly,68.2,percent
bi_consumer_survey.expenditure_share.consumption.rp2_3juta,0000,Indonesia (national),2013-08-01,M,monthly,69.2,percent
bi_consumer_survey.expenditure_share.consumption.rp2_3juta,0000,Indonesia (national),2013-09-01,M,monthly,69.2,percent
bi_consumer_survey.expenditure_share.consumption.rp2_3juta,0000,Indonesia (national),2013-10-01,M,monthly,68.3,percent
bi_consumer_survey.expenditure_share.consumption.rp2_3juta,0000,Indonesia (national),2013-11-01,M,monthly,69.6,percent
bi_consumer_survey.expenditure_share.consumption.rp2_3juta,0000,Indonesia (national),2013-12-01,M,monthly,68.1,percent
bi_consumer_survey.expenditure_share.consumption.rp2_3juta,0000,Indonesia (national),2014-01-01,M,monthly,69.0,percent
bi_consumer_survey.expenditure_share.consumption.rp2_3juta,0000,Indonesia (national),2014-02-01,M,monthly,69.7,percent
bi_consumer_survey.expenditure_share.consumption.rp2_3juta,0000,Indonesia (national),2014-03-01,M,monthly,68.9,percent
bi_consumer_survey.expenditure_share.consumption.rp2_3juta,0000,Indonesia (national),2014-04-01,M,monthly,68.6,percent
bi_consumer_survey.expenditure_share.consumption.rp2_3juta,0000,Indonesia (national),2014-05-01,M,monthly,69.3,percent
bi_consumer_survey.expenditure_share.consumption.rp2_3juta,0000,Indonesia (national),2014-06-01,M,monthly,69.2,percent
bi_consumer_survey.expenditure_share.consumption.rp2_3juta,0000,Indonesia (national),2014-07-01,M,monthly,70.1,percent
bi_consumer_survey.expenditure_share.consumption.rp2_3juta,0000,Indonesia (national),2014-08-01,M,monthly,68.9,percent
bi_consumer_survey.expenditure_share.consumption.rp2_3juta,0000,Indonesia (national),2014-09-01,M,monthly,69.6,percent
bi_consumer_survey.expenditure_share.consumption.rp2_3juta,0000,Indonesia (national),2014-10-01,M,monthly,70.7,percent
bi_consumer_survey.expenditure_share.consumption.rp2_3juta,0000,Indonesia (national),2014-11-01,M,monthly,71.5,percent
bi_consumer_survey.expenditure_share.consumption.rp2_3juta,0000,Indonesia (national),2014-12-01,M,monthly,70.9,percent
bi_consumer_survey.expenditure_share.consumption.rp2_3juta,0000,Indonesia (national),2015-01-01,M,monthly,68.2,percent
bi_consumer_survey.expenditure_share.consumption.rp2_3juta,0000,Indonesia (national),2015-02-01,M,monthly,65.2,percent
bi_consumer_survey.expenditure_share.consumption.rp2_3juta,0000,Indonesia (national),2015-03-01,M,monthly,63.2,percent
bi_consumer_survey.expenditure_share.consumption.rp2_3juta,0000,Indonesia (national),2015-04-01,M,monthly,65.9,percent
bi_consumer_survey.expenditure_share.consumption.rp2_3juta,0000,Indonesia (national),2015-05-01,M,monthly,68.7,percent
bi_consumer_survey.expenditure_share.consumption.rp2_3juta,0000,Indonesia (national),2015-06-01,M,monthly,68.7,percent
bi_consumer_survey.expenditure_share.consumption.rp2_3juta,0000,Indonesia (national),2015-07-01,M,monthly,68.5,percent
bi_consumer_survey.expenditure_share.consumption.rp2_3juta,0000,Indonesia (national),2015-08-01,M,monthly,67.5,percent
bi_consumer_survey.expenditure_share.consumption.rp2_3juta,0000,Indonesia (national),2015-09-01,M,monthly,69.1,percent
bi_consumer_survey.expenditure_share.consumption.rp2_3juta,0000,Indonesia (national),2015-10-01,M,monthly,68.0,percent
bi_consumer_survey.expenditure_share.consumption.rp2_3juta,0000,Indonesia (national),2015-11-01,M,monthly,68.9,percent
bi_consumer_survey.expenditure_share.consumption.rp2_3juta,0000,Indonesia (national),2015-12-01,M,monthly,69.8,percent
bi_consumer_survey.expenditure_share.consumption.rp2_3juta,0000,Indonesia (national),2016-01-01,M,monthly,70.0,percent
bi_consumer_survey.expenditure_share.consumption.rp2_3juta,0000,Indonesia (national),2016-02-01,M,monthly,70.3,percent
bi_consumer_survey.expenditure_share.consumption.rp2_3juta,0000,Indonesia (national),2016-03-01,M,monthly,69.7,percent
bi_consumer_survey.expenditure_share.consumption.rp2_3juta,0000,Indonesia (national),2016-04-01,M,monthly,69.3,percent
bi_consumer_survey.expenditure_share.consumption.rp2_3juta,0000,Indonesia (national),2016-05-01,M,monthly,71.1,percent
bi_consumer_survey.expenditure_share.consumption.rp2_3juta,0000,Indonesia (national),2016-06-01,M,monthly,71.4,percent
bi_consumer_survey.expenditure_share.consumption.rp2_3juta,0000,Indonesia (national),2016-07-01,M,monthly,70.4,percent
bi_consumer_survey.expenditure_share.consumption.rp2_3juta,0000,Indonesia (national),2016-08-01,M,monthly,71.1,percent
bi_consumer_survey.expenditure_share.consumption.rp2_3juta,0000,Indonesia (national),2016-09-01,M,monthly,71.0,percent
bi_consumer_survey.expenditure_share.consumption.rp2_3juta,0000,Indonesia (national),2016-10-01,M,monthly,72.4,percent
bi_consumer_survey.expenditure_share.consumption.rp2_3juta,0000,Indonesia (national),2016-11-01,M,monthly,72.0,percent
bi_consumer_survey.expenditure_share.consumption.rp2_3juta,0000,Indonesia (national),2016-12-01,M,monthly,72.1,percent
bi_consumer_survey.expenditure_share.consumption.rp2_3juta,0000,Indonesia (national),2017-01-01,M,monthly,64.8,percent
bi_consumer_survey.expenditure_share.consumption.rp2_3juta,0000,Indonesia (national),2017-02-01,M,monthly,66.8,percent
bi_consumer_survey.expenditure_share.consumption.rp2_3juta,0000,Indonesia (national),2017-03-01,M,monthly,67.7,percent
bi_consumer_survey.expenditure_share.consumption.rp2_3juta,0000,Indonesia (national),2017-04-01,M,monthly,65.8,percent
bi_consumer_survey.expenditure_share.consumption.rp2_3juta,0000,Indonesia (national),2017-05-01,M,monthly,65.6,percent
bi_consumer_survey.expenditure_share.consumption.rp2_3juta,0000,Indonesia (national),2017-06-01,M,monthly,66.0,percent
bi_consumer_survey.expenditure_share.consumption.rp2_3juta,0000,Indonesia (national),2017-07-01,M,monthly,65.2,percent
bi_consumer_survey.expenditure_share.consumption.rp2_3juta,0000,Indonesia (national),2017-08-01,M,monthly,65.3,percent
bi_consumer_survey.expenditure_share.consumption.rp2_3juta,0000,Indonesia (national),2017-09-01,M,monthly,69.5,percent
bi_consumer_survey.expenditure_share.consumption.rp2_3juta,0000,Indonesia (national),2017-10-01,M,monthly,67.5,percent
bi_consumer_survey.expenditure_share.consumption.rp2_3juta,0000,Indonesia (national),2017-11-01,M,monthly,67.5,percent
bi_consumer_survey.expenditure_share.consumption.rp2_3juta,0000,Indonesia (national),2017-12-01,M,monthly,67.1,percent
bi_consumer_survey.expenditure_share.consumption.rp2_3juta,0000,Indonesia (national),2018-01-01,M,monthly,61.5,percent
bi_consumer_survey.expenditure_share.consumption.rp2_3juta,0000,Indonesia (national),2018-02-01,M,monthly,66.3,percent
bi_consumer_survey.expenditure_share.consumption.rp2_3juta,0000,Indonesia (national),2018-03-01,M,monthly,67.2,percent
bi_consumer_survey.expenditure_share.consumption.rp2_3juta,0000,Indonesia (national),2018-04-01,M,monthly,68.0,percent
bi_consumer_survey.expenditure_share.consumption.rp2_3juta,0000,Indonesia (national),2018-05-01,M,monthly,67.3,percent
bi_consumer_survey.expenditure_share.consumption.rp2_3juta,0000,Indonesia (national),2018-06-01,M,monthly,67.4,percent
bi_consumer_survey.expenditure_share.consumption.rp2_3juta,0000,Indonesia (national),2018-07-01,M,monthly,67.7,percent
bi_consumer_survey.expenditure_share.consumption.rp2_3juta,0000,Indonesia (national),2018-08-01,M,monthly,67.9,percent
bi_consumer_survey.expenditure_share.consumption.rp2_3juta,0000,Indonesia (national),2018-09-01,M,monthly,67.5,percent
bi_consumer_survey.expenditure_share.consumption.rp2_3juta,0000,Indonesia (national),2018-10-01,M,monthly,69.1,percent
bi_consumer_survey.expenditure_share.consumption.rp2_3juta,0000,Indonesia (national),2018-11-01,M,monthly,69.1,percent
bi_consumer_survey.expenditure_share.consumption.rp2_3juta,0000,Indonesia (national),2018-12-01,M,monthly,68.2,percent
bi_consumer_survey.expenditure_share.consumption.rp2_3juta,0000,Indonesia (national),2019-01-01,M,monthly,68.5,percent
bi_consumer_survey.expenditure_share.consumption.rp2_3juta,0000,Indonesia (national),2019-02-01,M,monthly,70.8,percent
bi_consumer_survey.expenditure_share.consumption.rp2_3juta,0000,Indonesia (national),2019-03-01,M,monthly,68.5,percent
bi_consumer_survey.expenditure_share.consumption.rp2_3juta,0000,Indonesia (national),2019-04-01,M,monthly,68.1,percent
bi_consumer_survey.expenditure_share.consumption.rp2_3juta,0000,Indonesia (national),2019-05-01,M,monthly,69.3,percent
bi_consumer_survey.expenditure_share.consumption.rp2_3juta,0000,Indonesia (national),2019-06-01,M,monthly,70.3,percent
bi_consumer_survey.expenditure_share.consumption.rp2_3juta,0000,Indonesia (national),2019-07-01,M,monthly,70.1,percent
bi_consumer_survey.expenditure_share.consumption.rp2_3juta,0000,Indonesia (national),2019-08-01,M,monthly,69.4,percent
bi_consumer_survey.expenditure_share.consumption.rp2_3juta,0000,Indonesia (national),2019-09-01,M,monthly,70.5,percent
bi_consumer_survey.expenditure_share.consumption.rp2_3juta,0000,Indonesia (national),2019-10-01,M,monthly,69.1,percent
bi_consumer_survey.expenditure_share.consumption.rp2_3juta,0000,Indonesia (national),2019-11-01,M,monthly,70.8,percent
bi_consumer_survey.expenditure_share.consumption.rp2_3juta,0000,Indonesia (national),2019-12-01,M,monthly,71.6,percent
bi_consumer_survey.expenditure_share.consumption.rp2_3juta,0000,Indonesia (national),2020-01-01,M,monthly,69.7,percent
bi_consumer_survey.expenditure_share.consumption.rp2_3juta,0000,Indonesia (national),2020-02-01,M,monthly,71.2,percent
bi_consumer_survey.expenditure_share.consumption.rp2_3juta,0000,Indonesia (national),2020-03-01,M,monthly,70.3,percent
bi_consumer_survey.expenditure_share.consumption.rp2_3juta,0000,Indonesia (national),2020-08-01,M,monthly,68.0,percent
bi_consumer_survey.expenditure_share.consumption.rp2_3juta,0000,Indonesia (national),2020-09-01,M,monthly,69.2,percent
bi_consumer_survey.expenditure_share.consumption.rp2_3juta,0000,Indonesia (national),2020-10-01,M,monthly,70.4,percent
bi_consumer_survey.expenditure_share.consumption.rp2_3juta,0000,Indonesia (national),2020-11-01,M,monthly,68.7,percent
bi_consumer_survey.expenditure_share.consumption.rp2_3juta,0000,Indonesia (national),2020-12-01,M,monthly,70.1,percent
bi_consumer_survey.expenditure_share.consumption.rp2_3juta,0000,Indonesia (national),2021-01-01,M,monthly,75.1,percent
bi_consumer_survey.expenditure_share.consumption.rp2_3juta,0000,Indonesia (national),2021-02-01,M,monthly,75.7,percent
bi_consumer_survey.expenditure_share.consumption.rp2_3juta,0000,Indonesia (national),2021-03-01,M,monthly,75.6,percent
bi_consumer_survey.expenditure_share.consumption.rp2_3juta,0000,Indonesia (national),2021-04-01,M,monthly,75.4,percent
bi_consumer_survey.expenditure_share.consumption.rp2_3juta,0000,Indonesia (national),2021-05-01,M,monthly,75.8,percent
bi_consumer_survey.expenditure_share.consumption.rp2_3juta,0000,Indonesia (national),2021-06-01,M,monthly,73.8,percent
bi_consumer_survey.expenditure_share.consumption.rp2_3juta,0000,Indonesia (national),2021-07-01,M,monthly,75.0,percent
bi_consumer_survey.expenditure_share.consumption.rp2_3juta,0000,Indonesia (national),2021-08-01,M,monthly,75.7,percent
bi_consumer_survey.expenditure_share.consumption.rp2_3juta,0000,Indonesia (national),2021-09-01,M,monthly,75.1,percent
bi_consumer_survey.expenditure_share.consumption.rp2_3juta,0000,Indonesia (national),2021-10-01,M,monthly,74.5,percent
bi_consumer_survey.expenditure_share.consumption.rp2_3juta,0000,Indonesia (national),2021-11-01,M,monthly,75.6,percent
bi_consumer_survey.expenditure_share.consumption.rp2_3juta,0000,Indonesia (national),2021-12-01,M,monthly,76.0,percent
bi_consumer_survey.expenditure_share.consumption.rp2_3juta,0000,Indonesia (national),2022-01-01,M,monthly,73.5,percent
bi_consumer_survey.expenditure_share.consumption.rp2_3juta,0000,Indonesia (national),2022-02-01,M,monthly,73.0,percent
bi_consumer_survey.expenditure_share.consumption.rp2_3juta,0000,Indonesia (national),2022-03-01,M,monthly,74.5,percent
bi_consumer_survey.expenditure_share.consumption.rp2_3juta,0000,Indonesia (national),2022-04-01,M,monthly,74.7,percent
bi_consumer_survey.expenditure_share.consumption.rp2_3juta,0000,Indonesia (national),2022-05-01,M,monthly,74.2,percent
bi_consumer_survey.expenditure_share.consumption.rp2_3juta,0000,Indonesia (national),2022-06-01,M,monthly,73.4,percent
bi_consumer_survey.expenditure_share.consumption.rp2_3juta,0000,Indonesia (national),2022-07-01,M,monthly,74.3,percent
bi_consumer_survey.expenditure_share.consumption.rp2_3juta,0000,Indonesia (national),2022-08-01,M,monthly,73.9,percent
bi_consumer_survey.expenditure_share.consumption.rp2_3juta,0000,Indonesia (national),2022-09-01,M,monthly,75.4,percent
bi_consumer_survey.expenditure_share.consumption.rp2_3juta,0000,Indonesia (national),2022-10-01,M,monthly,75.2,percent
bi_consumer_survey.expenditure_share.consumption.rp2_3juta,0000,Indonesia (national),2022-11-01,M,monthly,75.2,percent
bi_consumer_survey.expenditure_share.consumption.rp2_3juta,0000,Indonesia (national),2022-12-01,M,monthly,75.2,percent
bi_consumer_survey.expenditure_share.consumption.rp2_3juta,0000,Indonesia (national),2023-01-01,M,monthly,74.9,percent
bi_consumer_survey.expenditure_share.consumption.rp2_3juta,0000,Indonesia (national),2023-02-01,M,monthly,74.6,percent
bi_consumer_survey.expenditure_share.consumption.rp2_3juta,0000,Indonesia (national),2023-03-01,M,monthly,75.2,percent
bi_consumer_survey.expenditure_share.consumption.rp2_3juta,0000,Indonesia (national),2023-04-01,M,monthly,76.2,percent
bi_consumer_survey.expenditure_share.consumption.rp2_3juta,0000,Indonesia (national),2023-05-01,M,monthly,76.5,percent
bi_consumer_survey.expenditure_share.consumption.rp2_3juta,0000,Indonesia (national),2023-06-01,M,monthly,76.4,percent
bi_consumer_survey.expenditure_share.consumption.rp2_3juta,0000,Indonesia (national),2023-07-01,M,monthly,74.6,percent
bi_consumer_survey.expenditure_share.consumption.rp2_3juta,0000,Indonesia (national),2023-08-01,M,monthly,75.7,percent
bi_consumer_survey.expenditure_share.consumption.rp2_3juta,0000,Indonesia (national),2023-09-01,M,monthly,77.1,percent
bi_consumer_survey.expenditure_share.consumption.rp2_3juta,0000,Indonesia (national),2023-10-01,M,monthly,76.5,percent
bi_consumer_survey.expenditure_share.consumption.rp2_3juta,0000,Indonesia (national),2023-11-01,M,monthly,75.1,percent
bi_consumer_survey.expenditure_share.consumption.rp2_3juta,0000,Indonesia (national),2023-12-01,M,monthly,76.3,percent
bi_consumer_survey.expenditure_share.consumption.rp2_3juta,0000,Indonesia (national),2024-01-01,M,monthly,74.9,percent
bi_consumer_survey.expenditure_share.consumption.rp2_3juta,0000,Indonesia (national),2024-02-01,M,monthly,74.8,percent
bi_consumer_survey.expenditure_share.consumption.rp2_3juta,0000,Indonesia (national),2024-03-01,M,monthly,75.0,percent
bi_consumer_survey.expenditure_share.consumption.rp2_3juta,0000,Indonesia (national),2024-04-01,M,monthly,75.0,percent
bi_consumer_survey.expenditure_share.consumption.rp2_3juta,0000,Indonesia (national),2024-05-01,M,monthly,73.1,percent
bi_consumer_survey.expenditure_share.consumption.rp2_3juta,0000,Indonesia (national),2024-06-01,M,monthly,73.4,percent
bi_consumer_survey.expenditure_share.consumption.rp2_3juta,0000,Indonesia (national),2024-07-01,M,monthly,74.3,percent
bi_consumer_survey.expenditure_share.consumption.rp2_3juta,0000,Indonesia (national),2024-08-01,M,monthly,73.1,percent
bi_consumer_survey.expenditure_share.consumption.rp2_3juta,0000,Indonesia (national),2024-09-01,M,monthly,74.4,percent
bi_consumer_survey.expenditure_share.consumption.rp2_3juta,0000,Indonesia (national),2024-10-01,M,monthly,74.9,percent
bi_consumer_survey.expenditure_share.consumption.rp2_3juta,0000,Indonesia (national),2024-11-01,M,monthly,74.1,percent
bi_consumer_survey.expenditure_share.consumption.rp2_3juta,0000,Indonesia (national),2024-12-01,M,monthly,73.8,percent
bi_consumer_survey.expenditure_share.consumption.rp2_3juta,0000,Indonesia (national),2025-01-01,M,monthly,74.0,percent
bi_consumer_survey.expenditure_share.consumption.rp2_3juta,0000,Indonesia (national),2025-02-01,M,monthly,76.7,percent
bi_consumer_survey.expenditure_share.consumption.rp2_3juta,0000,Indonesia (national),2025-03-01,M,monthly,75.6,percent
bi_consumer_survey.expenditure_share.consumption.rp2_3juta,0000,Indonesia (national),2025-04-01,M,monthly,75.8,percent
bi_consumer_survey.expenditure_share.consumption.rp2_3juta,0000,Indonesia (national),2025-05-01,M,monthly,75.7,percent
bi_consumer_survey.expenditure_share.consumption.rp2_3juta,0000,Indonesia (national),2025-06-01,M,monthly,76.7,percent
bi_consumer_survey.expenditure_share.consumption.rp2_3juta,0000,Indonesia (national),2025-07-01,M,monthly,75.9,percent
bi_consumer_survey.expenditure_share.consumption.rp2_3juta,0000,Indonesia (national),2025-08-01,M,monthly,75.5,percent
bi_consumer_survey.expenditure_share.consumption.rp2_3juta,0000,Indonesia (national),2025-09-01,M,monthly,75.2,percent
bi_consumer_survey.expenditure_share.consumption.rp2_3juta,0000,Indonesia (national),2025-10-01,M,monthly,75.8,percent
bi_consumer_survey.expenditure_share.consumption.rp2_3juta,0000,Indonesia (national),2025-11-01,M,monthly,75.0,percent
bi_consumer_survey.expenditure_share.consumption.rp2_3juta,0000,Indonesia (national),2025-12-01,M,monthly,74.6,percent
bi_consumer_survey.expenditure_share.consumption.rp2_3juta,0000,Indonesia (national),2026-01-01,M,monthly,72.7,percent
bi_consumer_survey.expenditure_share.consumption.rp2_3juta,0000,Indonesia (national),2026-02-01,M,monthly,72.6,percent
bi_consumer_survey.expenditure_share.consumption.rp2_3juta,0000,Indonesia (national),2026-03-01,M,monthly,72.9,percent
bi_consumer_survey.expenditure_share.consumption.rp2_3juta,0000,Indonesia (national),2026-04-01,M,monthly,74.1,percent
bi_consumer_survey.expenditure_share.consumption.rp2_3juta,0000,Indonesia (national),2026-05-01,M,monthly,72.6,percent
bi_consumer_survey.expenditure_share.consumption.rp2_3juta,0000,Indonesia (national),2026-06-01,M,monthly,75.2,percent
bi_consumer_survey.expenditure_share.consumption.rp2_3juta,0000,Indonesia (national),2026-07-01,M,monthly,73.5,percent
bi_consumer_survey.expenditure_share.consumption.rp2_3juta,0000,Indonesia (national),2026-08-01,M,monthly,75.5,percent
bi_consumer_survey.expenditure_share.consumption.rp3_4juta,0000,Indonesia (national),2012-01-01,M,monthly,65.4,percent
bi_consumer_survey.expenditure_share.consumption.rp3_4juta,0000,Indonesia (national),2012-02-01,M,monthly,66.4,percent
bi_consumer_survey.expenditure_share.consumption.rp3_4juta,0000,Indonesia (national),2012-03-01,M,monthly,66.3,percent
bi_consumer_survey.expenditure_share.consumption.rp3_4juta,0000,Indonesia (national),2012-04-01,M,monthly,68.0,percent
bi_consumer_survey.expenditure_share.consumption.rp3_4juta,0000,Indonesia (national),2012-05-01,M,monthly,67.7,percent
bi_consumer_survey.expenditure_share.consumption.rp3_4juta,0000,Indonesia (national),2012-06-01,M,monthly,66.6,percent
bi_consumer_survey.expenditure_share.consumption.rp3_4juta,0000,Indonesia (national),2012-07-01,M,monthly,65.9,percent
bi_consumer_survey.expenditure_share.consumption.rp3_4juta,0000,Indonesia (national),2012-08-01,M,monthly,63.6,percent
bi_consumer_survey.expenditure_share.consumption.rp3_4juta,0000,Indonesia (national),2012-09-01,M,monthly,66.1,percent
bi_consumer_survey.expenditure_share.consumption.rp3_4juta,0000,Indonesia (national),2012-10-01,M,monthly,66.4,percent
bi_consumer_survey.expenditure_share.consumption.rp3_4juta,0000,Indonesia (national),2012-11-01,M,monthly,66.3,percent
bi_consumer_survey.expenditure_share.consumption.rp3_4juta,0000,Indonesia (national),2012-12-01,M,monthly,67.3,percent
bi_consumer_survey.expenditure_share.consumption.rp3_4juta,0000,Indonesia (national),2013-01-01,M,monthly,66.1,percent
bi_consumer_survey.expenditure_share.consumption.rp3_4juta,0000,Indonesia (national),2013-02-01,M,monthly,66.6,percent
bi_consumer_survey.expenditure_share.consumption.rp3_4juta,0000,Indonesia (national),2013-03-01,M,monthly,67.6,percent
bi_consumer_survey.expenditure_share.consumption.rp3_4juta,0000,Indonesia (national),2013-04-01,M,monthly,67.8,percent
bi_consumer_survey.expenditure_share.consumption.rp3_4juta,0000,Indonesia (national),2013-05-01,M,monthly,67.3,percent
bi_consumer_survey.expenditure_share.consumption.rp3_4juta,0000,Indonesia (national),2013-06-01,M,monthly,67.3,percent
bi_consumer_survey.expenditure_share.consumption.rp3_4juta,0000,Indonesia (national),2013-07-01,M,monthly,67.5,percent
bi_consumer_survey.expenditure_share.consumption.rp3_4juta,0000,Indonesia (national),2013-08-01,M,monthly,65.0,percent
bi_consumer_survey.expenditure_share.consumption.rp3_4juta,0000,Indonesia (national),2013-09-01,M,monthly,67.0,percent
bi_consumer_survey.expenditure_share.consumption.rp3_4juta,0000,Indonesia (national),2013-10-01,M,monthly,67.1,percent
bi_consumer_survey.expenditure_share.consumption.rp3_4juta,0000,Indonesia (national),2013-11-01,M,monthly,67.5,percent
bi_consumer_survey.expenditure_share.consumption.rp3_4juta,0000,Indonesia (national),2013-12-01,M,monthly,67.4,percent
bi_consumer_survey.expenditure_share.consumption.rp3_4juta,0000,Indonesia (national),2014-01-01,M,monthly,66.0,percent
bi_consumer_survey.expenditure_share.consumption.rp3_4juta,0000,Indonesia (national),2014-02-01,M,monthly,67.4,percent
bi_consumer_survey.expenditure_share.consumption.rp3_4juta,0000,Indonesia (national),2014-03-01,M,monthly,67.1,percent
bi_consumer_survey.expenditure_share.consumption.rp3_4juta,0000,Indonesia (national),2014-04-01,M,monthly,66.4,percent
bi_consumer_survey.expenditure_share.consumption.rp3_4juta,0000,Indonesia (national),2014-05-01,M,monthly,67.1,percent
bi_consumer_survey.expenditure_share.consumption.rp3_4juta,0000,Indonesia (national),2014-06-01,M,monthly,68.5,percent
bi_consumer_survey.expenditure_share.consumption.rp3_4juta,0000,Indonesia (national),2014-07-01,M,monthly,66.8,percent
bi_consumer_survey.expenditure_share.consumption.rp3_4juta,0000,Indonesia (national),2014-08-01,M,monthly,68.9,percent
bi_consumer_survey.expenditure_share.consumption.rp3_4juta,0000,Indonesia (national),2014-09-01,M,monthly,68.1,percent
bi_consumer_survey.expenditure_share.consumption.rp3_4juta,0000,Indonesia (national),2014-10-01,M,monthly,66.5,percent
bi_consumer_survey.expenditure_share.consumption.rp3_4juta,0000,Indonesia (national),2014-11-01,M,monthly,67.4,percent
bi_consumer_survey.expenditure_share.consumption.rp3_4juta,0000,Indonesia (national),2014-12-01,M,monthly,68.8,percent
bi_consumer_survey.expenditure_share.consumption.rp3_4juta,0000,Indonesia (national),2015-01-01,M,monthly,65.2,percent
bi_consumer_survey.expenditure_share.consumption.rp3_4juta,0000,Indonesia (national),2015-02-01,M,monthly,63.2,percent
bi_consumer_survey.expenditure_share.consumption.rp3_4juta,0000,Indonesia (national),2015-03-01,M,monthly,60.0,percent
bi_consumer_survey.expenditure_share.consumption.rp3_4juta,0000,Indonesia (national),2015-04-01,M,monthly,66.3,percent
bi_consumer_survey.expenditure_share.consumption.rp3_4juta,0000,Indonesia (national),2015-05-01,M,monthly,66.5,percent
bi_consumer_survey.expenditure_share.consumption.rp3_4juta,0000,Indonesia (national),2015-06-01,M,monthly,66.3,percent
bi_consumer_survey.expenditure_share.consumption.rp3_4juta,0000,Indonesia (national),2015-07-01,M,monthly,66.1,percent
bi_consumer_survey.expenditure_share.consumption.rp3_4juta,0000,Indonesia (national),2015-08-01,M,monthly,66.1,percent
bi_consumer_survey.expenditure_share.consumption.rp3_4juta,0000,Indonesia (national),2015-09-01,M,monthly,68.8,percent
bi_consumer_survey.expenditure_share.consumption.rp3_4juta,0000,Indonesia (national),2015-10-01,M,monthly,68.6,percent
bi_consumer_survey.expenditure_share.consumption.rp3_4juta,0000,Indonesia (national),2015-11-01,M,monthly,67.3,percent
bi_consumer_survey.expenditure_share.consumption.rp3_4juta,0000,Indonesia (national),2015-12-01,M,monthly,68.8,percent
bi_consumer_survey.expenditure_share.consumption.rp3_4juta,0000,Indonesia (national),2016-01-01,M,monthly,67.9,percent
bi_consumer_survey.expenditure_share.consumption.rp3_4juta,0000,Indonesia (national),2016-02-01,M,monthly,68.6,percent
bi_consumer_survey.expenditure_share.consumption.rp3_4juta,0000,Indonesia (national),2016-03-01,M,monthly,69.2,percent
bi_consumer_survey.expenditure_share.consumption.rp3_4juta,0000,Indonesia (national),2016-04-01,M,monthly,68.0,percent
bi_consumer_survey.expenditure_share.consumption.rp3_4juta,0000,Indonesia (national),2016-05-01,M,monthly,67.4,percent
bi_consumer_survey.expenditure_share.consumption.rp3_4juta,0000,Indonesia (national),2016-06-01,M,monthly,69.2,percent
bi_consumer_survey.expenditure_share.consumption.rp3_4juta,0000,Indonesia (national),2016-07-01,M,monthly,68.2,percent
bi_consumer_survey.expenditure_share.consumption.rp3_4juta,0000,Indonesia (national),2016-08-01,M,monthly,70.0,percent
bi_consumer_survey.expenditure_share.consumption.rp3_4juta,0000,Indonesia (national),2016-09-01,M,monthly,68.9,percent
bi_consumer_survey.expenditure_share.consumption.rp3_4juta,0000,Indonesia (national),2016-10-01,M,monthly,69.3,percent
bi_consumer_survey.expenditure_share.consumption.rp3_4juta,0000,Indonesia (national),2016-11-01,M,monthly,70.2,percent
bi_consumer_survey.expenditure_share.consumption.rp3_4juta,0000,Indonesia (national),2016-12-01,M,monthly,68.7,percent
bi_consumer_survey.expenditure_share.consumption.rp3_4juta,0000,Indonesia (national),2017-01-01,M,monthly,63.3,percent
bi_consumer_survey.expenditure_share.consumption.rp3_4juta,0000,Indonesia (national),2017-02-01,M,monthly,66.9,percent
bi_consumer_survey.expenditure_share.consumption.rp3_4juta,0000,Indonesia (national),2017-03-01,M,monthly,65.0,percent
bi_consumer_survey.expenditure_share.consumption.rp3_4juta,0000,Indonesia (national),2017-04-01,M,monthly,64.8,percent
bi_consumer_survey.expenditure_share.consumption.rp3_4juta,0000,Indonesia (national),2017-05-01,M,monthly,63.9,percent
bi_consumer_survey.expenditure_share.consumption.rp3_4juta,0000,Indonesia (national),2017-06-01,M,monthly,64.1,percent
bi_consumer_survey.expenditure_share.consumption.rp3_4juta,0000,Indonesia (national),2017-07-01,M,monthly,64.3,percent
bi_consumer_survey.expenditure_share.consumption.rp3_4juta,0000,Indonesia (national),2017-08-01,M,monthly,62.8,percent
bi_consumer_survey.expenditure_share.consumption.rp3_4juta,0000,Indonesia (national),2017-09-01,M,monthly,66.3,percent
bi_consumer_survey.expenditure_share.consumption.rp3_4juta,0000,Indonesia (national),2017-10-01,M,monthly,66.4,percent
bi_consumer_survey.expenditure_share.consumption.rp3_4juta,0000,Indonesia (national),2017-11-01,M,monthly,65.8,percent
bi_consumer_survey.expenditure_share.consumption.rp3_4juta,0000,Indonesia (national),2017-12-01,M,monthly,66.2,percent
bi_consumer_survey.expenditure_share.consumption.rp3_4juta,0000,Indonesia (national),2018-01-01,M,monthly,66.2,percent
bi_consumer_survey.expenditure_share.consumption.rp3_4juta,0000,Indonesia (national),2018-02-01,M,monthly,64.0,percent
bi_consumer_survey.expenditure_share.consumption.rp3_4juta,0000,Indonesia (national),2018-03-01,M,monthly,64.7,percent
bi_consumer_survey.expenditure_share.consumption.rp3_4juta,0000,Indonesia (national),2018-04-01,M,monthly,66.8,percent
bi_consumer_survey.expenditure_share.consumption.rp3_4juta,0000,Indonesia (national),2018-05-01,M,monthly,66.0,percent
bi_consumer_survey.expenditure_share.consumption.rp3_4juta,0000,Indonesia (national),2018-06-01,M,monthly,67.1,percent
bi_consumer_survey.expenditure_share.consumption.rp3_4juta,0000,Indonesia (national),2018-07-01,M,monthly,66.0,percent
bi_consumer_survey.expenditure_share.consumption.rp3_4juta,0000,Indonesia (national),2018-08-01,M,monthly,66.7,percent
bi_consumer_survey.expenditure_share.consumption.rp3_4juta,0000,Indonesia (national),2018-09-01,M,monthly,67.8,percent
bi_consumer_survey.expenditure_share.consumption.rp3_4juta,0000,Indonesia (national),2018-10-01,M,monthly,67.3,percent
bi_consumer_survey.expenditure_share.consumption.rp3_4juta,0000,Indonesia (national),2018-11-01,M,monthly,68.7,percent
bi_consumer_survey.expenditure_share.consumption.rp3_4juta,0000,Indonesia (national),2018-12-01,M,monthly,66.6,percent
bi_consumer_survey.expenditure_share.consumption.rp3_4juta,0000,Indonesia (national),2019-01-01,M,monthly,67.0,percent
bi_consumer_survey.expenditure_share.consumption.rp3_4juta,0000,Indonesia (national),2019-02-01,M,monthly,68.6,percent
bi_consumer_survey.expenditure_share.consumption.rp3_4juta,0000,Indonesia (national),2019-03-01,M,monthly,66.9,percent
bi_consumer_survey.expenditure_share.consumption.rp3_4juta,0000,Indonesia (national),2019-04-01,M,monthly,69.2,percent
bi_consumer_survey.expenditure_share.consumption.rp3_4juta,0000,Indonesia (national),2019-05-01,M,monthly,69.1,percent
bi_consumer_survey.expenditure_share.consumption.rp3_4juta,0000,Indonesia (national),2019-06-01,M,monthly,68.7,percent
bi_consumer_survey.expenditure_share.consumption.rp3_4juta,0000,Indonesia (national),2019-07-01,M,monthly,69.2,percent
bi_consumer_survey.expenditure_share.consumption.rp3_4juta,0000,Indonesia (national),2019-08-01,M,monthly,68.3,percent
bi_consumer_survey.expenditure_share.consumption.rp3_4juta,0000,Indonesia (national),2019-09-01,M,monthly,69.1,percent
bi_consumer_survey.expenditure_share.consumption.rp3_4juta,0000,Indonesia (national),2019-10-01,M,monthly,66.7,percent
bi_consumer_survey.expenditure_share.consumption.rp3_4juta,0000,Indonesia (national),2019-11-01,M,monthly,67.0,percent
bi_consumer_survey.expenditure_share.consumption.rp3_4juta,0000,Indonesia (national),2019-12-01,M,monthly,69.9,percent
bi_consumer_survey.expenditure_share.consumption.rp3_4juta,0000,Indonesia (national),2020-01-01,M,monthly,69.0,percent
bi_consumer_survey.expenditure_share.consumption.rp3_4juta,0000,Indonesia (national),2020-02-01,M,monthly,69.1,percent
bi_consumer_survey.expenditure_share.consumption.rp3_4juta,0000,Indonesia (national),2020-03-01,M,monthly,70.4,percent
bi_consumer_survey.expenditure_share.consumption.rp3_4juta,0000,Indonesia (national),2020-08-01,M,monthly,67.5,percent
bi_consumer_survey.expenditure_share.consumption.rp3_4juta,0000,Indonesia (national),2020-09-01,M,monthly,67.9,percent
bi_consumer_survey.expenditure_share.consumption.rp3_4juta,0000,Indonesia (national),2020-10-01,M,monthly,68.1,percent
bi_consumer_survey.expenditure_share.consumption.rp3_4juta,0000,Indonesia (national),2020-11-01,M,monthly,68.4,percent
bi_consumer_survey.expenditure_share.consumption.rp3_4juta,0000,Indonesia (national),2020-12-01,M,monthly,68.8,percent
bi_consumer_survey.expenditure_share.consumption.rp3_4juta,0000,Indonesia (national),2021-01-01,M,monthly,74.5,percent
bi_consumer_survey.expenditure_share.consumption.rp3_4juta,0000,Indonesia (national),2021-02-01,M,monthly,72.5,percent
bi_consumer_survey.expenditure_share.consumption.rp3_4juta,0000,Indonesia (national),2021-03-01,M,monthly,74.7,percent
bi_consumer_survey.expenditure_share.consumption.rp3_4juta,0000,Indonesia (national),2021-04-01,M,monthly,74.7,percent
bi_consumer_survey.expenditure_share.consumption.rp3_4juta,0000,Indonesia (national),2021-05-01,M,monthly,74.7,percent
bi_consumer_survey.expenditure_share.consumption.rp3_4juta,0000,Indonesia (national),2021-06-01,M,monthly,73.5,percent
bi_consumer_survey.expenditure_share.consumption.rp3_4juta,0000,Indonesia (national),2021-07-01,M,monthly,72.9,percent
bi_consumer_survey.expenditure_share.consumption.rp3_4juta,0000,Indonesia (national),2021-08-01,M,monthly,74.1,percent
bi_consumer_survey.expenditure_share.consumption.rp3_4juta,0000,Indonesia (national),2021-09-01,M,monthly,74.4,percent
bi_consumer_survey.expenditure_share.consumption.rp3_4juta,0000,Indonesia (national),2021-10-01,M,monthly,75.3,percent
bi_consumer_survey.expenditure_share.consumption.rp3_4juta,0000,Indonesia (national),2021-11-01,M,monthly,75.2,percent
bi_consumer_survey.expenditure_share.consumption.rp3_4juta,0000,Indonesia (national),2021-12-01,M,monthly,77.0,percent
bi_consumer_survey.expenditure_share.consumption.rp3_4juta,0000,Indonesia (national),2022-01-01,M,monthly,72.1,percent
bi_consumer_survey.expenditure_share.consumption.rp3_4juta,0000,Indonesia (national),2022-02-01,M,monthly,71.2,percent
bi_consumer_survey.expenditure_share.consumption.rp3_4juta,0000,Indonesia (national),2022-03-01,M,monthly,72.6,percent
bi_consumer_survey.expenditure_share.consumption.rp3_4juta,0000,Indonesia (national),2022-04-01,M,monthly,72.2,percent
bi_consumer_survey.expenditure_share.consumption.rp3_4juta,0000,Indonesia (national),2022-05-01,M,monthly,72.3,percent
bi_consumer_survey.expenditure_share.consumption.rp3_4juta,0000,Indonesia (national),2022-06-01,M,monthly,72.4,percent
bi_consumer_survey.expenditure_share.consumption.rp3_4juta,0000,Indonesia (national),2022-07-01,M,monthly,73.0,percent
bi_consumer_survey.expenditure_share.consumption.rp3_4juta,0000,Indonesia (national),2022-08-01,M,monthly,72.4,percent
bi_consumer_survey.expenditure_share.consumption.rp3_4juta,0000,Indonesia (national),2022-09-01,M,monthly,74.4,percent
bi_consumer_survey.expenditure_share.consumption.rp3_4juta,0000,Indonesia (national),2022-10-01,M,monthly,75.3,percent
bi_consumer_survey.expenditure_share.consumption.rp3_4juta,0000,Indonesia (national),2022-11-01,M,monthly,73.9,percent
bi_consumer_survey.expenditure_share.consumption.rp3_4juta,0000,Indonesia (national),2022-12-01,M,monthly,73.9,percent
bi_consumer_survey.expenditure_share.consumption.rp3_4juta,0000,Indonesia (national),2023-01-01,M,monthly,71.7,percent
bi_consumer_survey.expenditure_share.consumption.rp3_4juta,0000,Indonesia (national),2023-02-01,M,monthly,73.9,percent
bi_consumer_survey.expenditure_share.consumption.rp3_4juta,0000,Indonesia (national),2023-03-01,M,monthly,74.3,percent
bi_consumer_survey.expenditure_share.consumption.rp3_4juta,0000,Indonesia (national),2023-04-01,M,monthly,73.2,percent
bi_consumer_survey.expenditure_share.consumption.rp3_4juta,0000,Indonesia (national),2023-05-01,M,monthly,73.6,percent
bi_consumer_survey.expenditure_share.consumption.rp3_4juta,0000,Indonesia (national),2023-06-01,M,monthly,74.6,percent
bi_consumer_survey.expenditure_share.consumption.rp3_4juta,0000,Indonesia (national),2023-07-01,M,monthly,74.4,percent
bi_consumer_survey.expenditure_share.consumption.rp3_4juta,0000,Indonesia (national),2023-08-01,M,monthly,74.9,percent
bi_consumer_survey.expenditure_share.consumption.rp3_4juta,0000,Indonesia (national),2023-09-01,M,monthly,74.7,percent
bi_consumer_survey.expenditure_share.consumption.rp3_4juta,0000,Indonesia (national),2023-10-01,M,monthly,73.7,percent
bi_consumer_survey.expenditure_share.consumption.rp3_4juta,0000,Indonesia (national),2023-11-01,M,monthly,73.3,percent
bi_consumer_survey.expenditure_share.consumption.rp3_4juta,0000,Indonesia (national),2023-12-01,M,monthly,73.3,percent
bi_consumer_survey.expenditure_share.consumption.rp3_4juta,0000,Indonesia (national),2024-01-01,M,monthly,73.6,percent
bi_consumer_survey.expenditure_share.consumption.rp3_4juta,0000,Indonesia (national),2024-02-01,M,monthly,71.6,percent
bi_consumer_survey.expenditure_share.consumption.rp3_4juta,0000,Indonesia (national),2024-03-01,M,monthly,73.2,percent
bi_consumer_survey.expenditure_share.consumption.rp3_4juta,0000,Indonesia (national),2024-04-01,M,monthly,73.3,percent
bi_consumer_survey.expenditure_share.consumption.rp3_4juta,0000,Indonesia (national),2024-05-01,M,monthly,71.8,percent
bi_consumer_survey.expenditure_share.consumption.rp3_4juta,0000,Indonesia (national),2024-06-01,M,monthly,73.1,percent
bi_consumer_survey.expenditure_share.consumption.rp3_4juta,0000,Indonesia (national),2024-07-01,M,monthly,72.9,percent
bi_consumer_survey.expenditure_share.consumption.rp3_4juta,0000,Indonesia (national),2024-08-01,M,monthly,73.2,percent
bi_consumer_survey.expenditure_share.consumption.rp3_4juta,0000,Indonesia (national),2024-09-01,M,monthly,72.6,percent
bi_consumer_survey.expenditure_share.consumption.rp3_4juta,0000,Indonesia (national),2024-10-01,M,monthly,73.9,percent
bi_consumer_survey.expenditure_share.consumption.rp3_4juta,0000,Indonesia (national),2024-11-01,M,monthly,73.1,percent
bi_consumer_survey.expenditure_share.consumption.rp3_4juta,0000,Indonesia (national),2024-12-01,M,monthly,72.8,percent
bi_consumer_survey.expenditure_share.consumption.rp3_4juta,0000,Indonesia (national),2025-01-01,M,monthly,70.9,percent
bi_consumer_survey.expenditure_share.consumption.rp3_4juta,0000,Indonesia (national),2025-02-01,M,monthly,74.5,percent
bi_consumer_survey.expenditure_share.consumption.rp3_4juta,0000,Indonesia (national),2025-03-01,M,monthly,74.7,percent
bi_consumer_survey.expenditure_share.consumption.rp3_4juta,0000,Indonesia (national),2025-04-01,M,monthly,73.6,percent
bi_consumer_survey.expenditure_share.consumption.rp3_4juta,0000,Indonesia (national),2025-05-01,M,monthly,73.2,percent
bi_consumer_survey.expenditure_share.consumption.rp3_4juta,0000,Indonesia (national),2025-06-01,M,monthly,73.5,percent
bi_consumer_survey.expenditure_share.consumption.rp3_4juta,0000,Indonesia (national),2025-07-01,M,monthly,75.3,percent
bi_consumer_survey.expenditure_share.consumption.rp3_4juta,0000,Indonesia (national),2025-08-01,M,monthly,73.9,percent
bi_consumer_survey.expenditure_share.consumption.rp3_4juta,0000,Indonesia (national),2025-09-01,M,monthly,74.7,percent
bi_consumer_survey.expenditure_share.consumption.rp3_4juta,0000,Indonesia (national),2025-10-01,M,monthly,72.8,percent
bi_consumer_survey.expenditure_share.consumption.rp3_4juta,0000,Indonesia (national),2025-11-01,M,monthly,73.8,percent
bi_consumer_survey.expenditure_share.consumption.rp3_4juta,0000,Indonesia (national),2025-12-01,M,monthly,73.2,percent
bi_consumer_survey.expenditure_share.consumption.rp3_4juta,0000,Indonesia (national),2026-01-01,M,monthly,72.0,percent
bi_consumer_survey.expenditure_share.consumption.rp3_4juta,0000,Indonesia (national),2026-02-01,M,monthly,70.9,percent
bi_consumer_survey.expenditure_share.consumption.rp3_4juta,0000,Indonesia (national),2026-03-01,M,monthly,71.8,percent
bi_consumer_survey.expenditure_share.consumption.rp3_4juta,0000,Indonesia (national),2026-04-01,M,monthly,70.0,percent
bi_consumer_survey.expenditure_share.consumption.rp3_4juta,0000,Indonesia (national),2026-05-01,M,monthly,72.2,percent
bi_consumer_survey.expenditure_share.consumption.rp3_4juta,0000,Indonesia (national),2026-06-01,M,monthly,72.1,percent
bi_consumer_survey.expenditure_share.consumption.rp3_4juta,0000,Indonesia (national),2026-07-01,M,monthly,73.0,percent
bi_consumer_survey.expenditure_share.consumption.rp3_4juta,0000,Indonesia (national),2026-08-01,M,monthly,72.6,percent
bi_consumer_survey.expenditure_share.consumption.rp4_5juta,0000,Indonesia (national),2012-01-01,M,monthly,63.0,percent
bi_consumer_survey.expenditure_share.consumption.rp4_5juta,0000,Indonesia (national),2012-02-01,M,monthly,65.3,percent
bi_consumer_survey.expenditure_share.consumption.rp4_5juta,0000,Indonesia (national),2012-03-01,M,monthly,63.0,percent
bi_consumer_survey.expenditure_share.consumption.rp4_5juta,0000,Indonesia (national),2012-04-01,M,monthly,63.6,percent
bi_consumer_survey.expenditure_share.consumption.rp4_5juta,0000,Indonesia (national),2012-05-01,M,monthly,65.4,percent
bi_consumer_survey.expenditure_share.consumption.rp4_5juta,0000,Indonesia (national),2012-06-01,M,monthly,64.6,percent
bi_consumer_survey.expenditure_share.consumption.rp4_5juta,0000,Indonesia (national),2012-07-01,M,monthly,62.2,percent
bi_consumer_survey.expenditure_share.consumption.rp4_5juta,0000,Indonesia (national),2012-08-01,M,monthly,63.3,percent
bi_consumer_survey.expenditure_share.consumption.rp4_5juta,0000,Indonesia (national),2012-09-01,M,monthly,65.2,percent
bi_consumer_survey.expenditure_share.consumption.rp4_5juta,0000,Indonesia (national),2012-10-01,M,monthly,65.2,percent
bi_consumer_survey.expenditure_share.consumption.rp4_5juta,0000,Indonesia (national),2012-11-01,M,monthly,60.4,percent
bi_consumer_survey.expenditure_share.consumption.rp4_5juta,0000,Indonesia (national),2012-12-01,M,monthly,61.7,percent
bi_consumer_survey.expenditure_share.consumption.rp4_5juta,0000,Indonesia (national),2013-01-01,M,monthly,62.4,percent
bi_consumer_survey.expenditure_share.consumption.rp4_5juta,0000,Indonesia (national),2013-02-01,M,monthly,63.3,percent
bi_consumer_survey.expenditure_share.consumption.rp4_5juta,0000,Indonesia (national),2013-03-01,M,monthly,62.4,percent
bi_consumer_survey.expenditure_share.consumption.rp4_5juta,0000,Indonesia (national),2013-04-01,M,monthly,63.4,percent
bi_consumer_survey.expenditure_share.consumption.rp4_5juta,0000,Indonesia (national),2013-05-01,M,monthly,66.1,percent
bi_consumer_survey.expenditure_share.consumption.rp4_5juta,0000,Indonesia (national),2013-06-01,M,monthly,64.2,percent
bi_consumer_survey.expenditure_share.consumption.rp4_5juta,0000,Indonesia (national),2013-07-01,M,monthly,64.5,percent
bi_consumer_survey.expenditure_share.consumption.rp4_5juta,0000,Indonesia (national),2013-08-01,M,monthly,66.0,percent
bi_consumer_survey.expenditure_share.consumption.rp4_5juta,0000,Indonesia (national),2013-09-01,M,monthly,62.4,percent
bi_consumer_survey.expenditure_share.consumption.rp4_5juta,0000,Indonesia (national),2013-10-01,M,monthly,62.9,percent
bi_consumer_survey.expenditure_share.consumption.rp4_5juta,0000,Indonesia (national),2013-11-01,M,monthly,65.7,percent
bi_consumer_survey.expenditure_share.consumption.rp4_5juta,0000,Indonesia (national),2013-12-01,M,monthly,65.4,percent
bi_consumer_survey.expenditure_share.consumption.rp4_5juta,0000,Indonesia (national),2014-01-01,M,monthly,60.6,percent
bi_consumer_survey.expenditure_share.consumption.rp4_5juta,0000,Indonesia (national),2014-02-01,M,monthly,62.9,percent
bi_consumer_survey.expenditure_share.consumption.rp4_5juta,0000,Indonesia (national),2014-03-01,M,monthly,63.9,percent
bi_consumer_survey.expenditure_share.consumption.rp4_5juta,0000,Indonesia (national),2014-04-01,M,monthly,62.5,percent
bi_consumer_survey.expenditure_share.consumption.rp4_5juta,0000,Indonesia (national),2014-05-01,M,monthly,62.7,percent
bi_consumer_survey.expenditure_share.consumption.rp4_5juta,0000,Indonesia (national),2014-06-01,M,monthly,61.4,percent
bi_consumer_survey.expenditure_share.consumption.rp4_5juta,0000,Indonesia (national),2014-07-01,M,monthly,65.2,percent
bi_consumer_survey.expenditure_share.consumption.rp4_5juta,0000,Indonesia (national),2014-08-01,M,monthly,67.0,percent
bi_consumer_survey.expenditure_share.consumption.rp4_5juta,0000,Indonesia (national),2014-09-01,M,monthly,63.7,percent
bi_consumer_survey.expenditure_share.consumption.rp4_5juta,0000,Indonesia (national),2014-10-01,M,monthly,64.5,percent
bi_consumer_survey.expenditure_share.consumption.rp4_5juta,0000,Indonesia (national),2014-11-01,M,monthly,65.2,percent
bi_consumer_survey.expenditure_share.consumption.rp4_5juta,0000,Indonesia (national),2014-12-01,M,monthly,65.1,percent
bi_consumer_survey.expenditure_share.consumption.rp4_5juta,0000,Indonesia (national),2015-01-01,M,monthly,63.2,percent
bi_consumer_survey.expenditure_share.consumption.rp4_5juta,0000,Indonesia (national),2015-02-01,M,monthly,60.0,percent
bi_consumer_survey.expenditure_share.consumption.rp4_5juta,0000,Indonesia (national),2015-03-01,M,monthly,64.5,percent
bi_consumer_survey.expenditure_share.consumption.rp4_5juta,0000,Indonesia (national),2015-04-01,M,monthly,64.1,percent
bi_consumer_survey.expenditure_share.consumption.rp4_5juta,0000,Indonesia (national),2015-05-01,M,monthly,64.0,percent
bi_consumer_survey.expenditure_share.consumption.rp4_5juta,0000,Indonesia (national),2015-06-01,M,monthly,62.9,percent
bi_consumer_survey.expenditure_share.consumption.rp4_5juta,0000,Indonesia (national),2015-07-01,M,monthly,64.9,percent
bi_consumer_survey.expenditure_share.consumption.rp4_5juta,0000,Indonesia (national),2015-08-01,M,monthly,63.2,percent
bi_consumer_survey.expenditure_share.consumption.rp4_5juta,0000,Indonesia (national),2015-09-01,M,monthly,65.0,percent
bi_consumer_survey.expenditure_share.consumption.rp4_5juta,0000,Indonesia (national),2015-10-01,M,monthly,65.4,percent
bi_consumer_survey.expenditure_share.consumption.rp4_5juta,0000,Indonesia (national),2015-11-01,M,monthly,65.0,percent
bi_consumer_survey.expenditure_share.consumption.rp4_5juta,0000,Indonesia (national),2015-12-01,M,monthly,66.9,percent
bi_consumer_survey.expenditure_share.consumption.rp4_5juta,0000,Indonesia (national),2016-01-01,M,monthly,66.7,percent
bi_consumer_survey.expenditure_share.consumption.rp4_5juta,0000,Indonesia (national),2016-02-01,M,monthly,65.9,percent
bi_consumer_survey.expenditure_share.consumption.rp4_5juta,0000,Indonesia (national),2016-03-01,M,monthly,66.4,percent
bi_consumer_survey.expenditure_share.consumption.rp4_5juta,0000,Indonesia (national),2016-04-01,M,monthly,62.8,percent
bi_consumer_survey.expenditure_share.consumption.rp4_5juta,0000,Indonesia (national),2016-05-01,M,monthly,67.9,percent
bi_consumer_survey.expenditure_share.consumption.rp4_5juta,0000,Indonesia (national),2016-06-01,M,monthly,66.7,percent
bi_consumer_survey.expenditure_share.consumption.rp4_5juta,0000,Indonesia (national),2016-07-01,M,monthly,67.3,percent
bi_consumer_survey.expenditure_share.consumption.rp4_5juta,0000,Indonesia (national),2016-08-01,M,monthly,66.7,percent
bi_consumer_survey.expenditure_share.consumption.rp4_5juta,0000,Indonesia (national),2016-09-01,M,monthly,65.4,percent
bi_consumer_survey.expenditure_share.consumption.rp4_5juta,0000,Indonesia (national),2016-10-01,M,monthly,66.1,percent
bi_consumer_survey.expenditure_share.consumption.rp4_5juta,0000,Indonesia (national),2016-11-01,M,monthly,68.1,percent
bi_consumer_survey.expenditure_share.consumption.rp4_5juta,0000,Indonesia (national),2016-12-01,M,monthly,63.7,percent
bi_consumer_survey.expenditure_share.consumption.rp4_5juta,0000,Indonesia (national),2017-01-01,M,monthly,60.2,percent
bi_consumer_survey.expenditure_share.consumption.rp4_5juta,0000,Indonesia (national),2017-02-01,M,monthly,65.8,percent
bi_consumer_survey.expenditure_share.consumption.rp4_5juta,0000,Indonesia (national),2017-03-01,M,monthly,64.2,percent
bi_consumer_survey.expenditure_share.consumption.rp4_5juta,0000,Indonesia (national),2017-04-01,M,monthly,65.4,percent
bi_consumer_survey.expenditure_share.consumption.rp4_5juta,0000,Indonesia (national),2017-05-01,M,monthly,63.1,percent
bi_consumer_survey.expenditure_share.consumption.rp4_5juta,0000,Indonesia (national),2017-06-01,M,monthly,63.0,percent
bi_consumer_survey.expenditure_share.consumption.rp4_5juta,0000,Indonesia (national),2017-07-01,M,monthly,61.7,percent
bi_consumer_survey.expenditure_share.consumption.rp4_5juta,0000,Indonesia (national),2017-08-01,M,monthly,61.2,percent
bi_consumer_survey.expenditure_share.consumption.rp4_5juta,0000,Indonesia (national),2017-09-01,M,monthly,62.6,percent
bi_consumer_survey.expenditure_share.consumption.rp4_5juta,0000,Indonesia (national),2017-10-01,M,monthly,64.0,percent
bi_consumer_survey.expenditure_share.consumption.rp4_5juta,0000,Indonesia (national),2017-11-01,M,monthly,64.6,percent
bi_consumer_survey.expenditure_share.consumption.rp4_5juta,0000,Indonesia (national),2017-12-01,M,monthly,64.5,percent
bi_consumer_survey.expenditure_share.consumption.rp4_5juta,0000,Indonesia (national),2018-01-01,M,monthly,59.9,percent
bi_consumer_survey.expenditure_share.consumption.rp4_5juta,0000,Indonesia (national),2018-02-01,M,monthly,61.3,percent
bi_consumer_survey.expenditure_share.consumption.rp4_5juta,0000,Indonesia (national),2018-03-01,M,monthly,62.9,percent
bi_consumer_survey.expenditure_share.consumption.rp4_5juta,0000,Indonesia (national),2018-04-01,M,monthly,64.1,percent
bi_consumer_survey.expenditure_share.consumption.rp4_5juta,0000,Indonesia (national),2018-05-01,M,monthly,63.8,percent
bi_consumer_survey.expenditure_share.consumption.rp4_5juta,0000,Indonesia (national),2018-06-01,M,monthly,64.6,percent
bi_consumer_survey.expenditure_share.consumption.rp4_5juta,0000,Indonesia (national),2018-07-01,M,monthly,65.3,percent
bi_consumer_survey.expenditure_share.consumption.rp4_5juta,0000,Indonesia (national),2018-08-01,M,monthly,64.4,percent
bi_consumer_survey.expenditure_share.consumption.rp4_5juta,0000,Indonesia (national),2018-09-01,M,monthly,63.9,percent
bi_consumer_survey.expenditure_share.consumption.rp4_5juta,0000,Indonesia (national),2018-10-01,M,monthly,66.2,percent
bi_consumer_survey.expenditure_share.consumption.rp4_5juta,0000,Indonesia (national),2018-11-01,M,monthly,66.9,percent
bi_consumer_survey.expenditure_share.consumption.rp4_5juta,0000,Indonesia (national),2018-12-01,M,monthly,65.0,percent
bi_consumer_survey.expenditure_share.consumption.rp4_5juta,0000,Indonesia (national),2019-01-01,M,monthly,63.8,percent
bi_consumer_survey.expenditure_share.consumption.rp4_5juta,0000,Indonesia (national),2019-02-01,M,monthly,65.5,percent
bi_consumer_survey.expenditure_share.consumption.rp4_5juta,0000,Indonesia (national),2019-03-01,M,monthly,65.0,percent
bi_consumer_survey.expenditure_share.consumption.rp4_5juta,0000,Indonesia (national),2019-04-01,M,monthly,66.8,percent
bi_consumer_survey.expenditure_share.consumption.rp4_5juta,0000,Indonesia (national),2019-05-01,M,monthly,67.3,percent
bi_consumer_survey.expenditure_share.consumption.rp4_5juta,0000,Indonesia (national),2019-06-01,M,monthly,67.7,percent
bi_consumer_survey.expenditure_share.consumption.rp4_5juta,0000,Indonesia (national),2019-07-01,M,monthly,66.3,percent
bi_consumer_survey.expenditure_share.consumption.rp4_5juta,0000,Indonesia (national),2019-08-01,M,monthly,66.3,percent
bi_consumer_survey.expenditure_share.consumption.rp4_5juta,0000,Indonesia (national),2019-09-01,M,monthly,67.4,percent
bi_consumer_survey.expenditure_share.consumption.rp4_5juta,0000,Indonesia (national),2019-10-01,M,monthly,65.0,percent
bi_consumer_survey.expenditure_share.consumption.rp4_5juta,0000,Indonesia (national),2019-11-01,M,monthly,67.3,percent
bi_consumer_survey.expenditure_share.consumption.rp4_5juta,0000,Indonesia (national),2019-12-01,M,monthly,67.6,percent
bi_consumer_survey.expenditure_share.consumption.rp4_5juta,0000,Indonesia (national),2020-01-01,M,monthly,67.0,percent
bi_consumer_survey.expenditure_share.consumption.rp4_5juta,0000,Indonesia (national),2020-02-01,M,monthly,67.5,percent
bi_consumer_survey.expenditure_share.consumption.rp4_5juta,0000,Indonesia (national),2020-03-01,M,monthly,68.4,percent
bi_consumer_survey.expenditure_share.consumption.rp4_5juta,0000,Indonesia (national),2020-08-01,M,monthly,64.8,percent
bi_consumer_survey.expenditure_share.consumption.rp4_5juta,0000,Indonesia (national),2020-09-01,M,monthly,65.8,percent
bi_consumer_survey.expenditure_share.consumption.rp4_5juta,0000,Indonesia (national),2020-10-01,M,monthly,65.4,percent
bi_consumer_survey.expenditure_share.consumption.rp4_5juta,0000,Indonesia (national),2020-11-01,M,monthly,66.1,percent
bi_consumer_survey.expenditure_share.consumption.rp4_5juta,0000,Indonesia (national),2020-12-01,M,monthly,66.2,percent
bi_consumer_survey.expenditure_share.consumption.rp4_5juta,0000,Indonesia (national),2021-01-01,M,monthly,69.2,percent
bi_consumer_survey.expenditure_share.consumption.rp4_5juta,0000,Indonesia (national),2021-02-01,M,monthly,70.5,percent
bi_consumer_survey.expenditure_share.consumption.rp4_5juta,0000,Indonesia (national),2021-03-01,M,monthly,71.8,percent
bi_consumer_survey.expenditure_share.consumption.rp4_5juta,0000,Indonesia (national),2021-04-01,M,monthly,71.1,percent
bi_consumer_survey.expenditure_share.consumption.rp4_5juta,0000,Indonesia (national),2021-05-01,M,monthly,72.0,percent
bi_consumer_survey.expenditure_share.consumption.rp4_5juta,0000,Indonesia (national),2021-06-01,M,monthly,71.0,percent
bi_consumer_survey.expenditure_share.consumption.rp4_5juta,0000,Indonesia (national),2021-07-01,M,monthly,70.0,percent
bi_consumer_survey.expenditure_share.consumption.rp4_5juta,0000,Indonesia (national),2021-08-01,M,monthly,70.2,percent
bi_consumer_survey.expenditure_share.consumption.rp4_5juta,0000,Indonesia (national),2021-09-01,M,monthly,71.6,percent
bi_consumer_survey.expenditure_share.consumption.rp4_5juta,0000,Indonesia (national),2021-10-01,M,monthly,73.2,percent
bi_consumer_survey.expenditure_share.consumption.rp4_5juta,0000,Indonesia (national),2021-11-01,M,monthly,73.4,percent
bi_consumer_survey.expenditure_share.consumption.rp4_5juta,0000,Indonesia (national),2021-12-01,M,monthly,72.9,percent
bi_consumer_survey.expenditure_share.consumption.rp4_5juta,0000,Indonesia (national),2022-01-01,M,monthly,71.8,percent
bi_consumer_survey.expenditure_share.consumption.rp4_5juta,0000,Indonesia (national),2022-02-01,M,monthly,70.3,percent
bi_consumer_survey.expenditure_share.consumption.rp4_5juta,0000,Indonesia (national),2022-03-01,M,monthly,69.9,percent
bi_consumer_survey.expenditure_share.consumption.rp4_5juta,0000,Indonesia (national),2022-04-01,M,monthly,70.1,percent
bi_consumer_survey.expenditure_share.consumption.rp4_5juta,0000,Indonesia (national),2022-05-01,M,monthly,71.1,percent
bi_consumer_survey.expenditure_share.consumption.rp4_5juta,0000,Indonesia (national),2022-06-01,M,monthly,70.0,percent
bi_consumer_survey.expenditure_share.consumption.rp4_5juta,0000,Indonesia (national),2022-07-01,M,monthly,68.6,percent
bi_consumer_survey.expenditure_share.consumption.rp4_5juta,0000,Indonesia (national),2022-08-01,M,monthly,70.8,percent
bi_consumer_survey.expenditure_share.consumption.rp4_5juta,0000,Indonesia (national),2022-09-01,M,monthly,72.3,percent
bi_consumer_survey.expenditure_share.consumption.rp4_5juta,0000,Indonesia (national),2022-10-01,M,monthly,72.5,percent
bi_consumer_survey.expenditure_share.consumption.rp4_5juta,0000,Indonesia (national),2022-11-01,M,monthly,70.4,percent
bi_consumer_survey.expenditure_share.consumption.rp4_5juta,0000,Indonesia (national),2022-12-01,M,monthly,72.1,percent
bi_consumer_survey.expenditure_share.consumption.rp4_5juta,0000,Indonesia (national),2023-01-01,M,monthly,69.4,percent
bi_consumer_survey.expenditure_share.consumption.rp4_5juta,0000,Indonesia (national),2023-02-01,M,monthly,70.8,percent
bi_consumer_survey.expenditure_share.consumption.rp4_5juta,0000,Indonesia (national),2023-03-01,M,monthly,72.9,percent
bi_consumer_survey.expenditure_share.consumption.rp4_5juta,0000,Indonesia (national),2023-04-01,M,monthly,71.4,percent
bi_consumer_survey.expenditure_share.consumption.rp4_5juta,0000,Indonesia (national),2023-05-01,M,monthly,73.1,percent
bi_consumer_survey.expenditure_share.consumption.rp4_5juta,0000,Indonesia (national),2023-06-01,M,monthly,74.4,percent
bi_consumer_survey.expenditure_share.consumption.rp4_5juta,0000,Indonesia (national),2023-07-01,M,monthly,72.1,percent
bi_consumer_survey.expenditure_share.consumption.rp4_5juta,0000,Indonesia (national),2023-08-01,M,monthly,71.2,percent
bi_consumer_survey.expenditure_share.consumption.rp4_5juta,0000,Indonesia (national),2023-09-01,M,monthly,73.2,percent
bi_consumer_survey.expenditure_share.consumption.rp4_5juta,0000,Indonesia (national),2023-10-01,M,monthly,73.2,percent
bi_consumer_survey.expenditure_share.consumption.rp4_5juta,0000,Indonesia (national),2023-11-01,M,monthly,72.2,percent
bi_consumer_survey.expenditure_share.consumption.rp4_5juta,0000,Indonesia (national),2023-12-01,M,monthly,71.2,percent
bi_consumer_survey.expenditure_share.consumption.rp4_5juta,0000,Indonesia (national),2024-01-01,M,monthly,71.3,percent
bi_consumer_survey.expenditure_share.consumption.rp4_5juta,0000,Indonesia (national),2024-02-01,M,monthly,70.5,percent
bi_consumer_survey.expenditure_share.consumption.rp4_5juta,0000,Indonesia (national),2024-03-01,M,monthly,70.5,percent
bi_consumer_survey.expenditure_share.consumption.rp4_5juta,0000,Indonesia (national),2024-04-01,M,monthly,69.2,percent
bi_consumer_survey.expenditure_share.consumption.rp4_5juta,0000,Indonesia (national),2024-05-01,M,monthly,69.4,percent
bi_consumer_survey.expenditure_share.consumption.rp4_5juta,0000,Indonesia (national),2024-06-01,M,monthly,72.6,percent
bi_consumer_survey.expenditure_share.consumption.rp4_5juta,0000,Indonesia (national),2024-07-01,M,monthly,69.5,percent
bi_consumer_survey.expenditure_share.consumption.rp4_5juta,0000,Indonesia (national),2024-08-01,M,monthly,70.4,percent
bi_consumer_survey.expenditure_share.consumption.rp4_5juta,0000,Indonesia (national),2024-09-01,M,monthly,71.7,percent
bi_consumer_survey.expenditure_share.consumption.rp4_5juta,0000,Indonesia (national),2024-10-01,M,monthly,72.3,percent
bi_consumer_survey.expenditure_share.consumption.rp4_5juta,0000,Indonesia (national),2024-11-01,M,monthly,73.1,percent
bi_consumer_survey.expenditure_share.consumption.rp4_5juta,0000,Indonesia (national),2024-12-01,M,monthly,72.6,percent
bi_consumer_survey.expenditure_share.consumption.rp4_5juta,0000,Indonesia (national),2025-01-01,M,monthly,70.9,percent
bi_consumer_survey.expenditure_share.consumption.rp4_5juta,0000,Indonesia (national),2025-02-01,M,monthly,73.8,percent
bi_consumer_survey.expenditure_share.consumption.rp4_5juta,0000,Indonesia (national),2025-03-01,M,monthly,72.6,percent
bi_consumer_survey.expenditure_share.consumption.rp4_5juta,0000,Indonesia (national),2025-04-01,M,monthly,73.0,percent
bi_consumer_survey.expenditure_share.consumption.rp4_5juta,0000,Indonesia (national),2025-05-01,M,monthly,72.6,percent
bi_consumer_survey.expenditure_share.consumption.rp4_5juta,0000,Indonesia (national),2025-06-01,M,monthly,73.9,percent
bi_consumer_survey.expenditure_share.consumption.rp4_5juta,0000,Indonesia (national),2025-07-01,M,monthly,74.4,percent
bi_consumer_survey.expenditure_share.consumption.rp4_5juta,0000,Indonesia (national),2025-08-01,M,monthly,75.1,percent
bi_consumer_survey.expenditure_share.consumption.rp4_5juta,0000,Indonesia (national),2025-09-01,M,monthly,72.4,percent
bi_consumer_survey.expenditure_share.consumption.rp4_5juta,0000,Indonesia (national),2025-10-01,M,monthly,73.6,percent
bi_consumer_survey.expenditure_share.consumption.rp4_5juta,0000,Indonesia (national),2025-11-01,M,monthly,73.8,percent
bi_consumer_survey.expenditure_share.consumption.rp4_5juta,0000,Indonesia (national),2025-12-01,M,monthly,70.9,percent
bi_consumer_survey.expenditure_share.consumption.rp4_5juta,0000,Indonesia (national),2026-01-01,M,monthly,72.0,percent
bi_consumer_survey.expenditure_share.consumption.rp4_5juta,0000,Indonesia (national),2026-02-01,M,monthly,71.3,percent
bi_consumer_survey.expenditure_share.consumption.rp4_5juta,0000,Indonesia (national),2026-03-01,M,monthly,71.0,percent
bi_consumer_survey.expenditure_share.consumption.rp4_5juta,0000,Indonesia (national),2026-04-01,M,monthly,71.1,percent
bi_consumer_survey.expenditure_share.consumption.rp4_5juta,0000,Indonesia (national),2026-05-01,M,monthly,70.7,percent
bi_consumer_survey.expenditure_share.consumption.rp4_5juta,0000,Indonesia (national),2026-06-01,M,monthly,71.8,percent
bi_consumer_survey.expenditure_share.consumption.rp4_5juta,0000,Indonesia (national),2026-07-01,M,monthly,71.3,percent
bi_consumer_survey.expenditure_share.consumption.rp4_5juta,0000,Indonesia (national),2026-08-01,M,monthly,72.3,percent
bi_consumer_survey.expenditure_share.loan_instalment,0000,Indonesia (national),2012-01-01,M,monthly,13.5,percent
bi_consumer_survey.expenditure_share.loan_instalment,0000,Indonesia (national),2012-02-01,M,monthly,13.8,percent
bi_consumer_survey.expenditure_share.loan_instalment,0000,Indonesia (national),2012-03-01,M,monthly,14.1,percent
bi_consumer_survey.expenditure_share.loan_instalment,0000,Indonesia (national),2012-04-01,M,monthly,13.5,percent
bi_consumer_survey.expenditure_share.loan_instalment,0000,Indonesia (national),2012-05-01,M,monthly,13.8,percent
bi_consumer_survey.expenditure_share.loan_instalment,0000,Indonesia (national),2012-06-01,M,monthly,13.1,percent
bi_consumer_survey.expenditure_share.loan_instalment,0000,Indonesia (national),2012-07-01,M,monthly,14.4,percent
bi_consumer_survey.expenditure_share.loan_instalment,0000,Indonesia (national),2012-08-01,M,monthly,13.5,percent
bi_consumer_survey.expenditure_share.loan_instalment,0000,Indonesia (national),2012-09-01,M,monthly,12.9,percent
bi_consumer_survey.expenditure_share.loan_instalment,0000,Indonesia (national),2012-10-01,M,monthly,14.1,percent
bi_consumer_survey.expenditure_share.loan_instalment,0000,Indonesia (national),2012-11-01,M,monthly,14.6,percent
bi_consumer_survey.expenditure_share.loan_instalment,0000,Indonesia (national),2012-12-01,M,monthly,14.0,percent
bi_consumer_survey.expenditure_share.loan_instalment,0000,Indonesia (national),2013-01-01,M,monthly,14.1,percent
bi_consumer_survey.expenditure_share.loan_instalment,0000,Indonesia (national),2013-02-01,M,monthly,13.8,percent
bi_consumer_survey.expenditure_share.loan_instalment,0000,Indonesia (national),2013-03-01,M,monthly,13.1,percent
bi_consumer_survey.expenditure_share.loan_instalment,0000,Indonesia (national),2013-04-01,M,monthly,13.9,percent
bi_consumer_survey.expenditure_share.loan_instalment,0000,Indonesia (national),2013-05-01,M,monthly,13.8,percent
bi_consumer_survey.expenditure_share.loan_instalment,0000,Indonesia (national),2013-06-01,M,monthly,13.8,percent
bi_consumer_survey.expenditure_share.loan_instalment,0000,Indonesia (national),2013-07-01,M,monthly,14.2,percent
bi_consumer_survey.expenditure_share.loan_instalment,0000,Indonesia (national),2013-08-01,M,monthly,13.3,percent
bi_consumer_survey.expenditure_share.loan_instalment,0000,Indonesia (national),2013-09-01,M,monthly,13.6,percent
bi_consumer_survey.expenditure_share.loan_instalment,0000,Indonesia (national),2013-10-01,M,monthly,14.3,percent
bi_consumer_survey.expenditure_share.loan_instalment,0000,Indonesia (national),2013-11-01,M,monthly,12.9,percent
bi_consumer_survey.expenditure_share.loan_instalment,0000,Indonesia (national),2013-12-01,M,monthly,13.6,percent
bi_consumer_survey.expenditure_share.loan_instalment,0000,Indonesia (national),2014-01-01,M,monthly,14.0,percent
bi_consumer_survey.expenditure_share.loan_instalment,0000,Indonesia (national),2014-02-01,M,monthly,13.4,percent
bi_consumer_survey.expenditure_share.loan_instalment,0000,Indonesia (national),2014-03-01,M,monthly,12.8,percent
bi_consumer_survey.expenditure_share.loan_instalment,0000,Indonesia (national),2014-04-01,M,monthly,12.9,percent
bi_consumer_survey.expenditure_share.loan_instalment,0000,Indonesia (national),2014-05-01,M,monthly,12.9,percent
bi_consumer_survey.expenditure_share.loan_instalment,0000,Indonesia (national),2014-06-01,M,monthly,13.0,percent
bi_consumer_survey.expenditure_share.loan_instalment,0000,Indonesia (national),2014-07-01,M,monthly,13.7,percent
bi_consumer_survey.expenditure_share.loan_instalment,0000,Indonesia (national),2014-08-01,M,monthly,13.6,percent
bi_consumer_survey.expenditure_share.loan_instalment,0000,Indonesia (national),2014-09-01,M,monthly,13.7,percent
bi_consumer_survey.expenditure_share.loan_instalment,0000,Indonesia (national),2014-10-01,M,monthly,12.8,percent
bi_consumer_survey.expenditure_share.loan_instalment,0000,Indonesia (national),2014-11-01,M,monthly,13.0,percent
bi_consumer_survey.expenditure_share.loan_instalment,0000,Indonesia (national),2014-12-01,M,monthly,13.0,percent
bi_consumer_survey.expenditure_share.loan_instalment,0000,Indonesia (national),2015-01-01,M,monthly,14.2,percent
bi_consumer_survey.expenditure_share.loan_instalment,0000,Indonesia (national),2015-02-01,M,monthly,14.3,percent
bi_consumer_survey.expenditure_share.loan_instalment,0000,Indonesia (national),2015-03-01,M,monthly,13.5,percent
bi_consumer_survey.expenditure_share.loan_instalment,0000,Indonesia (national),2015-04-01,M,monthly,14.5,percent
bi_consumer_survey.expenditure_share.loan_instalment,0000,Indonesia (national),2015-05-01,M,monthly,13.0,percent
bi_consumer_survey.expenditure_share.loan_instalment,0000,Indonesia (national),2015-06-01,M,monthly,13.2,percent
bi_consumer_survey.expenditure_share.loan_instalment,0000,Indonesia (national),2015-07-01,M,monthly,13.6,percent
bi_consumer_survey.expenditure_share.loan_instalment,0000,Indonesia (national),2015-08-01,M,monthly,13.5,percent
bi_consumer_survey.expenditure_share.loan_instalment,0000,Indonesia (national),2015-09-01,M,monthly,12.7,percent
bi_consumer_survey.expenditure_share.loan_instalment,0000,Indonesia (national),2015-10-01,M,monthly,13.0,percent
bi_consumer_survey.expenditure_share.loan_instalment,0000,Indonesia (national),2015-11-01,M,monthly,13.1,percent
bi_consumer_survey.expenditure_share.loan_instalment,0000,Indonesia (national),2015-12-01,M,monthly,12.9,percent
bi_consumer_survey.expenditure_share.loan_instalment,0000,Indonesia (national),2016-01-01,M,monthly,12.1,percent
bi_consumer_survey.expenditure_share.loan_instalment,0000,Indonesia (national),2016-02-01,M,monthly,11.8,percent
bi_consumer_survey.expenditure_share.loan_instalment,0000,Indonesia (national),2016-03-01,M,monthly,12.0,percent
bi_consumer_survey.expenditure_share.loan_instalment,0000,Indonesia (national),2016-04-01,M,monthly,12.2,percent
bi_consumer_survey.expenditure_share.loan_instalment,0000,Indonesia (national),2016-05-01,M,monthly,11.9,percent
bi_consumer_survey.expenditure_share.loan_instalment,0000,Indonesia (national),2016-06-01,M,monthly,11.3,percent
bi_consumer_survey.expenditure_share.loan_instalment,0000,Indonesia (national),2016-07-01,M,monthly,12.4,percent
bi_consumer_survey.expenditure_share.loan_instalment,0000,Indonesia (national),2016-08-01,M,monthly,12.4,percent
bi_consumer_survey.expenditure_share.loan_instalment,0000,Indonesia (national),2016-09-01,M,monthly,11.9,percent
bi_consumer_survey.expenditure_share.loan_instalment,0000,Indonesia (national),2016-10-01,M,monthly,11.6,percent
bi_consumer_survey.expenditure_share.loan_instalment,0000,Indonesia (national),2016-11-01,M,monthly,11.5,percent
bi_consumer_survey.expenditure_share.loan_instalment,0000,Indonesia (national),2016-12-01,M,monthly,13.0,percent
bi_consumer_survey.expenditure_share.loan_instalment,0000,Indonesia (national),2017-01-01,M,monthly,16.9,percent
bi_consumer_survey.expenditure_share.loan_instalment,0000,Indonesia (national),2017-02-01,M,monthly,14.6,percent
bi_consumer_survey.expenditure_share.loan_instalment,0000,Indonesia (national),2017-03-01,M,monthly,14.8,percent
bi_consumer_survey.expenditure_share.loan_instalment,0000,Indonesia (national),2017-04-01,M,monthly,14.6,percent
bi_consumer_survey.expenditure_share.loan_instalment,0000,Indonesia (national),2017-05-01,M,monthly,14.9,percent
bi_consumer_survey.expenditure_share.loan_instalment,0000,Indonesia (national),2017-06-01,M,monthly,14.5,percent
bi_consumer_survey.expenditure_share.loan_instalment,0000,Indonesia (national),2017-07-01,M,monthly,15.4,percent
bi_consumer_survey.expenditure_share.loan_instalment,0000,Indonesia (national),2017-08-01,M,monthly,15.1,percent
bi_consumer_survey.expenditure_share.loan_instalment,0000,Indonesia (national),2017-09-01,M,monthly,14.4,percent
bi_consumer_survey.expenditure_share.loan_instalment,0000,Indonesia (national),2017-10-01,M,monthly,14.1,percent
bi_consumer_survey.expenditure_share.loan_instalment,0000,Indonesia (national),2017-11-01,M,monthly,13.6,percent
bi_consumer_survey.expenditure_share.loan_instalment,0000,Indonesia (national),2017-12-01,M,monthly,13.8,percent
bi_consumer_survey.expenditure_share.loan_instalment,0000,Indonesia (national),2018-01-01,M,monthly,15.0,percent
bi_consumer_survey.expenditure_share.loan_instalment,0000,Indonesia (national),2018-02-01,M,monthly,14.4,percent
bi_consumer_survey.expenditure_share.loan_instalment,0000,Indonesia (national),2018-03-01,M,monthly,13.7,percent
bi_consumer_survey.expenditure_share.loan_instalment,0000,Indonesia (national),2018-04-01,M,monthly,13.9,percent
bi_consumer_survey.expenditure_share.loan_instalment,0000,Indonesia (national),2018-05-01,M,monthly,14.2,percent
bi_consumer_survey.expenditure_share.loan_instalment,0000,Indonesia (national),2018-06-01,M,monthly,13.5,percent
bi_consumer_survey.expenditure_share.loan_instalment,0000,Indonesia (national),2018-07-01,M,monthly,13.4,percent
bi_consumer_survey.expenditure_share.loan_instalment,0000,Indonesia (national),2018-08-01,M,monthly,13.8,percent
bi_consumer_survey.expenditure_share.loan_instalment,0000,Indonesia (national),2018-09-01,M,monthly,12.8,percent
bi_consumer_survey.expenditure_share.loan_instalment,0000,Indonesia (national),2018-10-01,M,monthly,12.8,percent
bi_consumer_survey.expenditure_share.loan_instalment,0000,Indonesia (national),2018-11-01,M,monthly,12.8,percent
bi_consumer_survey.expenditure_share.loan_instalment,0000,Indonesia (national),2018-12-01,M,monthly,12.3,percent
bi_consumer_survey.expenditure_share.loan_instalment,0000,Indonesia (national),2019-01-01,M,monthly,13.0,percent
bi_consumer_survey.expenditure_share.loan_instalment,0000,Indonesia (national),2019-02-01,M,monthly,12.5,percent
bi_consumer_survey.expenditure_share.loan_instalment,0000,Indonesia (national),2019-03-01,M,monthly,11.8,percent
bi_consumer_survey.expenditure_share.loan_instalment,0000,Indonesia (national),2019-04-01,M,monthly,11.5,percent
bi_consumer_survey.expenditure_share.loan_instalment,0000,Indonesia (national),2019-05-01,M,monthly,11.6,percent
bi_consumer_survey.expenditure_share.loan_instalment,0000,Indonesia (national),2019-06-01,M,monthly,11.2,percent
bi_consumer_survey.expenditure_share.loan_instalment,0000,Indonesia (national),2019-07-01,M,monthly,12.2,percent
bi_consumer_survey.expenditure_share.loan_instalment,0000,Indonesia (national),2019-08-01,M,monthly,12.5,percent
bi_consumer_survey.expenditure_share.loan_instalment,0000,Indonesia (national),2019-09-01,M,monthly,11.6,percent
bi_consumer_survey.expenditure_share.loan_instalment,0000,Indonesia (national),2019-10-01,M,monthly,12.2,percent
bi_consumer_survey.expenditure_share.loan_instalment,0000,Indonesia (national),2019-11-01,M,monthly,11.8,percent
bi_consumer_survey.expenditure_share.loan_instalment,0000,Indonesia (national),2019-12-01,M,monthly,11.3,percent
bi_consumer_survey.expenditure_share.loan_instalment,0000,Indonesia (national),2020-01-01,M,monthly,12.5,percent
bi_consumer_survey.expenditure_share.loan_instalment,0000,Indonesia (national),2020-02-01,M,monthly,12.8,percent
bi_consumer_survey.expenditure_share.loan_instalment,0000,Indonesia (national),2020-03-01,M,monthly,12.3,percent
bi_consumer_survey.expenditure_share.loan_instalment,0000,Indonesia (national),2020-08-01,M,monthly,12.2,percent
bi_consumer_survey.expenditure_share.loan_instalment,0000,Indonesia (national),2020-09-01,M,monthly,11.4,percent
bi_consumer_survey.expenditure_share.loan_instalment,0000,Indonesia (national),2020-10-01,M,monthly,11.3,percent
bi_consumer_survey.expenditure_share.loan_instalment,0000,Indonesia (national),2020-11-01,M,monthly,11.8,percent
bi_consumer_survey.expenditure_share.loan_instalment,0000,Indonesia (national),2020-12-01,M,monthly,10.2,percent
bi_consumer_survey.expenditure_share.loan_instalment,0000,Indonesia (national),2021-01-01,M,monthly,11.5,percent
bi_consumer_survey.expenditure_share.loan_instalment,0000,Indonesia (national),2021-02-01,M,monthly,11.4,percent
bi_consumer_survey.expenditure_share.loan_instalment,0000,Indonesia (national),2021-03-01,M,monthly,11.0,percent
bi_consumer_survey.expenditure_share.loan_instalment,0000,Indonesia (national),2021-04-01,M,monthly,9.7,percent
bi_consumer_survey.expenditure_share.loan_instalment,0000,Indonesia (national),2021-05-01,M,monthly,9.6,percent
bi_consumer_survey.expenditure_share.loan_instalment,0000,Indonesia (national),2021-06-01,M,monthly,9.6,percent
bi_consumer_survey.expenditure_share.loan_instalment,0000,Indonesia (national),2021-07-01,M,monthly,10.3,percent
bi_consumer_survey.expenditure_share.loan_instalment,0000,Indonesia (national),2021-08-01,M,monthly,10.4,percent
bi_consumer_survey.expenditure_share.loan_instalment,0000,Indonesia (national),2021-09-01,M,monthly,10.9,percent
bi_consumer_survey.expenditure_share.loan_instalment,0000,Indonesia (national),2021-10-01,M,monthly,9.9,percent
bi_consumer_survey.expenditure_share.loan_instalment,0000,Indonesia (national),2021-11-01,M,monthly,9.3,percent
bi_consumer_survey.expenditure_share.loan_instalment,0000,Indonesia (national),2021-12-01,M,monthly,9.7,percent
bi_consumer_survey.expenditure_share.loan_instalment,0000,Indonesia (national),2022-01-01,M,monthly,10.0,percent
bi_consumer_survey.expenditure_share.loan_instalment,0000,Indonesia (national),2022-02-01,M,monthly,10.3,percent
bi_consumer_survey.expenditure_share.loan_instalment,0000,Indonesia (national),2022-03-01,M,monthly,9.7,percent
bi_consumer_survey.expenditure_share.loan_instalment,0000,Indonesia (national),2022-04-01,M,monthly,9.7,percent
bi_consumer_survey.expenditure_share.loan_instalment,0000,Indonesia (national),2022-05-01,M,monthly,9.7,percent
bi_consumer_survey.expenditure_share.loan_instalment,0000,Indonesia (national),2022-06-01,M,monthly,9.6,percent
bi_consumer_survey.expenditure_share.loan_instalment,0000,Indonesia (national),2022-07-01,M,monthly,9.6,percent
bi_consumer_survey.expenditure_share.loan_instalment,0000,Indonesia (national),2022-08-01,M,monthly,9.6,percent
bi_consumer_survey.expenditure_share.loan_instalment,0000,Indonesia (national),2022-09-01,M,monthly,9.4,percent
bi_consumer_survey.expenditure_share.loan_instalment,0000,Indonesia (national),2022-10-01,M,monthly,9.2,percent
bi_consumer_survey.expenditure_share.loan_instalment,0000,Indonesia (national),2022-11-01,M,monthly,9.6,percent
bi_consumer_survey.expenditure_share.loan_instalment,0000,Indonesia (national),2022-12-01,M,monthly,9.2,percent
bi_consumer_survey.expenditure_share.loan_instalment,0000,Indonesia (national),2023-01-01,M,monthly,9.7,percent
bi_consumer_survey.expenditure_share.loan_instalment,0000,Indonesia (national),2023-02-01,M,monthly,8.6,percent
bi_consumer_survey.expenditure_share.loan_instalment,0000,Indonesia (national),2023-03-01,M,monthly,8.7,percent
bi_consumer_survey.expenditure_share.loan_instalment,0000,Indonesia (national),2023-04-01,M,monthly,8.4,percent
bi_consumer_survey.expenditure_share.loan_instalment,0000,Indonesia (national),2023-05-01,M,monthly,8.8,percent
bi_consumer_survey.expenditure_share.loan_instalment,0000,Indonesia (national),2023-06-01,M,monthly,9.0,percent
bi_consumer_survey.expenditure_share.loan_instalment,0000,Indonesia (national),2023-07-01,M,monthly,9.1,percent
bi_consumer_survey.expenditure_share.loan_instalment,0000,Indonesia (national),2023-08-01,M,monthly,8.6,percent
bi_consumer_survey.expenditure_share.loan_instalment,0000,Indonesia (national),2023-09-01,M,monthly,8.5,percent
bi_consumer_survey.expenditure_share.loan_instalment,0000,Indonesia (national),2023-10-01,M,monthly,8.8,percent
bi_consumer_survey.expenditure_share.loan_instalment,0000,Indonesia (national),2023-11-01,M,monthly,9.3,percent
bi_consumer_survey.expenditure_share.loan_instalment,0000,Indonesia (national),2023-12-01,M,monthly,10.0,percent
bi_consumer_survey.expenditure_share.loan_instalment,0000,Indonesia (national),2024-01-01,M,monthly,9.3,percent
bi_consumer_survey.expenditure_share.loan_instalment,0000,Indonesia (national),2024-02-01,M,monthly,10.3,percent
bi_consumer_survey.expenditure_share.loan_instalment,0000,Indonesia (national),2024-03-01,M,monthly,9.4,percent
bi_consumer_survey.expenditure_share.loan_instalment,0000,Indonesia (national),2024-04-01,M,monthly,9.7,percent
bi_consumer_survey.expenditure_share.loan_instalment,0000,Indonesia (national),2024-05-01,M,monthly,10.3,percent
bi_consumer_survey.expenditure_share.loan_instalment,0000,Indonesia (national),2024-06-01,M,monthly,9.6,percent
bi_consumer_survey.expenditure_share.loan_instalment,0000,Indonesia (national),2024-07-01,M,monthly,10.7,percent
bi_consumer_survey.expenditure_share.loan_instalment,0000,Indonesia (national),2024-08-01,M,monthly,10.9,percent
bi_consumer_survey.expenditure_share.loan_instalment,0000,Indonesia (national),2024-09-01,M,monthly,10.6,percent
bi_consumer_survey.expenditure_share.loan_instalment,0000,Indonesia (national),2024-10-01,M,monthly,10.5,percent
bi_consumer_survey.expenditure_share.loan_instalment,0000,Indonesia (national),2024-11-01,M,monthly,10.5,percent
bi_consumer_survey.expenditure_share.loan_instalment,0000,Indonesia (national),2024-12-01,M,monthly,10.5,percent
bi_consumer_survey.expenditure_share.loan_instalment,0000,Indonesia (national),2025-01-01,M,monthly,11.1,percent
bi_consumer_survey.expenditure_share.loan_instalment,0000,Indonesia (national),2025-02-01,M,monthly,10.6,percent
bi_consumer_survey.expenditure_share.loan_instalment,0000,Indonesia (national),2025-03-01,M,monthly,10.8,percent
bi_consumer_survey.expenditure_share.loan_instalment,0000,Indonesia (national),2025-04-01,M,monthly,10.5,percent
bi_consumer_survey.expenditure_share.loan_instalment,0000,Indonesia (national),2025-05-01,M,monthly,10.8,percent
bi_consumer_survey.expenditure_share.loan_instalment,0000,Indonesia (national),2025-06-01,M,monthly,10.8,percent
bi_consumer_survey.expenditure_share.loan_instalment,0000,Indonesia (national),2025-07-01,M,monthly,10.9,percent
bi_consumer_survey.expenditure_share.loan_instalment,0000,Indonesia (national),2025-08-01,M,monthly,11.4,percent
bi_consumer_survey.expenditure_share.loan_instalment,0000,Indonesia (national),2025-09-01,M,monthly,11.2,percent
bi_consumer_survey.expenditure_share.loan_instalment,0000,Indonesia (national),2025-10-01,M,monthly,11.0,percent
bi_consumer_survey.expenditure_share.loan_instalment,0000,Indonesia (national),2025-11-01,M,monthly,11.0,percent
bi_consumer_survey.expenditure_share.loan_instalment,0000,Indonesia (national),2025-12-01,M,monthly,10.8,percent
bi_consumer_survey.expenditure_share.loan_instalment,0000,Indonesia (national),2026-01-01,M,monthly,11.2,percent
bi_consumer_survey.expenditure_share.loan_instalment,0000,Indonesia (national),2026-02-01,M,monthly,10.6,percent
bi_consumer_survey.expenditure_share.loan_instalment,0000,Indonesia (national),2026-03-01,M,monthly,10.2,percent
bi_consumer_survey.expenditure_share.loan_instalment,0000,Indonesia (national),2026-04-01,M,monthly,9.7,percent
bi_consumer_survey.expenditure_share.loan_instalment,0000,Indonesia (national),2026-05-01,M,monthly,10.2,percent
bi_consumer_survey.expenditure_share.loan_instalment,0000,Indonesia (national),2026-06-01,M,monthly,10.0,percent
bi_consumer_survey.expenditure_share.loan_instalment,0000,Indonesia (national),2026-07-01,M,monthly,10.5,percent
bi_consumer_survey.expenditure_share.loan_instalment,0000,Indonesia (national),2026-08-01,M,monthly,10.0,percent
bi_consumer_survey.expenditure_share.loan_instalment.above_rp5juta,0000,Indonesia (national),2012-01-01,M,monthly,16.5,percent
bi_consumer_survey.expenditure_share.loan_instalment.above_rp5juta,0000,Indonesia (national),2012-02-01,M,monthly,20.3,percent
bi_consumer_survey.expenditure_share.loan_instalment.above_rp5juta,0000,Indonesia (national),2012-03-01,M,monthly,17.1,percent
bi_consumer_survey.expenditure_share.loan_instalment.above_rp5juta,0000,Indonesia (national),2012-04-01,M,monthly,16.6,percent
bi_consumer_survey.expenditure_share.loan_instalment.above_rp5juta,0000,Indonesia (national),2012-05-01,M,monthly,16.7,percent
bi_consumer_survey.expenditure_share.loan_instalment.above_rp5juta,0000,Indonesia (national),2012-06-01,M,monthly,16.2,percent
bi_consumer_survey.expenditure_share.loan_instalment.above_rp5juta,0000,Indonesia (national),2012-07-01,M,monthly,18.7,percent
bi_consumer_survey.expenditure_share.loan_instalment.above_rp5juta,0000,Indonesia (national),2012-08-01,M,monthly,16.5,percent
bi_consumer_survey.expenditure_share.loan_instalment.above_rp5juta,0000,Indonesia (national),2012-09-01,M,monthly,17.2,percent
bi_consumer_survey.expenditure_share.loan_instalment.above_rp5juta,0000,Indonesia (national),2012-10-01,M,monthly,18.0,percent
bi_consumer_survey.expenditure_share.loan_instalment.above_rp5juta,0000,Indonesia (national),2012-11-01,M,monthly,17.9,percent
bi_consumer_survey.expenditure_share.loan_instalment.above_rp5juta,0000,Indonesia (national),2012-12-01,M,monthly,17.2,percent
bi_consumer_survey.expenditure_share.loan_instalment.above_rp5juta,0000,Indonesia (national),2013-01-01,M,monthly,17.4,percent
bi_consumer_survey.expenditure_share.loan_instalment.above_rp5juta,0000,Indonesia (national),2013-02-01,M,monthly,18.8,percent
bi_consumer_survey.expenditure_share.loan_instalment.above_rp5juta,0000,Indonesia (national),2013-03-01,M,monthly,15.2,percent
bi_consumer_survey.expenditure_share.loan_instalment.above_rp5juta,0000,Indonesia (national),2013-04-01,M,monthly,17.3,percent
bi_consumer_survey.expenditure_share.loan_instalment.above_rp5juta,0000,Indonesia (national),2013-05-01,M,monthly,18.2,percent
bi_consumer_survey.expenditure_share.loan_instalment.above_rp5juta,0000,Indonesia (national),2013-06-01,M,monthly,16.9,percent
bi_consumer_survey.expenditure_share.loan_instalment.above_rp5juta,0000,Indonesia (national),2013-07-01,M,monthly,20.5,percent
bi_consumer_survey.expenditure_share.loan_instalment.above_rp5juta,0000,Indonesia (national),2013-08-01,M,monthly,21.0,percent
bi_consumer_survey.expenditure_share.loan_instalment.above_rp5juta,0000,Indonesia (national),2013-09-01,M,monthly,17.8,percent
bi_consumer_survey.expenditure_share.loan_instalment.above_rp5juta,0000,Indonesia (national),2013-10-01,M,monthly,17.8,percent
bi_consumer_survey.expenditure_share.loan_instalment.above_rp5juta,0000,Indonesia (national),2013-11-01,M,monthly,15.0,percent
bi_consumer_survey.expenditure_share.loan_instalment.above_rp5juta,0000,Indonesia (national),2013-12-01,M,monthly,18.0,percent
bi_consumer_survey.expenditure_share.loan_instalment.above_rp5juta,0000,Indonesia (national),2014-01-01,M,monthly,16.9,percent
bi_consumer_survey.expenditure_share.loan_instalment.above_rp5juta,0000,Indonesia (national),2014-02-01,M,monthly,18.3,percent
bi_consumer_survey.expenditure_share.loan_instalment.above_rp5juta,0000,Indonesia (national),2014-03-01,M,monthly,15.8,percent
bi_consumer_survey.expenditure_share.loan_instalment.above_rp5juta,0000,Indonesia (national),2014-04-01,M,monthly,18.5,percent
bi_consumer_survey.expenditure_share.loan_instalment.above_rp5juta,0000,Indonesia (national),2014-05-01,M,monthly,17.7,percent
bi_consumer_survey.expenditure_share.loan_instalment.above_rp5juta,0000,Indonesia (national),2014-06-01,M,monthly,17.8,percent
bi_consumer_survey.expenditure_share.loan_instalment.above_rp5juta,0000,Indonesia (national),2014-07-01,M,monthly,17.7,percent
bi_consumer_survey.expenditure_share.loan_instalment.above_rp5juta,0000,Indonesia (national),2014-08-01,M,monthly,16.9,percent
bi_consumer_survey.expenditure_share.loan_instalment.above_rp5juta,0000,Indonesia (national),2014-09-01,M,monthly,16.6,percent
bi_consumer_survey.expenditure_share.loan_instalment.above_rp5juta,0000,Indonesia (national),2014-10-01,M,monthly,16.5,percent
bi_consumer_survey.expenditure_share.loan_instalment.above_rp5juta,0000,Indonesia (national),2014-11-01,M,monthly,17.9,percent
bi_consumer_survey.expenditure_share.loan_instalment.above_rp5juta,0000,Indonesia (national),2014-12-01,M,monthly,20.1,percent
bi_consumer_survey.expenditure_share.loan_instalment.above_rp5juta,0000,Indonesia (national),2015-01-01,M,monthly,19.5,percent
bi_consumer_survey.expenditure_share.loan_instalment.above_rp5juta,0000,Indonesia (national),2015-02-01,M,monthly,13.2,percent
bi_consumer_survey.expenditure_share.loan_instalment.above_rp5juta,0000,Indonesia (national),2015-03-01,M,monthly,15.8,percent
bi_consumer_survey.expenditure_share.loan_instalment.above_rp5juta,0000,Indonesia (national),2015-04-01,M,monthly,20.9,percent
bi_consumer_survey.expenditure_share.loan_instalment.above_rp5juta,0000,Indonesia (national),2015-05-01,M,monthly,17.2,percent
bi_consumer_survey.expenditure_share.loan_instalment.above_rp5juta,0000,Indonesia (national),2015-06-01,M,monthly,18.1,percent
bi_consumer_survey.expenditure_share.loan_instalment.above_rp5juta,0000,Indonesia (national),2015-07-01,M,monthly,17.9,percent
bi_consumer_survey.expenditure_share.loan_instalment.above_rp5juta,0000,Indonesia (national),2015-08-01,M,monthly,16.4,percent
bi_consumer_survey.expenditure_share.loan_instalment.above_rp5juta,0000,Indonesia (national),2015-09-01,M,monthly,16.8,percent
bi_consumer_survey.expenditure_share.loan_instalment.above_rp5juta,0000,Indonesia (national),2015-10-01,M,monthly,18.1,percent
bi_consumer_survey.expenditure_share.loan_instalment.above_rp5juta,0000,Indonesia (national),2015-11-01,M,monthly,18.4,percent
bi_consumer_survey.expenditure_share.loan_instalment.above_rp5juta,0000,Indonesia (national),2015-12-01,M,monthly,16.9,percent
bi_consumer_survey.expenditure_share.loan_instalment.above_rp5juta,0000,Indonesia (national),2016-01-01,M,monthly,18.5,percent
bi_consumer_survey.expenditure_share.loan_instalment.above_rp5juta,0000,Indonesia (national),2016-02-01,M,monthly,16.6,percent
bi_consumer_survey.expenditure_share.loan_instalment.above_rp5juta,0000,Indonesia (national),2016-03-01,M,monthly,18.0,percent
bi_consumer_survey.expenditure_share.loan_instalment.above_rp5juta,0000,Indonesia (national),2016-04-01,M,monthly,17.3,percent
bi_consumer_survey.expenditure_share.loan_instalment.above_rp5juta,0000,Indonesia (national),2016-05-01,M,monthly,18.7,percent
bi_consumer_survey.expenditure_share.loan_instalment.above_rp5juta,0000,Indonesia (national),2016-06-01,M,monthly,18.7,percent
bi_consumer_survey.expenditure_share.loan_instalment.above_rp5juta,0000,Indonesia (national),2016-07-01,M,monthly,19.9,percent
bi_consumer_survey.expenditure_share.loan_instalment.above_rp5juta,0000,Indonesia (national),2016-08-01,M,monthly,17.1,percent
bi_consumer_survey.expenditure_share.loan_instalment.above_rp5juta,0000,Indonesia (national),2016-09-01,M,monthly,17.5,percent
bi_consumer_survey.expenditure_share.loan_instalment.above_rp5juta,0000,Indonesia (national),2016-10-01,M,monthly,15.8,percent
bi_consumer_survey.expenditure_share.loan_instalment.above_rp5juta,0000,Indonesia (national),2016-11-01,M,monthly,15.0,percent
bi_consumer_survey.expenditure_share.loan_instalment.above_rp5juta,0000,Indonesia (national),2016-12-01,M,monthly,16.8,percent
bi_consumer_survey.expenditure_share.loan_instalment.above_rp5juta,0000,Indonesia (national),2017-01-01,M,monthly,20.0,percent
bi_consumer_survey.expenditure_share.loan_instalment.above_rp5juta,0000,Indonesia (national),2017-02-01,M,monthly,18.9,percent
bi_consumer_survey.expenditure_share.loan_instalment.above_rp5juta,0000,Indonesia (national),2017-03-01,M,monthly,19.4,percent
bi_consumer_survey.expenditure_share.loan_instalment.above_rp5juta,0000,Indonesia (national),2017-04-01,M,monthly,18.1,percent
bi_consumer_survey.expenditure_share.loan_instalment.above_rp5juta,0000,Indonesia (national),2017-05-01,M,monthly,17.2,percent
bi_consumer_survey.expenditure_share.loan_instalment.above_rp5juta,0000,Indonesia (national),2017-06-01,M,monthly,17.4,percent
bi_consumer_survey.expenditure_share.loan_instalment.above_rp5juta,0000,Indonesia (national),2017-07-01,M,monthly,18.5,percent
bi_consumer_survey.expenditure_share.loan_instalment.above_rp5juta,0000,Indonesia (national),2017-08-01,M,monthly,19.6,percent
bi_consumer_survey.expenditure_share.loan_instalment.above_rp5juta,0000,Indonesia (national),2017-09-01,M,monthly,19.5,percent
bi_consumer_survey.expenditure_share.loan_instalment.above_rp5juta,0000,Indonesia (national),2017-10-01,M,monthly,18.8,percent
bi_consumer_survey.expenditure_share.loan_instalment.above_rp5juta,0000,Indonesia (national),2017-11-01,M,monthly,19.0,percent
bi_consumer_survey.expenditure_share.loan_instalment.above_rp5juta,0000,Indonesia (national),2017-12-01,M,monthly,19.2,percent
bi_consumer_survey.expenditure_share.loan_instalment.above_rp5juta,0000,Indonesia (national),2018-01-01,M,monthly,19.0,percent
bi_consumer_survey.expenditure_share.loan_instalment.above_rp5juta,0000,Indonesia (national),2018-02-01,M,monthly,18.3,percent
bi_consumer_survey.expenditure_share.loan_instalment.above_rp5juta,0000,Indonesia (national),2018-03-01,M,monthly,20.0,percent
bi_consumer_survey.expenditure_share.loan_instalment.above_rp5juta,0000,Indonesia (national),2018-04-01,M,monthly,18.1,percent
bi_consumer_survey.expenditure_share.loan_instalment.above_rp5juta,0000,Indonesia (national),2018-05-01,M,monthly,18.6,percent
bi_consumer_survey.expenditure_share.loan_instalment.above_rp5juta,0000,Indonesia (national),2018-06-01,M,monthly,20.7,percent
bi_consumer_survey.expenditure_share.loan_instalment.above_rp5juta,0000,Indonesia (national),2018-07-01,M,monthly,19.5,percent
bi_consumer_survey.expenditure_share.loan_instalment.above_rp5juta,0000,Indonesia (national),2018-08-01,M,monthly,20.9,percent
bi_consumer_survey.expenditure_share.loan_instalment.above_rp5juta,0000,Indonesia (national),2018-09-01,M,monthly,17.5,percent
bi_consumer_survey.expenditure_share.loan_instalment.above_rp5juta,0000,Indonesia (national),2018-10-01,M,monthly,20.1,percent
bi_consumer_survey.expenditure_share.loan_instalment.above_rp5juta,0000,Indonesia (national),2018-11-01,M,monthly,17.5,percent
bi_consumer_survey.expenditure_share.loan_instalment.above_rp5juta,0000,Indonesia (national),2018-12-01,M,monthly,16.9,percent
bi_consumer_survey.expenditure_share.loan_instalment.above_rp5juta,0000,Indonesia (national),2019-01-01,M,monthly,16.5,percent
bi_consumer_survey.expenditure_share.loan_instalment.above_rp5juta,0000,Indonesia (national),2019-02-01,M,monthly,16.5,percent
bi_consumer_survey.expenditure_share.loan_instalment.above_rp5juta,0000,Indonesia (national),2019-03-01,M,monthly,15.9,percent
bi_consumer_survey.expenditure_share.loan_instalment.above_rp5juta,0000,Indonesia (national),2019-04-01,M,monthly,17.5,percent
bi_consumer_survey.expenditure_share.loan_instalment.above_rp5juta,0000,Indonesia (national),2019-05-01,M,monthly,15.1,percent
bi_consumer_survey.expenditure_share.loan_instalment.above_rp5juta,0000,Indonesia (national),2019-06-01,M,monthly,15.5,percent
bi_consumer_survey.expenditure_share.loan_instalment.above_rp5juta,0000,Indonesia (national),2019-07-01,M,monthly,16.6,percent
bi_consumer_survey.expenditure_share.loan_instalment.above_rp5juta,0000,Indonesia (national),2019-08-01,M,monthly,19.8,percent
bi_consumer_survey.expenditure_share.loan_instalment.above_rp5juta,0000,Indonesia (national),2019-09-01,M,monthly,15.9,percent
bi_consumer_survey.expenditure_share.loan_instalment.above_rp5juta,0000,Indonesia (national),2019-10-01,M,monthly,16.8,percent
bi_consumer_survey.expenditure_share.loan_instalment.above_rp5juta,0000,Indonesia (national),2019-11-01,M,monthly,17.2,percent
bi_consumer_survey.expenditure_share.loan_instalment.above_rp5juta,0000,Indonesia (national),2019-12-01,M,monthly,15.3,percent
bi_consumer_survey.expenditure_share.loan_instalment.above_rp5juta,0000,Indonesia (national),2020-01-01,M,monthly,17.5,percent
bi_consumer_survey.expenditure_share.loan_instalment.above_rp5juta,0000,Indonesia (national),2020-02-01,M,monthly,16.9,percent
bi_consumer_survey.expenditure_share.loan_instalment.above_rp5juta,0000,Indonesia (national),2020-03-01,M,monthly,16.6,percent
bi_consumer_survey.expenditure_share.loan_instalment.above_rp5juta,0000,Indonesia (national),2020-08-01,M,monthly,18.0,percent
bi_consumer_survey.expenditure_share.loan_instalment.above_rp5juta,0000,Indonesia (national),2020-09-01,M,monthly,16.9,percent
bi_consumer_survey.expenditure_share.loan_instalment.above_rp5juta,0000,Indonesia (national),2020-10-01,M,monthly,14.7,percent
bi_consumer_survey.expenditure_share.loan_instalment.above_rp5juta,0000,Indonesia (national),2020-11-01,M,monthly,16.1,percent
bi_consumer_survey.expenditure_share.loan_instalment.above_rp5juta,0000,Indonesia (national),2020-12-01,M,monthly,16.0,percent
bi_consumer_survey.expenditure_share.loan_instalment.above_rp5juta,0000,Indonesia (national),2021-01-01,M,monthly,18.2,percent
bi_consumer_survey.expenditure_share.loan_instalment.above_rp5juta,0000,Indonesia (national),2021-02-01,M,monthly,15.9,percent
bi_consumer_survey.expenditure_share.loan_instalment.above_rp5juta,0000,Indonesia (national),2021-03-01,M,monthly,15.4,percent
bi_consumer_survey.expenditure_share.loan_instalment.above_rp5juta,0000,Indonesia (national),2021-04-01,M,monthly,11.9,percent
bi_consumer_survey.expenditure_share.loan_instalment.above_rp5juta,0000,Indonesia (national),2021-05-01,M,monthly,13.7,percent
bi_consumer_survey.expenditure_share.loan_instalment.above_rp5juta,0000,Indonesia (national),2021-06-01,M,monthly,10.6,percent
bi_consumer_survey.expenditure_share.loan_instalment.above_rp5juta,0000,Indonesia (national),2021-07-01,M,monthly,14.6,percent
bi_consumer_survey.expenditure_share.loan_instalment.above_rp5juta,0000,Indonesia (national),2021-08-01,M,monthly,15.7,percent
bi_consumer_survey.expenditure_share.loan_instalment.above_rp5juta,0000,Indonesia (national),2021-09-01,M,monthly,13.6,percent
bi_consumer_survey.expenditure_share.loan_instalment.above_rp5juta,0000,Indonesia (national),2021-10-01,M,monthly,12.2,percent
bi_consumer_survey.expenditure_share.loan_instalment.above_rp5juta,0000,Indonesia (national),2021-11-01,M,monthly,14.3,percent
bi_consumer_survey.expenditure_share.loan_instalment.above_rp5juta,0000,Indonesia (national),2021-12-01,M,monthly,12.5,percent
bi_consumer_survey.expenditure_share.loan_instalment.above_rp5juta,0000,Indonesia (national),2022-01-01,M,monthly,14.3,percent
bi_consumer_survey.expenditure_share.loan_instalment.above_rp5juta,0000,Indonesia (national),2022-02-01,M,monthly,15.7,percent
bi_consumer_survey.expenditure_share.loan_instalment.above_rp5juta,0000,Indonesia (national),2022-03-01,M,monthly,15.4,percent
bi_consumer_survey.expenditure_share.loan_instalment.above_rp5juta,0000,Indonesia (national),2022-04-01,M,monthly,12.6,percent
bi_consumer_survey.expenditure_share.loan_instalment.above_rp5juta,0000,Indonesia (national),2022-05-01,M,monthly,13.1,percent
bi_consumer_survey.expenditure_share.loan_instalment.above_rp5juta,0000,Indonesia (national),2022-06-01,M,monthly,10.6,percent
bi_consumer_survey.expenditure_share.loan_instalment.above_rp5juta,0000,Indonesia (national),2022-07-01,M,monthly,16.4,percent
bi_consumer_survey.expenditure_share.loan_instalment.above_rp5juta,0000,Indonesia (national),2022-08-01,M,monthly,12.7,percent
bi_consumer_survey.expenditure_share.loan_instalment.above_rp5juta,0000,Indonesia (national),2022-09-01,M,monthly,13.6,percent
bi_consumer_survey.expenditure_share.loan_instalment.above_rp5juta,0000,Indonesia (national),2022-10-01,M,monthly,12.9,percent
bi_consumer_survey.expenditure_share.loan_instalment.above_rp5juta,0000,Indonesia (national),2022-11-01,M,monthly,12.0,percent
bi_consumer_survey.expenditure_share.loan_instalment.above_rp5juta,0000,Indonesia (national),2022-12-01,M,monthly,13.7,percent
bi_consumer_survey.expenditure_share.loan_instalment.above_rp5juta,0000,Indonesia (national),2023-01-01,M,monthly,16.0,percent
bi_consumer_survey.expenditure_share.loan_instalment.above_rp5juta,0000,Indonesia (national),2023-02-01,M,monthly,12.6,percent
bi_consumer_survey.expenditure_share.loan_instalment.above_rp5juta,0000,Indonesia (national),2023-03-01,M,monthly,11.0,percent
bi_consumer_survey.expenditure_share.loan_instalment.above_rp5juta,0000,Indonesia (national),2023-04-01,M,monthly,10.0,percent
bi_consumer_survey.expenditure_share.loan_instalment.above_rp5juta,0000,Indonesia (national),2023-05-01,M,monthly,12.8,percent
bi_consumer_survey.expenditure_share.loan_instalment.above_rp5juta,0000,Indonesia (national),2023-06-01,M,monthly,12.6,percent
bi_consumer_survey.expenditure_share.loan_instalment.above_rp5juta,0000,Indonesia (national),2023-07-01,M,monthly,14.7,percent
bi_consumer_survey.expenditure_share.loan_instalment.above_rp5juta,0000,Indonesia (national),2023-08-01,M,monthly,11.9,percent
bi_consumer_survey.expenditure_share.loan_instalment.above_rp5juta,0000,Indonesia (national),2023-09-01,M,monthly,13.4,percent
bi_consumer_survey.expenditure_share.loan_instalment.above_rp5juta,0000,Indonesia (national),2023-10-01,M,monthly,13.6,percent
bi_consumer_survey.expenditure_share.loan_instalment.above_rp5juta,0000,Indonesia (national),2023-11-01,M,monthly,11.1,percent
bi_consumer_survey.expenditure_share.loan_instalment.above_rp5juta,0000,Indonesia (national),2023-12-01,M,monthly,12.1,percent
bi_consumer_survey.expenditure_share.loan_instalment.above_rp5juta,0000,Indonesia (national),2024-01-01,M,monthly,14.6,percent
bi_consumer_survey.expenditure_share.loan_instalment.above_rp5juta,0000,Indonesia (national),2024-02-01,M,monthly,15.7,percent
bi_consumer_survey.expenditure_share.loan_instalment.above_rp5juta,0000,Indonesia (national),2024-03-01,M,monthly,14.8,percent
bi_consumer_survey.expenditure_share.loan_instalment.above_rp5juta,0000,Indonesia (national),2024-04-01,M,monthly,14.9,percent
bi_consumer_survey.expenditure_share.loan_instalment.above_rp5juta,0000,Indonesia (national),2024-05-01,M,monthly,13.9,percent
bi_consumer_survey.expenditure_share.loan_instalment.above_rp5juta,0000,Indonesia (national),2024-06-01,M,monthly,14.7,percent
bi_consumer_survey.expenditure_share.loan_instalment.above_rp5juta,0000,Indonesia (national),2024-07-01,M,monthly,17.8,percent
bi_consumer_survey.expenditure_share.loan_instalment.above_rp5juta,0000,Indonesia (national),2024-08-01,M,monthly,15.3,percent
bi_consumer_survey.expenditure_share.loan_instalment.above_rp5juta,0000,Indonesia (national),2024-09-01,M,monthly,13.7,percent
bi_consumer_survey.expenditure_share.loan_instalment.above_rp5juta,0000,Indonesia (national),2024-10-01,M,monthly,14.6,percent
bi_consumer_survey.expenditure_share.loan_instalment.above_rp5juta,0000,Indonesia (national),2024-11-01,M,monthly,15.6,percent
bi_consumer_survey.expenditure_share.loan_instalment.above_rp5juta,0000,Indonesia (national),2024-12-01,M,monthly,13.1,percent
bi_consumer_survey.expenditure_share.loan_instalment.above_rp5juta,0000,Indonesia (national),2025-01-01,M,monthly,14.1,percent
bi_consumer_survey.expenditure_share.loan_instalment.above_rp5juta,0000,Indonesia (national),2025-02-01,M,monthly,15.8,percent
bi_consumer_survey.expenditure_share.loan_instalment.above_rp5juta,0000,Indonesia (national),2025-03-01,M,monthly,14.4,percent
bi_consumer_survey.expenditure_share.loan_instalment.above_rp5juta,0000,Indonesia (national),2025-04-01,M,monthly,12.7,percent
bi_consumer_survey.expenditure_share.loan_instalment.above_rp5juta,0000,Indonesia (national),2025-05-01,M,monthly,12.5,percent
bi_consumer_survey.expenditure_share.loan_instalment.above_rp5juta,0000,Indonesia (national),2025-06-01,M,monthly,13.8,percent
bi_consumer_survey.expenditure_share.loan_instalment.above_rp5juta,0000,Indonesia (national),2025-07-01,M,monthly,13.4,percent
bi_consumer_survey.expenditure_share.loan_instalment.above_rp5juta,0000,Indonesia (national),2025-08-01,M,monthly,14.1,percent
bi_consumer_survey.expenditure_share.loan_instalment.above_rp5juta,0000,Indonesia (national),2025-09-01,M,monthly,13.8,percent
bi_consumer_survey.expenditure_share.loan_instalment.above_rp5juta,0000,Indonesia (national),2025-10-01,M,monthly,13.0,percent
bi_consumer_survey.expenditure_share.loan_instalment.above_rp5juta,0000,Indonesia (national),2025-11-01,M,monthly,12.7,percent
bi_consumer_survey.expenditure_share.loan_instalment.above_rp5juta,0000,Indonesia (national),2025-12-01,M,monthly,12.8,percent
bi_consumer_survey.expenditure_share.loan_instalment.above_rp5juta,0000,Indonesia (national),2026-01-01,M,monthly,12.3,percent
bi_consumer_survey.expenditure_share.loan_instalment.above_rp5juta,0000,Indonesia (national),2026-02-01,M,monthly,12.7,percent
bi_consumer_survey.expenditure_share.loan_instalment.above_rp5juta,0000,Indonesia (national),2026-03-01,M,monthly,11.3,percent
bi_consumer_survey.expenditure_share.loan_instalment.above_rp5juta,0000,Indonesia (national),2026-04-01,M,monthly,10.9,percent
bi_consumer_survey.expenditure_share.loan_instalment.above_rp5juta,0000,Indonesia (national),2026-05-01,M,monthly,12.8,percent
bi_consumer_survey.expenditure_share.loan_instalment.above_rp5juta,0000,Indonesia (national),2026-06-01,M,monthly,11.5,percent
bi_consumer_survey.expenditure_share.loan_instalment.above_rp5juta,0000,Indonesia (national),2026-07-01,M,monthly,13.0,percent
bi_consumer_survey.expenditure_share.loan_instalment.above_rp5juta,0000,Indonesia (national),2026-08-01,M,monthly,11.2,percent
bi_consumer_survey.expenditure_share.loan_instalment.rp1_2juta,0000,Indonesia (national),2012-01-01,M,monthly,12.3,percent
bi_consumer_survey.expenditure_share.loan_instalment.rp1_2juta,0000,Indonesia (national),2012-02-01,M,monthly,13.0,percent
bi_consumer_survey.expenditure_share.loan_instalment.rp1_2juta,0000,Indonesia (national),2012-03-01,M,monthly,12.9,percent
bi_consumer_survey.expenditure_share.loan_instalment.rp1_2juta,0000,Indonesia (national),2012-04-01,M,monthly,12.4,percent
bi_consumer_survey.expenditure_share.loan_instalment.rp1_2juta,0000,Indonesia (national),2012-05-01,M,monthly,12.9,percent
bi_consumer_survey.expenditure_share.loan_instalment.rp1_2juta,0000,Indonesia (national),2012-06-01,M,monthly,11.8,percent
bi_consumer_survey.expenditure_share.loan_instalment.rp1_2juta,0000,Indonesia (national),2012-07-01,M,monthly,12.8,percent
bi_consumer_survey.expenditure_share.loan_instalment.rp1_2juta,0000,Indonesia (national),2012-08-01,M,monthly,13.7,percent
bi_consumer_survey.expenditure_share.loan_instalment.rp1_2juta,0000,Indonesia (national),2012-09-01,M,monthly,11.7,percent
bi_consumer_survey.expenditure_share.loan_instalment.rp1_2juta,0000,Indonesia (national),2012-10-01,M,monthly,12.4,percent
bi_consumer_survey.expenditure_share.loan_instalment.rp1_2juta,0000,Indonesia (national),2012-11-01,M,monthly,13.7,percent
bi_consumer_survey.expenditure_share.loan_instalment.rp1_2juta,0000,Indonesia (national),2012-12-01,M,monthly,11.8,percent
bi_consumer_survey.expenditure_share.loan_instalment.rp1_2juta,0000,Indonesia (national),2013-01-01,M,monthly,12.5,percent
bi_consumer_survey.expenditure_share.loan_instalment.rp1_2juta,0000,Indonesia (national),2013-02-01,M,monthly,11.6,percent
bi_consumer_survey.expenditure_share.loan_instalment.rp1_2juta,0000,Indonesia (national),2013-03-01,M,monthly,11.8,percent
bi_consumer_survey.expenditure_share.loan_instalment.rp1_2juta,0000,Indonesia (national),2013-04-01,M,monthly,11.9,percent
bi_consumer_survey.expenditure_share.loan_instalment.rp1_2juta,0000,Indonesia (national),2013-05-01,M,monthly,12.1,percent
bi_consumer_survey.expenditure_share.loan_instalment.rp1_2juta,0000,Indonesia (national),2013-06-01,M,monthly,13.1,percent
bi_consumer_survey.expenditure_share.loan_instalment.rp1_2juta,0000,Indonesia (national),2013-07-01,M,monthly,12.4,percent
bi_consumer_survey.expenditure_share.loan_instalment.rp1_2juta,0000,Indonesia (national),2013-08-01,M,monthly,10.8,percent
bi_consumer_survey.expenditure_share.loan_instalment.rp1_2juta,0000,Indonesia (national),2013-09-01,M,monthly,11.2,percent
bi_consumer_survey.expenditure_share.loan_instalment.rp1_2juta,0000,Indonesia (national),2013-10-01,M,monthly,13.0,percent
bi_consumer_survey.expenditure_share.loan_instalment.rp1_2juta,0000,Indonesia (national),2013-11-01,M,monthly,10.1,percent
bi_consumer_survey.expenditure_share.loan_instalment.rp1_2juta,0000,Indonesia (national),2013-12-01,M,monthly,11.5,percent
bi_consumer_survey.expenditure_share.loan_instalment.rp1_2juta,0000,Indonesia (national),2014-01-01,M,monthly,11.2,percent
bi_consumer_survey.expenditure_share.loan_instalment.rp1_2juta,0000,Indonesia (national),2014-02-01,M,monthly,10.8,percent
bi_consumer_survey.expenditure_share.loan_instalment.rp1_2juta,0000,Indonesia (national),2014-03-01,M,monthly,11.0,percent
bi_consumer_survey.expenditure_share.loan_instalment.rp1_2juta,0000,Indonesia (national),2014-04-01,M,monthly,11.0,percent
bi_consumer_survey.expenditure_share.loan_instalment.rp1_2juta,0000,Indonesia (national),2014-05-01,M,monthly,12.2,percent
bi_consumer_survey.expenditure_share.loan_instalment.rp1_2juta,0000,Indonesia (national),2014-06-01,M,monthly,10.4,percent
bi_consumer_survey.expenditure_share.loan_instalment.rp1_2juta,0000,Indonesia (national),2014-07-01,M,monthly,12.1,percent
bi_consumer_survey.expenditure_share.loan_instalment.rp1_2juta,0000,Indonesia (national),2014-08-01,M,monthly,13.2,percent
bi_consumer_survey.expenditure_share.loan_instalment.rp1_2juta,0000,Indonesia (national),2014-09-01,M,monthly,11.9,percent
bi_consumer_survey.expenditure_share.loan_instalment.rp1_2juta,0000,Indonesia (national),2014-10-01,M,monthly,11.2,percent
bi_consumer_survey.expenditure_share.loan_instalment.rp1_2juta,0000,Indonesia (national),2014-11-01,M,monthly,11.4,percent
bi_consumer_survey.expenditure_share.loan_instalment.rp1_2juta,0000,Indonesia (national),2014-12-01,M,monthly,10.1,percent
bi_consumer_survey.expenditure_share.loan_instalment.rp1_2juta,0000,Indonesia (national),2015-01-01,M,monthly,11.0,percent
bi_consumer_survey.expenditure_share.loan_instalment.rp1_2juta,0000,Indonesia (national),2015-02-01,M,monthly,12.8,percent
bi_consumer_survey.expenditure_share.loan_instalment.rp1_2juta,0000,Indonesia (national),2015-03-01,M,monthly,14.6,percent
bi_consumer_survey.expenditure_share.loan_instalment.rp1_2juta,0000,Indonesia (national),2015-04-01,M,monthly,12.1,percent
bi_consumer_survey.expenditure_share.loan_instalment.rp1_2juta,0000,Indonesia (national),2015-05-01,M,monthly,10.8,percent
bi_consumer_survey.expenditure_share.loan_instalment.rp1_2juta,0000,Indonesia (national),2015-06-01,M,monthly,10.2,percent
bi_consumer_survey.expenditure_share.loan_instalment.rp1_2juta,0000,Indonesia (national),2015-07-01,M,monthly,11.5,percent
bi_consumer_survey.expenditure_share.loan_instalment.rp1_2juta,0000,Indonesia (national),2015-08-01,M,monthly,12.4,percent
bi_consumer_survey.expenditure_share.loan_instalment.rp1_2juta,0000,Indonesia (national),2015-09-01,M,monthly,10.7,percent
bi_consumer_survey.expenditure_share.loan_instalment.rp1_2juta,0000,Indonesia (national),2015-10-01,M,monthly,9.6,percent
bi_consumer_survey.expenditure_share.loan_instalment.rp1_2juta,0000,Indonesia (national),2015-11-01,M,monthly,11.6,percent
bi_consumer_survey.expenditure_share.loan_instalment.rp1_2juta,0000,Indonesia (national),2015-12-01,M,monthly,10.2,percent
bi_consumer_survey.expenditure_share.loan_instalment.rp1_2juta,0000,Indonesia (national),2016-01-01,M,monthly,9.8,percent
bi_consumer_survey.expenditure_share.loan_instalment.rp1_2juta,0000,Indonesia (national),2016-02-01,M,monthly,10.1,percent
bi_consumer_survey.expenditure_share.loan_instalment.rp1_2juta,0000,Indonesia (national),2016-03-01,M,monthly,9.6,percent
bi_consumer_survey.expenditure_share.loan_instalment.rp1_2juta,0000,Indonesia (national),2016-04-01,M,monthly,9.4,percent
bi_consumer_survey.expenditure_share.loan_instalment.rp1_2juta,0000,Indonesia (national),2016-05-01,M,monthly,11.0,percent
bi_consumer_survey.expenditure_share.loan_instalment.rp1_2juta,0000,Indonesia (national),2016-06-01,M,monthly,9.9,percent
bi_consumer_survey.expenditure_share.loan_instalment.rp1_2juta,0000,Indonesia (national),2016-07-01,M,monthly,11.0,percent
bi_consumer_survey.expenditure_share.loan_instalment.rp1_2juta,0000,Indonesia (national),2016-08-01,M,monthly,10.4,percent
bi_consumer_survey.expenditure_share.loan_instalment.rp1_2juta,0000,Indonesia (national),2016-09-01,M,monthly,10.3,percent
bi_consumer_survey.expenditure_share.loan_instalment.rp1_2juta,0000,Indonesia (national),2016-10-01,M,monthly,10.7,percent
bi_consumer_survey.expenditure_share.loan_instalment.rp1_2juta,0000,Indonesia (national),2016-11-01,M,monthly,9.2,percent
bi_consumer_survey.expenditure_share.loan_instalment.rp1_2juta,0000,Indonesia (national),2016-12-01,M,monthly,11.5,percent
bi_consumer_survey.expenditure_share.loan_instalment.rp1_2juta,0000,Indonesia (national),2017-01-01,M,monthly,14.4,percent
bi_consumer_survey.expenditure_share.loan_instalment.rp1_2juta,0000,Indonesia (national),2017-02-01,M,monthly,11.8,percent
bi_consumer_survey.expenditure_share.loan_instalment.rp1_2juta,0000,Indonesia (national),2017-03-01,M,monthly,11.2,percent
bi_consumer_survey.expenditure_share.loan_instalment.rp1_2juta,0000,Indonesia (national),2017-04-01,M,monthly,11.0,percent
bi_consumer_survey.expenditure_share.loan_instalment.rp1_2juta,0000,Indonesia (national),2017-05-01,M,monthly,10.9,percent
bi_consumer_survey.expenditure_share.loan_instalment.rp1_2juta,0000,Indonesia (national),2017-06-01,M,monthly,11.9,percent
bi_consumer_survey.expenditure_share.loan_instalment.rp1_2juta,0000,Indonesia (national),2017-07-01,M,monthly,14.3,percent
bi_consumer_survey.expenditure_share.loan_instalment.rp1_2juta,0000,Indonesia (national),2017-08-01,M,monthly,11.6,percent
bi_consumer_survey.expenditure_share.loan_instalment.rp1_2juta,0000,Indonesia (national),2017-09-01,M,monthly,13.1,percent
bi_consumer_survey.expenditure_share.loan_instalment.rp1_2juta,0000,Indonesia (national),2017-10-01,M,monthly,11.2,percent
bi_consumer_survey.expenditure_share.loan_instalment.rp1_2juta,0000,Indonesia (national),2017-11-01,M,monthly,10.0,percent
bi_consumer_survey.expenditure_share.loan_instalment.rp1_2juta,0000,Indonesia (national),2017-12-01,M,monthly,11.6,percent
bi_consumer_survey.expenditure_share.loan_instalment.rp1_2juta,0000,Indonesia (national),2018-01-01,M,monthly,12.7,percent
bi_consumer_survey.expenditure_share.loan_instalment.rp1_2juta,0000,Indonesia (national),2018-02-01,M,monthly,11.7,percent
bi_consumer_survey.expenditure_share.loan_instalment.rp1_2juta,0000,Indonesia (national),2018-03-01,M,monthly,9.8,percent
bi_consumer_survey.expenditure_share.loan_instalment.rp1_2juta,0000,Indonesia (national),2018-04-01,M,monthly,9.9,percent
bi_consumer_survey.expenditure_share.loan_instalment.rp1_2juta,0000,Indonesia (national),2018-05-01,M,monthly,10.8,percent
bi_consumer_survey.expenditure_share.loan_instalment.rp1_2juta,0000,Indonesia (national),2018-06-01,M,monthly,10.9,percent
bi_consumer_survey.expenditure_share.loan_instalment.rp1_2juta,0000,Indonesia (national),2018-07-01,M,monthly,8.3,percent
bi_consumer_survey.expenditure_share.loan_instalment.rp1_2juta,0000,Indonesia (national),2018-08-01,M,monthly,11.4,percent
bi_consumer_survey.expenditure_share.loan_instalment.rp1_2juta,0000,Indonesia (national),2018-09-01,M,monthly,10.3,percent
bi_consumer_survey.expenditure_share.loan_instalment.rp1_2juta,0000,Indonesia (national),2018-10-01,M,monthly,10.2,percent
bi_consumer_survey.expenditure_share.loan_instalment.rp1_2juta,0000,Indonesia (national),2018-11-01,M,monthly,9.7,percent
bi_consumer_survey.expenditure_share.loan_instalment.rp1_2juta,0000,Indonesia (national),2018-12-01,M,monthly,8.7,percent
bi_consumer_survey.expenditure_share.loan_instalment.rp1_2juta,0000,Indonesia (national),2019-01-01,M,monthly,9.5,percent
bi_consumer_survey.expenditure_share.loan_instalment.rp1_2juta,0000,Indonesia (national),2019-02-01,M,monthly,10.6,percent
bi_consumer_survey.expenditure_share.loan_instalment.rp1_2juta,0000,Indonesia (national),2019-03-01,M,monthly,9.3,percent
bi_consumer_survey.expenditure_share.loan_instalment.rp1_2juta,0000,Indonesia (national),2019-04-01,M,monthly,8.4,percent
bi_consumer_survey.expenditure_share.loan_instalment.rp1_2juta,0000,Indonesia (national),2019-05-01,M,monthly,8.4,percent
bi_consumer_survey.expenditure_share.loan_instalment.rp1_2juta,0000,Indonesia (national),2019-06-01,M,monthly,8.9,percent
bi_consumer_survey.expenditure_share.loan_instalment.rp1_2juta,0000,Indonesia (national),2019-07-01,M,monthly,9.2,percent
bi_consumer_survey.expenditure_share.loan_instalment.rp1_2juta,0000,Indonesia (national),2019-08-01,M,monthly,9.4,percent
bi_consumer_survey.expenditure_share.loan_instalment.rp1_2juta,0000,Indonesia (national),2019-09-01,M,monthly,8.7,percent
bi_consumer_survey.expenditure_share.loan_instalment.rp1_2juta,0000,Indonesia (national),2019-10-01,M,monthly,10.3,percent
bi_consumer_survey.expenditure_share.loan_instalment.rp1_2juta,0000,Indonesia (national),2019-11-01,M,monthly,8.4,percent
bi_consumer_survey.expenditure_share.loan_instalment.rp1_2juta,0000,Indonesia (national),2019-12-01,M,monthly,10.0,percent
bi_consumer_survey.expenditure_share.loan_instalment.rp1_2juta,0000,Indonesia (national),2020-01-01,M,monthly,9.7,percent
bi_consumer_survey.expenditure_share.loan_instalment.rp1_2juta,0000,Indonesia (national),2020-02-01,M,monthly,9.9,percent
bi_consumer_survey.expenditure_share.loan_instalment.rp1_2juta,0000,Indonesia (national),2020-03-01,M,monthly,9.1,percent
bi_consumer_survey.expenditure_share.loan_instalment.rp1_2juta,0000,Indonesia (national),2020-08-01,M,monthly,9.2,percent
bi_consumer_survey.expenditure_share.loan_instalment.rp1_2juta,0000,Indonesia (national),2020-09-01,M,monthly,9.2,percent
bi_consumer_survey.expenditure_share.loan_instalment.rp1_2juta,0000,Indonesia (national),2020-10-01,M,monthly,9.8,percent
bi_consumer_survey.expenditure_share.loan_instalment.rp1_2juta,0000,Indonesia (national),2020-11-01,M,monthly,9.9,percent
bi_consumer_survey.expenditure_share.loan_instalment.rp1_2juta,0000,Indonesia (national),2020-12-01,M,monthly,6.9,percent
bi_consumer_survey.expenditure_share.loan_instalment.rp1_2juta,0000,Indonesia (national),2021-01-01,M,monthly,8.4,percent
bi_consumer_survey.expenditure_share.loan_instalment.rp1_2juta,0000,Indonesia (national),2021-02-01,M,monthly,8.3,percent
bi_consumer_survey.expenditure_share.loan_instalment.rp1_2juta,0000,Indonesia (national),2021-03-01,M,monthly,8.8,percent
bi_consumer_survey.expenditure_share.loan_instalment.rp1_2juta,0000,Indonesia (national),2021-04-01,M,monthly,9.7,percent
bi_consumer_survey.expenditure_share.loan_instalment.rp1_2juta,0000,Indonesia (national),2021-05-01,M,monthly,7.9,percent
bi_consumer_survey.expenditure_share.loan_instalment.rp1_2juta,0000,Indonesia (national),2021-06-01,M,monthly,9.0,percent
bi_consumer_survey.expenditure_share.loan_instalment.rp1_2juta,0000,Indonesia (national),2021-07-01,M,monthly,7.8,percent
bi_consumer_survey.expenditure_share.loan_instalment.rp1_2juta,0000,Indonesia (national),2021-08-01,M,monthly,7.7,percent
bi_consumer_survey.expenditure_share.loan_instalment.rp1_2juta,0000,Indonesia (national),2021-09-01,M,monthly,8.2,percent
bi_consumer_survey.expenditure_share.loan_instalment.rp1_2juta,0000,Indonesia (national),2021-10-01,M,monthly,7.0,percent
bi_consumer_survey.expenditure_share.loan_instalment.rp1_2juta,0000,Indonesia (national),2021-11-01,M,monthly,7.8,percent
bi_consumer_survey.expenditure_share.loan_instalment.rp1_2juta,0000,Indonesia (national),2021-12-01,M,monthly,8.3,percent
bi_consumer_survey.expenditure_share.loan_instalment.rp1_2juta,0000,Indonesia (national),2022-01-01,M,monthly,8.0,percent
bi_consumer_survey.expenditure_share.loan_instalment.rp1_2juta,0000,Indonesia (national),2022-02-01,M,monthly,7.9,percent
bi_consumer_survey.expenditure_share.loan_instalment.rp1_2juta,0000,Indonesia (national),2022-03-01,M,monthly,7.4,percent
bi_consumer_survey.expenditure_share.loan_instalment.rp1_2juta,0000,Indonesia (national),2022-04-01,M,monthly,7.5,percent
bi_consumer_survey.expenditure_share.loan_instalment.rp1_2juta,0000,Indonesia (national),2022-05-01,M,monthly,7.3,percent
bi_consumer_survey.expenditure_share.loan_instalment.rp1_2juta,0000,Indonesia (national),2022-06-01,M,monthly,7.3,percent
bi_consumer_survey.expenditure_share.loan_instalment.rp1_2juta,0000,Indonesia (national),2022-07-01,M,monthly,8.0,percent
bi_consumer_survey.expenditure_share.loan_instalment.rp1_2juta,0000,Indonesia (national),2022-08-01,M,monthly,8.2,percent
bi_consumer_survey.expenditure_share.loan_instalment.rp1_2juta,0000,Indonesia (national),2022-09-01,M,monthly,6.8,percent
bi_consumer_survey.expenditure_share.loan_instalment.rp1_2juta,0000,Indonesia (national),2022-10-01,M,monthly,7.6,percent
bi_consumer_survey.expenditure_share.loan_instalment.rp1_2juta,0000,Indonesia (national),2022-11-01,M,monthly,7.1,percent
bi_consumer_survey.expenditure_share.loan_instalment.rp1_2juta,0000,Indonesia (national),2022-12-01,M,monthly,8.8,percent
bi_consumer_survey.expenditure_share.loan_instalment.rp1_2juta,0000,Indonesia (national),2023-01-01,M,monthly,7.9,percent
bi_consumer_survey.expenditure_share.loan_instalment.rp1_2juta,0000,Indonesia (national),2023-02-01,M,monthly,6.5,percent
bi_consumer_survey.expenditure_share.loan_instalment.rp1_2juta,0000,Indonesia (national),2023-03-01,M,monthly,6.8,percent
bi_consumer_survey.expenditure_share.loan_instalment.rp1_2juta,0000,Indonesia (national),2023-04-01,M,monthly,6.7,percent
bi_consumer_survey.expenditure_share.loan_instalment.rp1_2juta,0000,Indonesia (national),2023-05-01,M,monthly,7.6,percent
bi_consumer_survey.expenditure_share.loan_instalment.rp1_2juta,0000,Indonesia (national),2023-06-01,M,monthly,8.5,percent
bi_consumer_survey.expenditure_share.loan_instalment.rp1_2juta,0000,Indonesia (national),2023-07-01,M,monthly,7.2,percent
bi_consumer_survey.expenditure_share.loan_instalment.rp1_2juta,0000,Indonesia (national),2023-08-01,M,monthly,6.9,percent
bi_consumer_survey.expenditure_share.loan_instalment.rp1_2juta,0000,Indonesia (national),2023-09-01,M,monthly,6.8,percent
bi_consumer_survey.expenditure_share.loan_instalment.rp1_2juta,0000,Indonesia (national),2023-10-01,M,monthly,7.1,percent
bi_consumer_survey.expenditure_share.loan_instalment.rp1_2juta,0000,Indonesia (national),2023-11-01,M,monthly,8.4,percent
bi_consumer_survey.expenditure_share.loan_instalment.rp1_2juta,0000,Indonesia (national),2023-12-01,M,monthly,8.2,percent
bi_consumer_survey.expenditure_share.loan_instalment.rp1_2juta,0000,Indonesia (national),2024-01-01,M,monthly,6.8,percent
bi_consumer_survey.expenditure_share.loan_instalment.rp1_2juta,0000,Indonesia (national),2024-02-01,M,monthly,9.1,percent
bi_consumer_survey.expenditure_share.loan_instalment.rp1_2juta,0000,Indonesia (national),2024-03-01,M,monthly,6.2,percent
bi_consumer_survey.expenditure_share.loan_instalment.rp1_2juta,0000,Indonesia (national),2024-04-01,M,monthly,7.1,percent
bi_consumer_survey.expenditure_share.loan_instalment.rp1_2juta,0000,Indonesia (national),2024-05-01,M,monthly,7.3,percent
bi_consumer_survey.expenditure_share.loan_instalment.rp1_2juta,0000,Indonesia (national),2024-06-01,M,monthly,7.7,percent
bi_consumer_survey.expenditure_share.loan_instalment.rp1_2juta,0000,Indonesia (national),2024-07-01,M,monthly,7.4,percent
bi_consumer_survey.expenditure_share.loan_instalment.rp1_2juta,0000,Indonesia (national),2024-08-01,M,monthly,8.1,percent
bi_consumer_survey.expenditure_share.loan_instalment.rp1_2juta,0000,Indonesia (national),2024-09-01,M,monthly,8.0,percent
bi_consumer_survey.expenditure_share.loan_instalment.rp1_2juta,0000,Indonesia (national),2024-10-01,M,monthly,7.9,percent
bi_consumer_survey.expenditure_share.loan_instalment.rp1_2juta,0000,Indonesia (national),2024-11-01,M,monthly,7.9,percent
bi_consumer_survey.expenditure_share.loan_instalment.rp1_2juta,0000,Indonesia (national),2024-12-01,M,monthly,7.4,percent
bi_consumer_survey.expenditure_share.loan_instalment.rp1_2juta,0000,Indonesia (national),2025-01-01,M,monthly,8.4,percent
bi_consumer_survey.expenditure_share.loan_instalment.rp1_2juta,0000,Indonesia (national),2025-02-01,M,monthly,8.5,percent
bi_consumer_survey.expenditure_share.loan_instalment.rp1_2juta,0000,Indonesia (national),2025-03-01,M,monthly,7.1,percent
bi_consumer_survey.expenditure_share.loan_instalment.rp1_2juta,0000,Indonesia (national),2025-04-01,M,monthly,7.9,percent
bi_consumer_survey.expenditure_share.loan_instalment.rp1_2juta,0000,Indonesia (national),2025-05-01,M,monthly,7.8,percent
bi_consumer_survey.expenditure_share.loan_instalment.rp1_2juta,0000,Indonesia (national),2025-06-01,M,monthly,9.9,percent
bi_consumer_survey.expenditure_share.loan_instalment.rp1_2juta,0000,Indonesia (national),2025-07-01,M,monthly,8.0,percent
bi_consumer_survey.expenditure_share.loan_instalment.rp1_2juta,0000,Indonesia (national),2025-08-01,M,monthly,9.6,percent
bi_consumer_survey.expenditure_share.loan_instalment.rp1_2juta,0000,Indonesia (national),2025-09-01,M,monthly,7.6,percent
bi_consumer_survey.expenditure_share.loan_instalment.rp1_2juta,0000,Indonesia (national),2025-10-01,M,monthly,8.7,percent
bi_consumer_survey.expenditure_share.loan_instalment.rp1_2juta,0000,Indonesia (national),2025-11-01,M,monthly,9.6,percent
bi_consumer_survey.expenditure_share.loan_instalment.rp1_2juta,0000,Indonesia (national),2025-12-01,M,monthly,8.6,percent
bi_consumer_survey.expenditure_share.loan_instalment.rp1_2juta,0000,Indonesia (national),2026-01-01,M,monthly,8.1,percent
bi_consumer_survey.expenditure_share.loan_instalment.rp1_2juta,0000,Indonesia (national),2026-02-01,M,monthly,8.5,percent
bi_consumer_survey.expenditure_share.loan_instalment.rp1_2juta,0000,Indonesia (national),2026-03-01,M,monthly,7.1,percent
bi_consumer_survey.expenditure_share.loan_instalment.rp1_2juta,0000,Indonesia (national),2026-04-01,M,monthly,8.2,percent
bi_consumer_survey.expenditure_share.loan_instalment.rp1_2juta,0000,Indonesia (national),2026-05-01,M,monthly,6.9,percent
bi_consumer_survey.expenditure_share.loan_instalment.rp1_2juta,0000,Indonesia (national),2026-06-01,M,monthly,8.2,percent
bi_consumer_survey.expenditure_share.loan_instalment.rp1_2juta,0000,Indonesia (national),2026-07-01,M,monthly,7.9,percent
bi_consumer_survey.expenditure_share.loan_instalment.rp1_2juta,0000,Indonesia (national),2026-08-01,M,monthly,7.3,percent
bi_consumer_survey.expenditure_share.loan_instalment.rp2_3juta,0000,Indonesia (national),2012-01-01,M,monthly,12.5,percent
bi_consumer_survey.expenditure_share.loan_instalment.rp2_3juta,0000,Indonesia (national),2012-02-01,M,monthly,13.5,percent
bi_consumer_survey.expenditure_share.loan_instalment.rp2_3juta,0000,Indonesia (national),2012-03-01,M,monthly,13.5,percent
bi_consumer_survey.expenditure_share.loan_instalment.rp2_3juta,0000,Indonesia (national),2012-04-01,M,monthly,12.4,percent
bi_consumer_survey.expenditure_share.loan_instalment.rp2_3juta,0000,Indonesia (national),2012-05-01,M,monthly,12.7,percent
bi_consumer_survey.expenditure_share.loan_instalment.rp2_3juta,0000,Indonesia (national),2012-06-01,M,monthly,13.1,percent
bi_consumer_survey.expenditure_share.loan_instalment.rp2_3juta,0000,Indonesia (national),2012-07-01,M,monthly,13.5,percent
bi_consumer_survey.expenditure_share.loan_instalment.rp2_3juta,0000,Indonesia (national),2012-08-01,M,monthly,13.2,percent
bi_consumer_survey.expenditure_share.loan_instalment.rp2_3juta,0000,Indonesia (national),2012-09-01,M,monthly,13.1,percent
bi_consumer_survey.expenditure_share.loan_instalment.rp2_3juta,0000,Indonesia (national),2012-10-01,M,monthly,13.3,percent
bi_consumer_survey.expenditure_share.loan_instalment.rp2_3juta,0000,Indonesia (national),2012-11-01,M,monthly,13.9,percent
bi_consumer_survey.expenditure_share.loan_instalment.rp2_3juta,0000,Indonesia (national),2012-12-01,M,monthly,13.5,percent
bi_consumer_survey.expenditure_share.loan_instalment.rp2_3juta,0000,Indonesia (national),2013-01-01,M,monthly,13.4,percent
bi_consumer_survey.expenditure_share.loan_instalment.rp2_3juta,0000,Indonesia (national),2013-02-01,M,monthly,13.4,percent
bi_consumer_survey.expenditure_share.loan_instalment.rp2_3juta,0000,Indonesia (national),2013-03-01,M,monthly,12.4,percent
bi_consumer_survey.expenditure_share.loan_instalment.rp2_3juta,0000,Indonesia (national),2013-04-01,M,monthly,13.5,percent
bi_consumer_survey.expenditure_share.loan_instalment.rp2_3juta,0000,Indonesia (national),2013-05-01,M,monthly,13.5,percent
bi_consumer_survey.expenditure_share.loan_instalment.rp2_3juta,0000,Indonesia (national),2013-06-01,M,monthly,12.8,percent
bi_consumer_survey.expenditure_share.loan_instalment.rp2_3juta,0000,Indonesia (national),2013-07-01,M,monthly,13.9,percent
bi_consumer_survey.expenditure_share.loan_instalment.rp2_3juta,0000,Indonesia (national),2013-08-01,M,monthly,12.8,percent
bi_consumer_survey.expenditure_share.loan_instalment.rp2_3juta,0000,Indonesia (national),2013-09-01,M,monthly,13.3,percent
bi_consumer_survey.expenditure_share.loan_instalment.rp2_3juta,0000,Indonesia (national),2013-10-01,M,monthly,13.8,percent
bi_consumer_survey.expenditure_share.loan_instalment.rp2_3juta,0000,Indonesia (national),2013-11-01,M,monthly,12.6,percent
bi_consumer_survey.expenditure_share.loan_instalment.rp2_3juta,0000,Indonesia (national),2013-12-01,M,monthly,13.4,percent
bi_consumer_survey.expenditure_share.loan_instalment.rp2_3juta,0000,Indonesia (national),2014-01-01,M,monthly,13.6,percent
bi_consumer_survey.expenditure_share.loan_instalment.rp2_3juta,0000,Indonesia (national),2014-02-01,M,monthly,13.5,percent
bi_consumer_survey.expenditure_share.loan_instalment.rp2_3juta,0000,Indonesia (national),2014-03-01,M,monthly,12.7,percent
bi_consumer_survey.expenditure_share.loan_instalment.rp2_3juta,0000,Indonesia (national),2014-04-01,M,monthly,12.7,percent
bi_consumer_survey.expenditure_share.loan_instalment.rp2_3juta,0000,Indonesia (national),2014-05-01,M,monthly,12.6,percent
bi_consumer_survey.expenditure_share.loan_instalment.rp2_3juta,0000,Indonesia (national),2014-06-01,M,monthly,12.5,percent
bi_consumer_survey.expenditure_share.loan_instalment.rp2_3juta,0000,Indonesia (national),2014-07-01,M,monthly,13.1,percent
bi_consumer_survey.expenditure_share.loan_instalment.rp2_3juta,0000,Indonesia (national),2014-08-01,M,monthly,13.3,percent
bi_consumer_survey.expenditure_share.loan_instalment.rp2_3juta,0000,Indonesia (national),2014-09-01,M,monthly,13.2,percent
bi_consumer_survey.expenditure_share.loan_instalment.rp2_3juta,0000,Indonesia (national),2014-10-01,M,monthly,12.3,percent
bi_consumer_survey.expenditure_share.loan_instalment.rp2_3juta,0000,Indonesia (national),2014-11-01,M,monthly,11.8,percent
bi_consumer_survey.expenditure_share.loan_instalment.rp2_3juta,0000,Indonesia (national),2014-12-01,M,monthly,12.2,percent
bi_consumer_survey.expenditure_share.loan_instalment.rp2_3juta,0000,Indonesia (national),2015-01-01,M,monthly,12.8,percent
bi_consumer_survey.expenditure_share.loan_instalment.rp2_3juta,0000,Indonesia (national),2015-02-01,M,monthly,14.6,percent
bi_consumer_survey.expenditure_share.loan_instalment.rp2_3juta,0000,Indonesia (national),2015-03-01,M,monthly,16.6,percent
bi_consumer_survey.expenditure_share.loan_instalment.rp2_3juta,0000,Indonesia (national),2015-04-01,M,monthly,14.0,percent
bi_consumer_survey.expenditure_share.loan_instalment.rp2_3juta,0000,Indonesia (national),2015-05-01,M,monthly,12.5,percent
bi_consumer_survey.expenditure_share.loan_instalment.rp2_3juta,0000,Indonesia (national),2015-06-01,M,monthly,12.5,percent
bi_consumer_survey.expenditure_share.loan_instalment.rp2_3juta,0000,Indonesia (national),2015-07-01,M,monthly,12.6,percent
bi_consumer_survey.expenditure_share.loan_instalment.rp2_3juta,0000,Indonesia (national),2015-08-01,M,monthly,12.9,percent
bi_consumer_survey.expenditure_share.loan_instalment.rp2_3juta,0000,Indonesia (national),2015-09-01,M,monthly,12.0,percent
bi_consumer_survey.expenditure_share.loan_instalment.rp2_3juta,0000,Indonesia (national),2015-10-01,M,monthly,13.1,percent
bi_consumer_survey.expenditure_share.loan_instalment.rp2_3juta,0000,Indonesia (national),2015-11-01,M,monthly,12.7,percent
bi_consumer_survey.expenditure_share.loan_instalment.rp2_3juta,0000,Indonesia (national),2015-12-01,M,monthly,12.1,percent
bi_consumer_survey.expenditure_share.loan_instalment.rp2_3juta,0000,Indonesia (national),2016-01-01,M,monthly,11.5,percent
bi_consumer_survey.expenditure_share.loan_instalment.rp2_3juta,0000,Indonesia (national),2016-02-01,M,monthly,11.1,percent
bi_consumer_survey.expenditure_share.loan_instalment.rp2_3juta,0000,Indonesia (national),2016-03-01,M,monthly,11.4,percent
bi_consumer_survey.expenditure_share.loan_instalment.rp2_3juta,0000,Indonesia (national),2016-04-01,M,monthly,11.6,percent
bi_consumer_survey.expenditure_share.loan_instalment.rp2_3juta,0000,Indonesia (national),2016-05-01,M,monthly,11.5,percent
bi_consumer_survey.expenditure_share.loan_instalment.rp2_3juta,0000,Indonesia (national),2016-06-01,M,monthly,10.1,percent
bi_consumer_survey.expenditure_share.loan_instalment.rp2_3juta,0000,Indonesia (national),2016-07-01,M,monthly,11.2,percent
bi_consumer_survey.expenditure_share.loan_instalment.rp2_3juta,0000,Indonesia (national),2016-08-01,M,monthly,12.3,percent
bi_consumer_survey.expenditure_share.loan_instalment.rp2_3juta,0000,Indonesia (national),2016-09-01,M,monthly,11.3,percent
bi_consumer_survey.expenditure_share.loan_instalment.rp2_3juta,0000,Indonesia (national),2016-10-01,M,monthly,11.0,percent
bi_consumer_survey.expenditure_share.loan_instalment.rp2_3juta,0000,Indonesia (national),2016-11-01,M,monthly,11.5,percent
bi_consumer_survey.expenditure_share.loan_instalment.rp2_3juta,0000,Indonesia (national),2016-12-01,M,monthly,12.6,percent
bi_consumer_survey.expenditure_share.loan_instalment.rp2_3juta,0000,Indonesia (national),2017-01-01,M,monthly,15.6,percent
bi_consumer_survey.expenditure_share.loan_instalment.rp2_3juta,0000,Indonesia (national),2017-02-01,M,monthly,13.4,percent
bi_consumer_survey.expenditure_share.loan_instalment.rp2_3juta,0000,Indonesia (national),2017-03-01,M,monthly,13.4,percent
bi_consumer_survey.expenditure_share.loan_instalment.rp2_3juta,0000,Indonesia (national),2017-04-01,M,monthly,14.8,percent
bi_consumer_survey.expenditure_share.loan_instalment.rp2_3juta,0000,Indonesia (national),2017-05-01,M,monthly,14.6,percent
bi_consumer_survey.expenditure_share.loan_instalment.rp2_3juta,0000,Indonesia (national),2017-06-01,M,monthly,13.9,percent
bi_consumer_survey.expenditure_share.loan_instalment.rp2_3juta,0000,Indonesia (national),2017-07-01,M,monthly,14.4,percent
bi_consumer_survey.expenditure_share.loan_instalment.rp2_3juta,0000,Indonesia (national),2017-08-01,M,monthly,13.7,percent
bi_consumer_survey.expenditure_share.loan_instalment.rp2_3juta,0000,Indonesia (national),2017-09-01,M,monthly,12.9,percent
bi_consumer_survey.expenditure_share.loan_instalment.rp2_3juta,0000,Indonesia (national),2017-10-01,M,monthly,12.7,percent
bi_consumer_survey.expenditure_share.loan_instalment.rp2_3juta,0000,Indonesia (national),2017-11-01,M,monthly,12.4,percent
bi_consumer_survey.expenditure_share.loan_instalment.rp2_3juta,0000,Indonesia (national),2017-12-01,M,monthly,12.5,percent
bi_consumer_survey.expenditure_share.loan_instalment.rp2_3juta,0000,Indonesia (national),2018-01-01,M,monthly,19.2,percent
bi_consumer_survey.expenditure_share.loan_instalment.rp2_3juta,0000,Indonesia (national),2018-02-01,M,monthly,12.9,percent
bi_consumer_survey.expenditure_share.loan_instalment.rp2_3juta,0000,Indonesia (national),2018-03-01,M,monthly,12.3,percent
bi_consumer_survey.expenditure_share.loan_instalment.rp2_3juta,0000,Indonesia (national),2018-04-01,M,monthly,12.1,percent
bi_consumer_survey.expenditure_share.loan_instalment.rp2_3juta,0000,Indonesia (national),2018-05-01,M,monthly,13.0,percent
bi_consumer_survey.expenditure_share.loan_instalment.rp2_3juta,0000,Indonesia (national),2018-06-01,M,monthly,13.1,percent
bi_consumer_survey.expenditure_share.loan_instalment.rp2_3juta,0000,Indonesia (national),2018-07-01,M,monthly,12.3,percent
bi_consumer_survey.expenditure_share.loan_instalment.rp2_3juta,0000,Indonesia (national),2018-08-01,M,monthly,12.3,percent
bi_consumer_survey.expenditure_share.loan_instalment.rp2_3juta,0000,Indonesia (national),2018-09-01,M,monthly,11.9,percent
bi_consumer_survey.expenditure_share.loan_instalment.rp2_3juta,0000,Indonesia (national),2018-10-01,M,monthly,11.4,percent
bi_consumer_survey.expenditure_share.loan_instalment.rp2_3juta,0000,Indonesia (national),2018-11-01,M,monthly,11.4,percent
bi_consumer_survey.expenditure_share.loan_instalment.rp2_3juta,0000,Indonesia (national),2018-12-01,M,monthly,10.7,percent
bi_consumer_survey.expenditure_share.loan_instalment.rp2_3juta,0000,Indonesia (national),2019-01-01,M,monthly,12.3,percent
bi_consumer_survey.expenditure_share.loan_instalment.rp2_3juta,0000,Indonesia (national),2019-02-01,M,monthly,10.1,percent
bi_consumer_survey.expenditure_share.loan_instalment.rp2_3juta,0000,Indonesia (national),2019-03-01,M,monthly,10.8,percent
bi_consumer_survey.expenditure_share.loan_instalment.rp2_3juta,0000,Indonesia (national),2019-04-01,M,monthly,11.3,percent
bi_consumer_survey.expenditure_share.loan_instalment.rp2_3juta,0000,Indonesia (national),2019-05-01,M,monthly,11.3,percent
bi_consumer_survey.expenditure_share.loan_instalment.rp2_3juta,0000,Indonesia (national),2019-06-01,M,monthly,9.7,percent
bi_consumer_survey.expenditure_share.loan_instalment.rp2_3juta,0000,Indonesia (national),2019-07-01,M,monthly,11.4,percent
bi_consumer_survey.expenditure_share.loan_instalment.rp2_3juta,0000,Indonesia (national),2019-08-01,M,monthly,11.8,percent
bi_consumer_survey.expenditure_share.loan_instalment.rp2_3juta,0000,Indonesia (national),2019-09-01,M,monthly,10.3,percent
bi_consumer_survey.expenditure_share.loan_instalment.rp2_3juta,0000,Indonesia (national),2019-10-01,M,monthly,11.6,percent
bi_consumer_survey.expenditure_share.loan_instalment.rp2_3juta,0000,Indonesia (national),2019-11-01,M,monthly,10.9,percent
bi_consumer_survey.expenditure_share.loan_instalment.rp2_3juta,0000,Indonesia (national),2019-12-01,M,monthly,9.4,percent
bi_consumer_survey.expenditure_share.loan_instalment.rp2_3juta,0000,Indonesia (national),2020-01-01,M,monthly,11.4,percent
bi_consumer_survey.expenditure_share.loan_instalment.rp2_3juta,0000,Indonesia (national),2020-02-01,M,monthly,11.3,percent
bi_consumer_survey.expenditure_share.loan_instalment.rp2_3juta,0000,Indonesia (national),2020-03-01,M,monthly,10.8,percent
bi_consumer_survey.expenditure_share.loan_instalment.rp2_3juta,0000,Indonesia (national),2020-08-01,M,monthly,10.8,percent
bi_consumer_survey.expenditure_share.loan_instalment.rp2_3juta,0000,Indonesia (national),2020-09-01,M,monthly,10.7,percent
bi_consumer_survey.expenditure_share.loan_instalment.rp2_3juta,0000,Indonesia (national),2020-10-01,M,monthly,10.3,percent
bi_consumer_survey.expenditure_share.loan_instalment.rp2_3juta,0000,Indonesia (national),2020-11-01,M,monthly,11.0,percent
bi_consumer_survey.expenditure_share.loan_instalment.rp2_3juta,0000,Indonesia (national),2020-12-01,M,monthly,9.0,percent
bi_consumer_survey.expenditure_share.loan_instalment.rp2_3juta,0000,Indonesia (national),2021-01-01,M,monthly,10.3,percent
bi_consumer_survey.expenditure_share.loan_instalment.rp2_3juta,0000,Indonesia (national),2021-02-01,M,monthly,9.7,percent
bi_consumer_survey.expenditure_share.loan_instalment.rp2_3juta,0000,Indonesia (national),2021-03-01,M,monthly,9.6,percent
bi_consumer_survey.expenditure_share.loan_instalment.rp2_3juta,0000,Indonesia (national),2021-04-01,M,monthly,9.5,percent
bi_consumer_survey.expenditure_share.loan_instalment.rp2_3juta,0000,Indonesia (national),2021-05-01,M,monthly,9.6,percent
bi_consumer_survey.expenditure_share.loan_instalment.rp2_3juta,0000,Indonesia (national),2021-06-01,M,monthly,9.3,percent
bi_consumer_survey.expenditure_share.loan_instalment.rp2_3juta,0000,Indonesia (national),2021-07-01,M,monthly,10.6,percent
bi_consumer_survey.expenditure_share.loan_instalment.rp2_3juta,0000,Indonesia (national),2021-08-01,M,monthly,9.2,percent
bi_consumer_survey.expenditure_share.loan_instalment.rp2_3juta,0000,Indonesia (national),2021-09-01,M,monthly,11.0,percent
bi_consumer_survey.expenditure_share.loan_instalment.rp2_3juta,0000,Indonesia (national),2021-10-01,M,monthly,10.5,percent
bi_consumer_survey.expenditure_share.loan_instalment.rp2_3juta,0000,Indonesia (national),2021-11-01,M,monthly,9.7,percent
bi_consumer_survey.expenditure_share.loan_instalment.rp2_3juta,0000,Indonesia (national),2021-12-01,M,monthly,9.4,percent
bi_consumer_survey.expenditure_share.loan_instalment.rp2_3juta,0000,Indonesia (national),2022-01-01,M,monthly,9.5,percent
bi_consumer_survey.expenditure_share.loan_instalment.rp2_3juta,0000,Indonesia (national),2022-02-01,M,monthly,11.0,percent
bi_consumer_survey.expenditure_share.loan_instalment.rp2_3juta,0000,Indonesia (national),2022-03-01,M,monthly,9.4,percent
bi_consumer_survey.expenditure_share.loan_instalment.rp2_3juta,0000,Indonesia (national),2022-04-01,M,monthly,9.9,percent
bi_consumer_survey.expenditure_share.loan_instalment.rp2_3juta,0000,Indonesia (national),2022-05-01,M,monthly,9.1,percent
bi_consumer_survey.expenditure_share.loan_instalment.rp2_3juta,0000,Indonesia (national),2022-06-01,M,monthly,9.9,percent
bi_consumer_survey.expenditure_share.loan_instalment.rp2_3juta,0000,Indonesia (national),2022-07-01,M,monthly,8.3,percent
bi_consumer_survey.expenditure_share.loan_instalment.rp2_3juta,0000,Indonesia (national),2022-08-01,M,monthly,8.3,percent
bi_consumer_survey.expenditure_share.loan_instalment.rp2_3juta,0000,Indonesia (national),2022-09-01,M,monthly,8.9,percent
bi_consumer_survey.expenditure_share.loan_instalment.rp2_3juta,0000,Indonesia (national),2022-10-01,M,monthly,8.5,percent
bi_consumer_survey.expenditure_share.loan_instalment.rp2_3juta,0000,Indonesia (national),2022-11-01,M,monthly,9.0,percent
bi_consumer_survey.expenditure_share.loan_instalment.rp2_3juta,0000,Indonesia (national),2022-12-01,M,monthly,8.9,percent
bi_consumer_survey.expenditure_share.loan_instalment.rp2_3juta,0000,Indonesia (national),2023-01-01,M,monthly,8.8,percent
bi_consumer_survey.expenditure_share.loan_instalment.rp2_3juta,0000,Indonesia (national),2023-02-01,M,monthly,8.4,percent
bi_consumer_survey.expenditure_share.loan_instalment.rp2_3juta,0000,Indonesia (national),2023-03-01,M,monthly,9.5,percent
bi_consumer_survey.expenditure_share.loan_instalment.rp2_3juta,0000,Indonesia (national),2023-04-01,M,monthly,8.3,percent
bi_consumer_survey.expenditure_share.loan_instalment.rp2_3juta,0000,Indonesia (national),2023-05-01,M,monthly,7.9,percent
bi_consumer_survey.expenditure_share.loan_instalment.rp2_3juta,0000,Indonesia (national),2023-06-01,M,monthly,9.0,percent
bi_consumer_survey.expenditure_share.loan_instalment.rp2_3juta,0000,Indonesia (national),2023-07-01,M,monthly,9.0,percent
bi_consumer_survey.expenditure_share.loan_instalment.rp2_3juta,0000,Indonesia (national),2023-08-01,M,monthly,8.5,percent
bi_consumer_survey.expenditure_share.loan_instalment.rp2_3juta,0000,Indonesia (national),2023-09-01,M,monthly,7.4,percent
bi_consumer_survey.expenditure_share.loan_instalment.rp2_3juta,0000,Indonesia (national),2023-10-01,M,monthly,8.2,percent
bi_consumer_survey.expenditure_share.loan_instalment.rp2_3juta,0000,Indonesia (national),2023-11-01,M,monthly,9.1,percent
bi_consumer_survey.expenditure_share.loan_instalment.rp2_3juta,0000,Indonesia (national),2023-12-01,M,monthly,9.1,percent
bi_consumer_survey.expenditure_share.loan_instalment.rp2_3juta,0000,Indonesia (national),2024-01-01,M,monthly,8.9,percent
bi_consumer_survey.expenditure_share.loan_instalment.rp2_3juta,0000,Indonesia (national),2024-02-01,M,monthly,8.7,percent
bi_consumer_survey.expenditure_share.loan_instalment.rp2_3juta,0000,Indonesia (national),2024-03-01,M,monthly,8.6,percent
bi_consumer_survey.expenditure_share.loan_instalment.rp2_3juta,0000,Indonesia (national),2024-04-01,M,monthly,9.2,percent
bi_consumer_survey.expenditure_share.loan_instalment.rp2_3juta,0000,Indonesia (national),2024-05-01,M,monthly,10.2,percent
bi_consumer_survey.expenditure_share.loan_instalment.rp2_3juta,0000,Indonesia (national),2024-06-01,M,monthly,9.2,percent
bi_consumer_survey.expenditure_share.loan_instalment.rp2_3juta,0000,Indonesia (national),2024-07-01,M,monthly,10.1,percent
bi_consumer_survey.expenditure_share.loan_instalment.rp2_3juta,0000,Indonesia (national),2024-08-01,M,monthly,10.7,percent
bi_consumer_survey.expenditure_share.loan_instalment.rp2_3juta,0000,Indonesia (national),2024-09-01,M,monthly,10.5,percent
bi_consumer_survey.expenditure_share.loan_instalment.rp2_3juta,0000,Indonesia (national),2024-10-01,M,monthly,9.4,percent
bi_consumer_survey.expenditure_share.loan_instalment.rp2_3juta,0000,Indonesia (national),2024-11-01,M,monthly,10.7,percent
bi_consumer_survey.expenditure_share.loan_instalment.rp2_3juta,0000,Indonesia (national),2024-12-01,M,monthly,10.5,percent
bi_consumer_survey.expenditure_share.loan_instalment.rp2_3juta,0000,Indonesia (national),2025-01-01,M,monthly,10.8,percent
bi_consumer_survey.expenditure_share.loan_instalment.rp2_3juta,0000,Indonesia (national),2025-02-01,M,monthly,9.9,percent
bi_consumer_survey.expenditure_share.loan_instalment.rp2_3juta,0000,Indonesia (national),2025-03-01,M,monthly,10.2,percent
bi_consumer_survey.expenditure_share.loan_instalment.rp2_3juta,0000,Indonesia (national),2025-04-01,M,monthly,9.7,percent
bi_consumer_survey.expenditure_share.loan_instalment.rp2_3juta,0000,Indonesia (national),2025-05-01,M,monthly,9.9,percent
bi_consumer_survey.expenditure_share.loan_instalment.rp2_3juta,0000,Indonesia (national),2025-06-01,M,monthly,10.2,percent
bi_consumer_survey.expenditure_share.loan_instalment.rp2_3juta,0000,Indonesia (national),2025-07-01,M,monthly,10.5,percent
bi_consumer_survey.expenditure_share.loan_instalment.rp2_3juta,0000,Indonesia (national),2025-08-01,M,monthly,10.2,percent
bi_consumer_survey.expenditure_share.loan_instalment.rp2_3juta,0000,Indonesia (national),2025-09-01,M,monthly,11.2,percent
bi_consumer_survey.expenditure_share.loan_instalment.rp2_3juta,0000,Indonesia (national),2025-10-01,M,monthly,9.6,percent
bi_consumer_survey.expenditure_share.loan_instalment.rp2_3juta,0000,Indonesia (national),2025-11-01,M,monthly,10.6,percent
bi_consumer_survey.expenditure_share.loan_instalment.rp2_3juta,0000,Indonesia (national),2025-12-01,M,monthly,10.8,percent
bi_consumer_survey.expenditure_share.loan_instalment.rp2_3juta,0000,Indonesia (national),2026-01-01,M,monthly,11.8,percent
bi_consumer_survey.expenditure_share.loan_instalment.rp2_3juta,0000,Indonesia (national),2026-02-01,M,monthly,10.7,percent
bi_consumer_survey.expenditure_share.loan_instalment.rp2_3juta,0000,Indonesia (national),2026-03-01,M,monthly,10.3,percent
bi_consumer_survey.expenditure_share.loan_instalment.rp2_3juta,0000,Indonesia (national),2026-04-01,M,monthly,9.3,percent
bi_consumer_survey.expenditure_share.loan_instalment.rp2_3juta,0000,Indonesia (national),2026-05-01,M,monthly,9.3,percent
bi_consumer_survey.expenditure_share.loan_instalment.rp2_3juta,0000,Indonesia (national),2026-06-01,M,monthly,9.2,percent
bi_consumer_survey.expenditure_share.loan_instalment.rp2_3juta,0000,Indonesia (national),2026-07-01,M,monthly,10.3,percent
bi_consumer_survey.expenditure_share.loan_instalment.rp2_3juta,0000,Indonesia (national),2026-08-01,M,monthly,9.9,percent
bi_consumer_survey.expenditure_share.loan_instalment.rp3_4juta,0000,Indonesia (national),2012-01-01,M,monthly,14.3,percent
bi_consumer_survey.expenditure_share.loan_instalment.rp3_4juta,0000,Indonesia (national),2012-02-01,M,monthly,14.4,percent
bi_consumer_survey.expenditure_share.loan_instalment.rp3_4juta,0000,Indonesia (national),2012-03-01,M,monthly,13.9,percent
bi_consumer_survey.expenditure_share.loan_instalment.rp3_4juta,0000,Indonesia (national),2012-04-01,M,monthly,13.8,percent
bi_consumer_survey.expenditure_share.loan_instalment.rp3_4juta,0000,Indonesia (national),2012-05-01,M,monthly,13.3,percent
bi_consumer_survey.expenditure_share.loan_instalment.rp3_4juta,0000,Indonesia (national),2012-06-01,M,monthly,13.5,percent
bi_consumer_survey.expenditure_share.loan_instalment.rp3_4juta,0000,Indonesia (national),2012-07-01,M,monthly,15.5,percent
bi_consumer_survey.expenditure_share.loan_instalment.rp3_4juta,0000,Indonesia (national),2012-08-01,M,monthly,17.6,percent
bi_consumer_survey.expenditure_share.loan_instalment.rp3_4juta,0000,Indonesia (national),2012-09-01,M,monthly,14.0,percent
bi_consumer_survey.expenditure_share.loan_instalment.rp3_4juta,0000,Indonesia (national),2012-10-01,M,monthly,14.9,percent
bi_consumer_survey.expenditure_share.loan_instalment.rp3_4juta,0000,Indonesia (national),2012-11-01,M,monthly,14.7,percent
bi_consumer_survey.expenditure_share.loan_instalment.rp3_4juta,0000,Indonesia (national),2012-12-01,M,monthly,14.0,percent
bi_consumer_survey.expenditure_share.loan_instalment.rp3_4juta,0000,Indonesia (national),2013-01-01,M,monthly,14.6,percent
bi_consumer_survey.expenditure_share.loan_instalment.rp3_4juta,0000,Indonesia (national),2013-02-01,M,monthly,14.9,percent
bi_consumer_survey.expenditure_share.loan_instalment.rp3_4juta,0000,Indonesia (national),2013-03-01,M,monthly,12.9,percent
bi_consumer_survey.expenditure_share.loan_instalment.rp3_4juta,0000,Indonesia (national),2013-04-01,M,monthly,13.6,percent
bi_consumer_survey.expenditure_share.loan_instalment.rp3_4juta,0000,Indonesia (national),2013-05-01,M,monthly,14.6,percent
bi_consumer_survey.expenditure_share.loan_instalment.rp3_4juta,0000,Indonesia (national),2013-06-01,M,monthly,14.0,percent
bi_consumer_survey.expenditure_share.loan_instalment.rp3_4juta,0000,Indonesia (national),2013-07-01,M,monthly,13.8,percent
bi_consumer_survey.expenditure_share.loan_instalment.rp3_4juta,0000,Indonesia (national),2013-08-01,M,monthly,15.0,percent
bi_consumer_survey.expenditure_share.loan_instalment.rp3_4juta,0000,Indonesia (national),2013-09-01,M,monthly,14.3,percent
bi_consumer_survey.expenditure_share.loan_instalment.rp3_4juta,0000,Indonesia (national),2013-10-01,M,monthly,14.6,percent
bi_consumer_survey.expenditure_share.loan_instalment.rp3_4juta,0000,Indonesia (national),2013-11-01,M,monthly,14.4,percent
bi_consumer_survey.expenditure_share.loan_instalment.rp3_4juta,0000,Indonesia (national),2013-12-01,M,monthly,14.3,percent
bi_consumer_survey.expenditure_share.loan_instalment.rp3_4juta,0000,Indonesia (national),2014-01-01,M,monthly,14.8,percent
bi_consumer_survey.expenditure_share.loan_instalment.rp3_4juta,0000,Indonesia (national),2014-02-01,M,monthly,14.7,percent
bi_consumer_survey.expenditure_share.loan_instalment.rp3_4juta,0000,Indonesia (national),2014-03-01,M,monthly,14.3,percent
bi_consumer_survey.expenditure_share.loan_instalment.rp3_4juta,0000,Indonesia (national),2014-04-01,M,monthly,13.1,percent
bi_consumer_survey.expenditure_share.loan_instalment.rp3_4juta,0000,Indonesia (national),2014-05-01,M,monthly,13.7,percent
bi_consumer_survey.expenditure_share.loan_instalment.rp3_4juta,0000,Indonesia (national),2014-06-01,M,monthly,13.5,percent
bi_consumer_survey.expenditure_share.loan_instalment.rp3_4juta,0000,Indonesia (national),2014-07-01,M,monthly,15.0,percent
bi_consumer_survey.expenditure_share.loan_instalment.rp3_4juta,0000,Indonesia (national),2014-08-01,M,monthly,13.6,percent
bi_consumer_survey.expenditure_share.loan_instalment.rp3_4juta,0000,Indonesia (national),2014-09-01,M,monthly,14.6,percent
bi_consumer_survey.expenditure_share.loan_instalment.rp3_4juta,0000,Indonesia (national),2014-10-01,M,monthly,13.9,percent
bi_consumer_survey.expenditure_share.loan_instalment.rp3_4juta,0000,Indonesia (national),2014-11-01,M,monthly,14.3,percent
bi_consumer_survey.expenditure_share.loan_instalment.rp3_4juta,0000,Indonesia (national),2014-12-01,M,monthly,14.1,percent
bi_consumer_survey.expenditure_share.loan_instalment.rp3_4juta,0000,Indonesia (national),2015-01-01,M,monthly,14.6,percent
bi_consumer_survey.expenditure_share.loan_instalment.rp3_4juta,0000,Indonesia (national),2015-02-01,M,monthly,16.6,percent
bi_consumer_survey.expenditure_share.loan_instalment.rp3_4juta,0000,Indonesia (national),2015-03-01,M,monthly,19.5,percent
bi_consumer_survey.expenditure_share.loan_instalment.rp3_4juta,0000,Indonesia (national),2015-04-01,M,monthly,13.6,percent
bi_consumer_survey.expenditure_share.loan_instalment.rp3_4juta,0000,Indonesia (national),2015-05-01,M,monthly,13.7,percent
bi_consumer_survey.expenditure_share.loan_instalment.rp3_4juta,0000,Indonesia (national),2015-06-01,M,monthly,13.6,percent
bi_consumer_survey.expenditure_share.loan_instalment.rp3_4juta,0000,Indonesia (national),2015-07-01,M,monthly,14.1,percent
bi_consumer_survey.expenditure_share.loan_instalment.rp3_4juta,0000,Indonesia (national),2015-08-01,M,monthly,13.5,percent
bi_consumer_survey.expenditure_share.loan_instalment.rp3_4juta,0000,Indonesia (national),2015-09-01,M,monthly,13.4,percent
bi_consumer_survey.expenditure_share.loan_instalment.rp3_4juta,0000,Indonesia (national),2015-10-01,M,monthly,13.4,percent
bi_consumer_survey.expenditure_share.loan_instalment.rp3_4juta,0000,Indonesia (national),2015-11-01,M,monthly,13.5,percent
bi_consumer_survey.expenditure_share.loan_instalment.rp3_4juta,0000,Indonesia (national),2015-12-01,M,monthly,13.5,percent
bi_consumer_survey.expenditure_share.loan_instalment.rp3_4juta,0000,Indonesia (national),2016-01-01,M,monthly,12.6,percent
bi_consumer_survey.expenditure_share.loan_instalment.rp3_4juta,0000,Indonesia (national),2016-02-01,M,monthly,12.4,percent
bi_consumer_survey.expenditure_share.loan_instalment.rp3_4juta,0000,Indonesia (national),2016-03-01,M,monthly,12.0,percent
bi_consumer_survey.expenditure_share.loan_instalment.rp3_4juta,0000,Indonesia (national),2016-04-01,M,monthly,12.7,percent
bi_consumer_survey.expenditure_share.loan_instalment.rp3_4juta,0000,Indonesia (national),2016-05-01,M,monthly,13.3,percent
bi_consumer_survey.expenditure_share.loan_instalment.rp3_4juta,0000,Indonesia (national),2016-06-01,M,monthly,12.6,percent
bi_consumer_survey.expenditure_share.loan_instalment.rp3_4juta,0000,Indonesia (national),2016-07-01,M,monthly,13.7,percent
bi_consumer_survey.expenditure_share.loan_instalment.rp3_4juta,0000,Indonesia (national),2016-08-01,M,monthly,13.2,percent
bi_consumer_survey.expenditure_share.loan_instalment.rp3_4juta,0000,Indonesia (national),2016-09-01,M,monthly,12.9,percent
bi_consumer_survey.expenditure_share.loan_instalment.rp3_4juta,0000,Indonesia (national),2016-10-01,M,monthly,13.4,percent
bi_consumer_survey.expenditure_share.loan_instalment.rp3_4juta,0000,Indonesia (national),2016-11-01,M,monthly,13.0,percent
bi_consumer_survey.expenditure_share.loan_instalment.rp3_4juta,0000,Indonesia (national),2016-12-01,M,monthly,13.4,percent
bi_consumer_survey.expenditure_share.loan_instalment.rp3_4juta,0000,Indonesia (national),2017-01-01,M,monthly,16.8,percent
bi_consumer_survey.expenditure_share.loan_instalment.rp3_4juta,0000,Indonesia (national),2017-02-01,M,monthly,15.2,percent
bi_consumer_survey.expenditure_share.loan_instalment.rp3_4juta,0000,Indonesia (national),2017-03-01,M,monthly,16.1,percent
bi_consumer_survey.expenditure_share.loan_instalment.rp3_4juta,0000,Indonesia (national),2017-04-01,M,monthly,14.8,percent
bi_consumer_survey.expenditure_share.loan_instalment.rp3_4juta,0000,Indonesia (national),2017-05-01,M,monthly,15.1,percent
bi_consumer_survey.expenditure_share.loan_instalment.rp3_4juta,0000,Indonesia (national),2017-06-01,M,monthly,14.4,percent
bi_consumer_survey.expenditure_share.loan_instalment.rp3_4juta,0000,Indonesia (national),2017-07-01,M,monthly,15.8,percent
bi_consumer_survey.expenditure_share.loan_instalment.rp3_4juta,0000,Indonesia (national),2017-08-01,M,monthly,17.0,percent
bi_consumer_survey.expenditure_share.loan_instalment.rp3_4juta,0000,Indonesia (national),2017-09-01,M,monthly,15.3,percent
bi_consumer_survey.expenditure_share.loan_instalment.rp3_4juta,0000,Indonesia (national),2017-10-01,M,monthly,13.7,percent
bi_consumer_survey.expenditure_share.loan_instalment.rp3_4juta,0000,Indonesia (national),2017-11-01,M,monthly,14.2,percent
bi_consumer_survey.expenditure_share.loan_instalment.rp3_4juta,0000,Indonesia (national),2017-12-01,M,monthly,13.0,percent
bi_consumer_survey.expenditure_share.loan_instalment.rp3_4juta,0000,Indonesia (national),2018-01-01,M,monthly,14.4,percent
bi_consumer_survey.expenditure_share.loan_instalment.rp3_4juta,0000,Indonesia (national),2018-02-01,M,monthly,15.0,percent
bi_consumer_survey.expenditure_share.loan_instalment.rp3_4juta,0000,Indonesia (national),2018-03-01,M,monthly,13.6,percent
bi_consumer_survey.expenditure_share.loan_instalment.rp3_4juta,0000,Indonesia (national),2018-04-01,M,monthly,14.3,percent
bi_consumer_survey.expenditure_share.loan_instalment.rp3_4juta,0000,Indonesia (national),2018-05-01,M,monthly,14.3,percent
bi_consumer_survey.expenditure_share.loan_instalment.rp3_4juta,0000,Indonesia (national),2018-06-01,M,monthly,13.5,percent
bi_consumer_survey.expenditure_share.loan_instalment.rp3_4juta,0000,Indonesia (national),2018-07-01,M,monthly,13.6,percent
bi_consumer_survey.expenditure_share.loan_instalment.rp3_4juta,0000,Indonesia (national),2018-08-01,M,monthly,14.0,percent
bi_consumer_survey.expenditure_share.loan_instalment.rp3_4juta,0000,Indonesia (national),2018-09-01,M,monthly,13.3,percent
bi_consumer_survey.expenditure_share.loan_instalment.rp3_4juta,0000,Indonesia (national),2018-10-01,M,monthly,13.1,percent
bi_consumer_survey.expenditure_share.loan_instalment.rp3_4juta,0000,Indonesia (national),2018-11-01,M,monthly,13.0,percent
bi_consumer_survey.expenditure_share.loan_instalment.rp3_4juta,0000,Indonesia (national),2018-12-01,M,monthly,13.5,percent
bi_consumer_survey.expenditure_share.loan_instalment.rp3_4juta,0000,Indonesia (national),2019-01-01,M,monthly,13.6,percent
bi_consumer_survey.expenditure_share.loan_instalment.rp3_4juta,0000,Indonesia (national),2019-02-01,M,monthly,12.5,percent
bi_consumer_survey.expenditure_share.loan_instalment.rp3_4juta,0000,Indonesia (national),2019-03-01,M,monthly,13.3,percent
bi_consumer_survey.expenditure_share.loan_instalment.rp3_4juta,0000,Indonesia (national),2019-04-01,M,monthly,11.2,percent
bi_consumer_survey.expenditure_share.loan_instalment.rp3_4juta,0000,Indonesia (national),2019-05-01,M,monthly,12.0,percent
bi_consumer_survey.expenditure_share.loan_instalment.rp3_4juta,0000,Indonesia (national),2019-06-01,M,monthly,10.4,percent
bi_consumer_survey.expenditure_share.loan_instalment.rp3_4juta,0000,Indonesia (national),2019-07-01,M,monthly,12.5,percent
bi_consumer_survey.expenditure_share.loan_instalment.rp3_4juta,0000,Indonesia (national),2019-08-01,M,monthly,12.9,percent
bi_consumer_survey.expenditure_share.loan_instalment.rp3_4juta,0000,Indonesia (national),2019-09-01,M,monthly,12.6,percent
bi_consumer_survey.expenditure_share.loan_instalment.rp3_4juta,0000,Indonesia (national),2019-10-01,M,monthly,13.5,percent
bi_consumer_survey.expenditure_share.loan_instalment.rp3_4juta,0000,Indonesia (national),2019-11-01,M,monthly,13.7,percent
bi_consumer_survey.expenditure_share.loan_instalment.rp3_4juta,0000,Indonesia (national),2019-12-01,M,monthly,11.1,percent
bi_consumer_survey.expenditure_share.loan_instalment.rp3_4juta,0000,Indonesia (national),2020-01-01,M,monthly,11.8,percent
bi_consumer_survey.expenditure_share.loan_instalment.rp3_4juta,0000,Indonesia (national),2020-02-01,M,monthly,13.5,percent
bi_consumer_survey.expenditure_share.loan_instalment.rp3_4juta,0000,Indonesia (national),2020-03-01,M,monthly,12.0,percent
bi_consumer_survey.expenditure_share.loan_instalment.rp3_4juta,0000,Indonesia (national),2020-08-01,M,monthly,12.4,percent
bi_consumer_survey.expenditure_share.loan_instalment.rp3_4juta,0000,Indonesia (national),2020-09-01,M,monthly,11.7,percent
bi_consumer_survey.expenditure_share.loan_instalment.rp3_4juta,0000,Indonesia (national),2020-10-01,M,monthly,11.9,percent
bi_consumer_survey.expenditure_share.loan_instalment.rp3_4juta,0000,Indonesia (national),2020-11-01,M,monthly,11.8,percent
bi_consumer_survey.expenditure_share.loan_instalment.rp3_4juta,0000,Indonesia (national),2020-12-01,M,monthly,11.4,percent
bi_consumer_survey.expenditure_share.loan_instalment.rp3_4juta,0000,Indonesia (national),2021-01-01,M,monthly,10.8,percent
bi_consumer_survey.expenditure_share.loan_instalment.rp3_4juta,0000,Indonesia (national),2021-02-01,M,monthly,13.0,percent
bi_consumer_survey.expenditure_share.loan_instalment.rp3_4juta,0000,Indonesia (national),2021-03-01,M,monthly,10.9,percent
bi_consumer_survey.expenditure_share.loan_instalment.rp3_4juta,0000,Indonesia (national),2021-04-01,M,monthly,10.6,percent
bi_consumer_survey.expenditure_share.loan_instalment.rp3_4juta,0000,Indonesia (national),2021-05-01,M,monthly,10.5,percent
bi_consumer_survey.expenditure_share.loan_instalment.rp3_4juta,0000,Indonesia (national),2021-06-01,M,monthly,10.6,percent
bi_consumer_survey.expenditure_share.loan_instalment.rp3_4juta,0000,Indonesia (national),2021-07-01,M,monthly,11.5,percent
bi_consumer_survey.expenditure_share.loan_instalment.rp3_4juta,0000,Indonesia (national),2021-08-01,M,monthly,11.5,percent
bi_consumer_survey.expenditure_share.loan_instalment.rp3_4juta,0000,Indonesia (national),2021-09-01,M,monthly,11.3,percent
bi_consumer_survey.expenditure_share.loan_instalment.rp3_4juta,0000,Indonesia (national),2021-10-01,M,monthly,10.0,percent
bi_consumer_survey.expenditure_share.loan_instalment.rp3_4juta,0000,Indonesia (national),2021-11-01,M,monthly,10.5,percent
bi_consumer_survey.expenditure_share.loan_instalment.rp3_4juta,0000,Indonesia (national),2021-12-01,M,monthly,10.0,percent
bi_consumer_survey.expenditure_share.loan_instalment.rp3_4juta,0000,Indonesia (national),2022-01-01,M,monthly,11.5,percent
bi_consumer_survey.expenditure_share.loan_instalment.rp3_4juta,0000,Indonesia (national),2022-02-01,M,monthly,12.4,percent
bi_consumer_survey.expenditure_share.loan_instalment.rp3_4juta,0000,Indonesia (national),2022-03-01,M,monthly,10.8,percent
bi_consumer_survey.expenditure_share.loan_instalment.rp3_4juta,0000,Indonesia (national),2022-04-01,M,monthly,10.8,percent
bi_consumer_survey.expenditure_share.loan_instalment.rp3_4juta,0000,Indonesia (national),2022-05-01,M,monthly,11.4,percent
bi_consumer_survey.expenditure_share.loan_instalment.rp3_4juta,0000,Indonesia (national),2022-06-01,M,monthly,10.5,percent
bi_consumer_survey.expenditure_share.loan_instalment.rp3_4juta,0000,Indonesia (national),2022-07-01,M,monthly,10.6,percent
bi_consumer_survey.expenditure_share.loan_instalment.rp3_4juta,0000,Indonesia (national),2022-08-01,M,monthly,11.0,percent
bi_consumer_survey.expenditure_share.loan_instalment.rp3_4juta,0000,Indonesia (national),2022-09-01,M,monthly,10.6,percent
bi_consumer_survey.expenditure_share.loan_instalment.rp3_4juta,0000,Indonesia (national),2022-10-01,M,monthly,9.0,percent
bi_consumer_survey.expenditure_share.loan_instalment.rp3_4juta,0000,Indonesia (national),2022-11-01,M,monthly,10.6,percent
bi_consumer_survey.expenditure_share.loan_instalment.rp3_4juta,0000,Indonesia (national),2022-12-01,M,monthly,10.1,percent
bi_consumer_survey.expenditure_share.loan_instalment.rp3_4juta,0000,Indonesia (national),2023-01-01,M,monthly,11.1,percent
bi_consumer_survey.expenditure_share.loan_instalment.rp3_4juta,0000,Indonesia (national),2023-02-01,M,monthly,9.7,percent
bi_consumer_survey.expenditure_share.loan_instalment.rp3_4juta,0000,Indonesia (national),2023-03-01,M,monthly,10.3,percent
bi_consumer_survey.expenditure_share.loan_instalment.rp3_4juta,0000,Indonesia (national),2023-04-01,M,monthly,9.5,percent
bi_consumer_survey.expenditure_share.loan_instalment.rp3_4juta,0000,Indonesia (national),2023-05-01,M,monthly,10.0,percent
bi_consumer_survey.expenditure_share.loan_instalment.rp3_4juta,0000,Indonesia (national),2023-06-01,M,monthly,9.3,percent
bi_consumer_survey.expenditure_share.loan_instalment.rp3_4juta,0000,Indonesia (national),2023-07-01,M,monthly,9.8,percent
bi_consumer_survey.expenditure_share.loan_instalment.rp3_4juta,0000,Indonesia (national),2023-08-01,M,monthly,9.5,percent
bi_consumer_survey.expenditure_share.loan_instalment.rp3_4juta,0000,Indonesia (national),2023-09-01,M,monthly,9.8,percent
bi_consumer_survey.expenditure_share.loan_instalment.rp3_4juta,0000,Indonesia (national),2023-10-01,M,monthly,10.4,percent
bi_consumer_survey.expenditure_share.loan_instalment.rp3_4juta,0000,Indonesia (national),2023-11-01,M,monthly,10.6,percent
bi_consumer_survey.expenditure_share.loan_instalment.rp3_4juta,0000,Indonesia (national),2023-12-01,M,monthly,10.6,percent
bi_consumer_survey.expenditure_share.loan_instalment.rp3_4juta,0000,Indonesia (national),2024-01-01,M,monthly,9.8,percent
bi_consumer_survey.expenditure_share.loan_instalment.rp3_4juta,0000,Indonesia (national),2024-02-01,M,monthly,11.4,percent
bi_consumer_survey.expenditure_share.loan_instalment.rp3_4juta,0000,Indonesia (national),2024-03-01,M,monthly,9.8,percent
bi_consumer_survey.expenditure_share.loan_instalment.rp3_4juta,0000,Indonesia (national),2024-04-01,M,monthly,10.3,percent
bi_consumer_survey.expenditure_share.loan_instalment.rp3_4juta,0000,Indonesia (national),2024-05-01,M,monthly,11.2,percent
bi_consumer_survey.expenditure_share.loan_instalment.rp3_4juta,0000,Indonesia (national),2024-06-01,M,monthly,10.7,percent
bi_consumer_survey.expenditure_share.loan_instalment.rp3_4juta,0000,Indonesia (national),2024-07-01,M,monthly,11.7,percent
bi_consumer_survey.expenditure_share.loan_instalment.rp3_4juta,0000,Indonesia (national),2024-08-01,M,monthly,12.3,percent
bi_consumer_survey.expenditure_share.loan_instalment.rp3_4juta,0000,Indonesia (national),2024-09-01,M,monthly,12.5,percent
bi_consumer_survey.expenditure_share.loan_instalment.rp3_4juta,0000,Indonesia (national),2024-10-01,M,monthly,10.9,percent
bi_consumer_survey.expenditure_share.loan_instalment.rp3_4juta,0000,Indonesia (national),2024-11-01,M,monthly,11.5,percent
bi_consumer_survey.expenditure_share.loan_instalment.rp3_4juta,0000,Indonesia (national),2024-12-01,M,monthly,11.5,percent
bi_consumer_survey.expenditure_share.loan_instalment.rp3_4juta,0000,Indonesia (national),2025-01-01,M,monthly,13.2,percent
bi_consumer_survey.expenditure_share.loan_instalment.rp3_4juta,0000,Indonesia (national),2025-02-01,M,monthly,11.1,percent
bi_consumer_survey.expenditure_share.loan_instalment.rp3_4juta,0000,Indonesia (national),2025-03-01,M,monthly,12.1,percent
bi_consumer_survey.expenditure_share.loan_instalment.rp3_4juta,0000,Indonesia (national),2025-04-01,M,monthly,11.1,percent
bi_consumer_survey.expenditure_share.loan_instalment.rp3_4juta,0000,Indonesia (national),2025-05-01,M,monthly,12.3,percent
bi_consumer_survey.expenditure_share.loan_instalment.rp3_4juta,0000,Indonesia (national),2025-06-01,M,monthly,11.8,percent
bi_consumer_survey.expenditure_share.loan_instalment.rp3_4juta,0000,Indonesia (national),2025-07-01,M,monthly,10.9,percent
bi_consumer_survey.expenditure_share.loan_instalment.rp3_4juta,0000,Indonesia (national),2025-08-01,M,monthly,12.1,percent
bi_consumer_survey.expenditure_share.loan_instalment.rp3_4juta,0000,Indonesia (national),2025-09-01,M,monthly,11.3,percent
bi_consumer_survey.expenditure_share.loan_instalment.rp3_4juta,0000,Indonesia (national),2025-10-01,M,monthly,13.2,percent
bi_consumer_survey.expenditure_share.loan_instalment.rp3_4juta,0000,Indonesia (national),2025-11-01,M,monthly,11.9,percent
bi_consumer_survey.expenditure_share.loan_instalment.rp3_4juta,0000,Indonesia (national),2025-12-01,M,monthly,11.3,percent
bi_consumer_survey.expenditure_share.loan_instalment.rp3_4juta,0000,Indonesia (national),2026-01-01,M,monthly,12.7,percent
bi_consumer_survey.expenditure_share.loan_instalment.rp3_4juta,0000,Indonesia (national),2026-02-01,M,monthly,11.6,percent
bi_consumer_survey.expenditure_share.loan_instalment.rp3_4juta,0000,Indonesia (national),2026-03-01,M,monthly,10.6,percent
bi_consumer_survey.expenditure_share.loan_instalment.rp3_4juta,0000,Indonesia (national),2026-04-01,M,monthly,11.7,percent
bi_consumer_survey.expenditure_share.loan_instalment.rp3_4juta,0000,Indonesia (national),2026-05-01,M,monthly,10.9,percent
bi_consumer_survey.expenditure_share.loan_instalment.rp3_4juta,0000,Indonesia (national),2026-06-01,M,monthly,10.8,percent
bi_consumer_survey.expenditure_share.loan_instalment.rp3_4juta,0000,Indonesia (national),2026-07-01,M,monthly,11.3,percent
bi_consumer_survey.expenditure_share.loan_instalment.rp3_4juta,0000,Indonesia (national),2026-08-01,M,monthly,12.0,percent
bi_consumer_survey.expenditure_share.loan_instalment.rp4_5juta,0000,Indonesia (national),2012-01-01,M,monthly,15.9,percent
bi_consumer_survey.expenditure_share.loan_instalment.rp4_5juta,0000,Indonesia (national),2012-02-01,M,monthly,14.5,percent
bi_consumer_survey.expenditure_share.loan_instalment.rp4_5juta,0000,Indonesia (national),2012-03-01,M,monthly,15.0,percent
bi_consumer_survey.expenditure_share.loan_instalment.rp4_5juta,0000,Indonesia (national),2012-04-01,M,monthly,17.0,percent
bi_consumer_survey.expenditure_share.loan_instalment.rp4_5juta,0000,Indonesia (national),2012-05-01,M,monthly,15.9,percent
bi_consumer_survey.expenditure_share.loan_instalment.rp4_5juta,0000,Indonesia (national),2012-06-01,M,monthly,13.7,percent
bi_consumer_survey.expenditure_share.loan_instalment.rp4_5juta,0000,Indonesia (national),2012-07-01,M,monthly,16.8,percent
bi_consumer_survey.expenditure_share.loan_instalment.rp4_5juta,0000,Indonesia (national),2012-08-01,M,monthly,15.8,percent
bi_consumer_survey.expenditure_share.loan_instalment.rp4_5juta,0000,Indonesia (national),2012-09-01,M,monthly,14.3,percent
bi_consumer_survey.expenditure_share.loan_instalment.rp4_5juta,0000,Indonesia (national),2012-10-01,M,monthly,15.6,percent
bi_consumer_survey.expenditure_share.loan_instalment.rp4_5juta,0000,Indonesia (national),2012-11-01,M,monthly,18.4,percent
bi_consumer_survey.expenditure_share.loan_instalment.rp4_5juta,0000,Indonesia (national),2012-12-01,M,monthly,19.7,percent
bi_consumer_survey.expenditure_share.loan_instalment.rp4_5juta,0000,Indonesia (national),2013-01-01,M,monthly,18.2,percent
bi_consumer_survey.expenditure_share.loan_instalment.rp4_5juta,0000,Indonesia (national),2013-02-01,M,monthly,16.9,percent
bi_consumer_survey.expenditure_share.loan_instalment.rp4_5juta,0000,Indonesia (national),2013-03-01,M,monthly,15.6,percent
bi_consumer_survey.expenditure_share.loan_instalment.rp4_5juta,0000,Indonesia (national),2013-04-01,M,monthly,15.6,percent
bi_consumer_survey.expenditure_share.loan_instalment.rp4_5juta,0000,Indonesia (national),2013-05-01,M,monthly,15.4,percent
bi_consumer_survey.expenditure_share.loan_instalment.rp4_5juta,0000,Indonesia (national),2013-06-01,M,monthly,15.0,percent
bi_consumer_survey.expenditure_share.loan_instalment.rp4_5juta,0000,Indonesia (national),2013-07-01,M,monthly,14.6,percent
bi_consumer_survey.expenditure_share.loan_instalment.rp4_5juta,0000,Indonesia (national),2013-08-01,M,monthly,15.4,percent
bi_consumer_survey.expenditure_share.loan_instalment.rp4_5juta,0000,Indonesia (national),2013-09-01,M,monthly,17.3,percent
bi_consumer_survey.expenditure_share.loan_instalment.rp4_5juta,0000,Indonesia (national),2013-10-01,M,monthly,17.4,percent
bi_consumer_survey.expenditure_share.loan_instalment.rp4_5juta,0000,Indonesia (national),2013-11-01,M,monthly,14.5,percent
bi_consumer_survey.expenditure_share.loan_instalment.rp4_5juta,0000,Indonesia (national),2013-12-01,M,monthly,15.9,percent
bi_consumer_survey.expenditure_share.loan_instalment.rp4_5juta,0000,Indonesia (national),2014-01-01,M,monthly,19.1,percent
bi_consumer_survey.expenditure_share.loan_instalment.rp4_5juta,0000,Indonesia (national),2014-02-01,M,monthly,17.1,percent
bi_consumer_survey.expenditure_share.loan_instalment.rp4_5juta,0000,Indonesia (national),2014-03-01,M,monthly,15.0,percent
bi_consumer_survey.expenditure_share.loan_instalment.rp4_5juta,0000,Indonesia (national),2014-04-01,M,monthly,16.7,percent
bi_consumer_survey.expenditure_share.loan_instalment.rp4_5juta,0000,Indonesia (national),2014-05-01,M,monthly,17.3,percent
bi_consumer_survey.expenditure_share.loan_instalment.rp4_5juta,0000,Indonesia (national),2014-06-01,M,monthly,16.5,percent
bi_consumer_survey.expenditure_share.loan_instalment.rp4_5juta,0000,Indonesia (national),2014-07-01,M,monthly,14.0,percent
bi_consumer_survey.expenditure_share.loan_instalment.rp4_5juta,0000,Indonesia (national),2014-08-01,M,monthly,14.7,percent
bi_consumer_survey.expenditure_share.loan_instalment.rp4_5juta,0000,Indonesia (national),2014-09-01,M,monthly,17.7,percent
bi_consumer_survey.expenditure_share.loan_instalment.rp4_5juta,0000,Indonesia (national),2014-10-01,M,monthly,15.0,percent
bi_consumer_survey.expenditure_share.loan_instalment.rp4_5juta,0000,Indonesia (national),2014-11-01,M,monthly,15.6,percent
bi_consumer_survey.expenditure_share.loan_instalment.rp4_5juta,0000,Indonesia (national),2014-12-01,M,monthly,16.0,percent
bi_consumer_survey.expenditure_share.loan_instalment.rp4_5juta,0000,Indonesia (national),2015-01-01,M,monthly,16.6,percent
bi_consumer_survey.expenditure_share.loan_instalment.rp4_5juta,0000,Indonesia (national),2015-02-01,M,monthly,19.5,percent
bi_consumer_survey.expenditure_share.loan_instalment.rp4_5juta,0000,Indonesia (national),2015-03-01,M,monthly,13.2,percent
bi_consumer_survey.expenditure_share.loan_instalment.rp4_5juta,0000,Indonesia (national),2015-04-01,M,monthly,15.8,percent
bi_consumer_survey.expenditure_share.loan_instalment.rp4_5juta,0000,Indonesia (national),2015-05-01,M,monthly,14.9,percent
bi_consumer_survey.expenditure_share.loan_instalment.rp4_5juta,0000,Indonesia (national),2015-06-01,M,monthly,16.9,percent
bi_consumer_survey.expenditure_share.loan_instalment.rp4_5juta,0000,Indonesia (national),2015-07-01,M,monthly,14.3,percent
bi_consumer_survey.expenditure_share.loan_instalment.rp4_5juta,0000,Indonesia (national),2015-08-01,M,monthly,16.2,percent
bi_consumer_survey.expenditure_share.loan_instalment.rp4_5juta,0000,Indonesia (national),2015-09-01,M,monthly,15.4,percent
bi_consumer_survey.expenditure_share.loan_instalment.rp4_5juta,0000,Indonesia (national),2015-10-01,M,monthly,14.8,percent
bi_consumer_survey.expenditure_share.loan_instalment.rp4_5juta,0000,Indonesia (national),2015-11-01,M,monthly,15.9,percent
bi_consumer_survey.expenditure_share.loan_instalment.rp4_5juta,0000,Indonesia (national),2015-12-01,M,monthly,14.5,percent
bi_consumer_survey.expenditure_share.loan_instalment.rp4_5juta,0000,Indonesia (national),2016-01-01,M,monthly,12.6,percent
bi_consumer_survey.expenditure_share.loan_instalment.rp4_5juta,0000,Indonesia (national),2016-02-01,M,monthly,14.8,percent
bi_consumer_survey.expenditure_share.loan_instalment.rp4_5juta,0000,Indonesia (national),2016-03-01,M,monthly,14.0,percent
bi_consumer_survey.expenditure_share.loan_instalment.rp4_5juta,0000,Indonesia (national),2016-04-01,M,monthly,15.0,percent
bi_consumer_survey.expenditure_share.loan_instalment.rp4_5juta,0000,Indonesia (national),2016-05-01,M,monthly,13.7,percent
bi_consumer_survey.expenditure_share.loan_instalment.rp4_5juta,0000,Indonesia (national),2016-06-01,M,monthly,13.2,percent
bi_consumer_survey.expenditure_share.loan_instalment.rp4_5juta,0000,Indonesia (national),2016-07-01,M,monthly,14.5,percent
bi_consumer_survey.expenditure_share.loan_instalment.rp4_5juta,0000,Indonesia (national),2016-08-01,M,monthly,14.8,percent
bi_consumer_survey.expenditure_share.loan_instalment.rp4_5juta,0000,Indonesia (national),2016-09-01,M,monthly,14.0,percent
bi_consumer_survey.expenditure_share.loan_instalment.rp4_5juta,0000,Indonesia (national),2016-10-01,M,monthly,14.6,percent
bi_consumer_survey.expenditure_share.loan_instalment.rp4_5juta,0000,Indonesia (national),2016-11-01,M,monthly,13.3,percent
bi_consumer_survey.expenditure_share.loan_instalment.rp4_5juta,0000,Indonesia (national),2016-12-01,M,monthly,16.9,percent
bi_consumer_survey.expenditure_share.loan_instalment.rp4_5juta,0000,Indonesia (national),2017-01-01,M,monthly,20.1,percent
bi_consumer_survey.expenditure_share.loan_instalment.rp4_5juta,0000,Indonesia (national),2017-02-01,M,monthly,15.0,percent
bi_consumer_survey.expenditure_share.loan_instalment.rp4_5juta,0000,Indonesia (national),2017-03-01,M,monthly,16.6,percent
bi_consumer_survey.expenditure_share.loan_instalment.rp4_5juta,0000,Indonesia (national),2017-04-01,M,monthly,15.5,percent
bi_consumer_survey.expenditure_share.loan_instalment.rp4_5juta,0000,Indonesia (national),2017-05-01,M,monthly,16.9,percent
bi_consumer_survey.expenditure_share.loan_instalment.rp4_5juta,0000,Indonesia (national),2017-06-01,M,monthly,16.1,percent
bi_consumer_survey.expenditure_share.loan_instalment.rp4_5juta,0000,Indonesia (national),2017-07-01,M,monthly,18.6,percent
bi_consumer_survey.expenditure_share.loan_instalment.rp4_5juta,0000,Indonesia (national),2017-08-01,M,monthly,18.5,percent
bi_consumer_survey.expenditure_share.loan_instalment.rp4_5juta,0000,Indonesia (national),2017-09-01,M,monthly,18.7,percent
bi_consumer_survey.expenditure_share.loan_instalment.rp4_5juta,0000,Indonesia (national),2017-10-01,M,monthly,17.0,percent
bi_consumer_survey.expenditure_share.loan_instalment.rp4_5juta,0000,Indonesia (national),2017-11-01,M,monthly,16.7,percent
bi_consumer_survey.expenditure_share.loan_instalment.rp4_5juta,0000,Indonesia (national),2017-12-01,M,monthly,16.7,percent
bi_consumer_survey.expenditure_share.loan_instalment.rp4_5juta,0000,Indonesia (national),2018-01-01,M,monthly,18.5,percent
bi_consumer_survey.expenditure_share.loan_instalment.rp4_5juta,0000,Indonesia (national),2018-02-01,M,monthly,16.6,percent
bi_consumer_survey.expenditure_share.loan_instalment.rp4_5juta,0000,Indonesia (national),2018-03-01,M,monthly,15.9,percent
bi_consumer_survey.expenditure_share.loan_instalment.rp4_5juta,0000,Indonesia (national),2018-04-01,M,monthly,16.5,percent
bi_consumer_survey.expenditure_share.loan_instalment.rp4_5juta,0000,Indonesia (national),2018-05-01,M,monthly,15.6,percent
bi_consumer_survey.expenditure_share.loan_instalment.rp4_5juta,0000,Indonesia (national),2018-06-01,M,monthly,14.9,percent
bi_consumer_survey.expenditure_share.loan_instalment.rp4_5juta,0000,Indonesia (national),2018-07-01,M,monthly,14.6,percent
bi_consumer_survey.expenditure_share.loan_instalment.rp4_5juta,0000,Indonesia (national),2018-08-01,M,monthly,16.0,percent
bi_consumer_survey.expenditure_share.loan_instalment.rp4_5juta,0000,Indonesia (national),2018-09-01,M,monthly,14.6,percent
bi_consumer_survey.expenditure_share.loan_instalment.rp4_5juta,0000,Indonesia (national),2018-10-01,M,monthly,14.6,percent
bi_consumer_survey.expenditure_share.loan_instalment.rp4_5juta,0000,Indonesia (national),2018-11-01,M,monthly,14.3,percent
bi_consumer_survey.expenditure_share.loan_instalment.rp4_5juta,0000,Indonesia (national),2018-12-01,M,monthly,14.8,percent
bi_consumer_survey.expenditure_share.loan_instalment.rp4_5juta,0000,Indonesia (national),2019-01-01,M,monthly,14.3,percent
bi_consumer_survey.expenditure_share.loan_instalment.rp4_5juta,0000,Indonesia (national),2019-02-01,M,monthly,15.7,percent
bi_consumer_survey.expenditure_share.loan_instalment.rp4_5juta,0000,Indonesia (national),2019-03-01,M,monthly,13.6,percent
bi_consumer_survey.expenditure_share.loan_instalment.rp4_5juta,0000,Indonesia (national),2019-04-01,M,monthly,13.5,percent
bi_consumer_survey.expenditure_share.loan_instalment.rp4_5juta,0000,Indonesia (national),2019-05-01,M,monthly,14.1,percent
bi_consumer_survey.expenditure_share.loan_instalment.rp4_5juta,0000,Indonesia (national),2019-06-01,M,monthly,12.5,percent
bi_consumer_survey.expenditure_share.loan_instalment.rp4_5juta,0000,Indonesia (national),2019-07-01,M,monthly,14.7,percent
bi_consumer_survey.expenditure_share.loan_instalment.rp4_5juta,0000,Indonesia (national),2019-08-01,M,monthly,14.6,percent
bi_consumer_survey.expenditure_share.loan_instalment.rp4_5juta,0000,Indonesia (national),2019-09-01,M,monthly,12.9,percent
bi_consumer_survey.expenditure_share.loan_instalment.rp4_5juta,0000,Indonesia (national),2019-10-01,M,monthly,13.8,percent
bi_consumer_survey.expenditure_share.loan_instalment.rp4_5juta,0000,Indonesia (national),2019-11-01,M,monthly,14.4,percent
bi_consumer_survey.expenditure_share.loan_instalment.rp4_5juta,0000,Indonesia (national),2019-12-01,M,monthly,12.9,percent
bi_consumer_survey.expenditure_share.loan_instalment.rp4_5juta,0000,Indonesia (national),2020-01-01,M,monthly,14.1,percent
bi_consumer_survey.expenditure_share.loan_instalment.rp4_5juta,0000,Indonesia (national),2020-02-01,M,monthly,14.7,percent
bi_consumer_survey.expenditure_share.loan_instalment.rp4_5juta,0000,Indonesia (national),2020-03-01,M,monthly,12.9,percent
bi_consumer_survey.expenditure_share.loan_instalment.rp4_5juta,0000,Indonesia (national),2020-08-01,M,monthly,14.4,percent
bi_consumer_survey.expenditure_share.loan_instalment.rp4_5juta,0000,Indonesia (national),2020-09-01,M,monthly,13.1,percent
bi_consumer_survey.expenditure_share.loan_instalment.rp4_5juta,0000,Indonesia (national),2020-10-01,M,monthly,14.4,percent
bi_consumer_survey.expenditure_share.loan_instalment.rp4_5juta,0000,Indonesia (national),2020-11-01,M,monthly,14.6,percent
bi_consumer_survey.expenditure_share.loan_instalment.rp4_5juta,0000,Indonesia (national),2020-12-01,M,monthly,10.7,percent
bi_consumer_survey.expenditure_share.loan_instalment.rp4_5juta,0000,Indonesia (national),2021-01-01,M,monthly,14.5,percent
bi_consumer_survey.expenditure_share.loan_instalment.rp4_5juta,0000,Indonesia (national),2021-02-01,M,monthly,13.7,percent
bi_consumer_survey.expenditure_share.loan_instalment.rp4_5juta,0000,Indonesia (national),2021-03-01,M,monthly,13.0,percent
bi_consumer_survey.expenditure_share.loan_instalment.rp4_5juta,0000,Indonesia (national),2021-04-01,M,monthly,12.7,percent
bi_consumer_survey.expenditure_share.loan_instalment.rp4_5juta,0000,Indonesia (national),2021-05-01,M,monthly,11.6,percent
bi_consumer_survey.expenditure_share.loan_instalment.rp4_5juta,0000,Indonesia (national),2021-06-01,M,monthly,12.9,percent
bi_consumer_survey.expenditure_share.loan_instalment.rp4_5juta,0000,Indonesia (national),2021-07-01,M,monthly,14.5,percent
bi_consumer_survey.expenditure_share.loan_instalment.rp4_5juta,0000,Indonesia (national),2021-08-01,M,monthly,13.1,percent
bi_consumer_survey.expenditure_share.loan_instalment.rp4_5juta,0000,Indonesia (national),2021-09-01,M,monthly,13.4,percent
bi_consumer_survey.expenditure_share.loan_instalment.rp4_5juta,0000,Indonesia (national),2021-10-01,M,monthly,11.8,percent
bi_consumer_survey.expenditure_share.loan_instalment.rp4_5juta,0000,Indonesia (national),2021-11-01,M,monthly,10.4,percent
bi_consumer_survey.expenditure_share.loan_instalment.rp4_5juta,0000,Indonesia (national),2021-12-01,M,monthly,12.2,percent
bi_consumer_survey.expenditure_share.loan_instalment.rp4_5juta,0000,Indonesia (national),2022-01-01,M,monthly,12.9,percent
bi_consumer_survey.expenditure_share.loan_instalment.rp4_5juta,0000,Indonesia (national),2022-02-01,M,monthly,13.0,percent
bi_consumer_survey.expenditure_share.loan_instalment.rp4_5juta,0000,Indonesia (national),2022-03-01,M,monthly,11.1,percent
bi_consumer_survey.expenditure_share.loan_instalment.rp4_5juta,0000,Indonesia (national),2022-04-01,M,monthly,12.1,percent
bi_consumer_survey.expenditure_share.loan_instalment.rp4_5juta,0000,Indonesia (national),2022-05-01,M,monthly,12.9,percent
bi_consumer_survey.expenditure_share.loan_instalment.rp4_5juta,0000,Indonesia (national),2022-06-01,M,monthly,11.9,percent
bi_consumer_survey.expenditure_share.loan_instalment.rp4_5juta,0000,Indonesia (national),2022-07-01,M,monthly,13.5,percent
bi_consumer_survey.expenditure_share.loan_instalment.rp4_5juta,0000,Indonesia (national),2022-08-01,M,monthly,12.0,percent
bi_consumer_survey.expenditure_share.loan_instalment.rp4_5juta,0000,Indonesia (national),2022-09-01,M,monthly,11.2,percent
bi_consumer_survey.expenditure_share.loan_instalment.rp4_5juta,0000,Indonesia (national),2022-10-01,M,monthly,11.8,percent
bi_consumer_survey.expenditure_share.loan_instalment.rp4_5juta,0000,Indonesia (national),2022-11-01,M,monthly,11.7,percent
bi_consumer_survey.expenditure_share.loan_instalment.rp4_5juta,0000,Indonesia (national),2022-12-01,M,monthly,11.6,percent
bi_consumer_survey.expenditure_share.loan_instalment.rp4_5juta,0000,Indonesia (national),2023-01-01,M,monthly,11.8,percent
bi_consumer_survey.expenditure_share.loan_instalment.rp4_5juta,0000,Indonesia (national),2023-02-01,M,monthly,11.8,percent
bi_consumer_survey.expenditure_share.loan_instalment.rp4_5juta,0000,Indonesia (national),2023-03-01,M,monthly,9.8,percent
bi_consumer_survey.expenditure_share.loan_instalment.rp4_5juta,0000,Indonesia (national),2023-04-01,M,monthly,11.1,percent
bi_consumer_survey.expenditure_share.loan_instalment.rp4_5juta,0000,Indonesia (national),2023-05-01,M,monthly,11.6,percent
bi_consumer_survey.expenditure_share.loan_instalment.rp4_5juta,0000,Indonesia (national),2023-06-01,M,monthly,10.0,percent
bi_consumer_survey.expenditure_share.loan_instalment.rp4_5juta,0000,Indonesia (national),2023-07-01,M,monthly,11.1,percent
bi_consumer_survey.expenditure_share.loan_instalment.rp4_5juta,0000,Indonesia (national),2023-08-01,M,monthly,10.8,percent
bi_consumer_survey.expenditure_share.loan_instalment.rp4_5juta,0000,Indonesia (national),2023-09-01,M,monthly,10.2,percent
bi_consumer_survey.expenditure_share.loan_instalment.rp4_5juta,0000,Indonesia (national),2023-10-01,M,monthly,10.2,percent
bi_consumer_survey.expenditure_share.loan_instalment.rp4_5juta,0000,Indonesia (national),2023-11-01,M,monthly,10.8,percent
bi_consumer_survey.expenditure_share.loan_instalment.rp4_5juta,0000,Indonesia (national),2023-12-01,M,monthly,11.6,percent
bi_consumer_survey.expenditure_share.loan_instalment.rp4_5juta,0000,Indonesia (national),2024-01-01,M,monthly,11.2,percent
bi_consumer_survey.expenditure_share.loan_instalment.rp4_5juta,0000,Indonesia (national),2024-02-01,M,monthly,11.6,percent
bi_consumer_survey.expenditure_share.loan_instalment.rp4_5juta,0000,Indonesia (national),2024-03-01,M,monthly,12.0,percent
bi_consumer_survey.expenditure_share.loan_instalment.rp4_5juta,0000,Indonesia (national),2024-04-01,M,monthly,12.3,percent
bi_consumer_survey.expenditure_share.loan_instalment.rp4_5juta,0000,Indonesia (national),2024-05-01,M,monthly,12.9,percent
bi_consumer_survey.expenditure_share.loan_instalment.rp4_5juta,0000,Indonesia (national),2024-06-01,M,monthly,10.1,percent
bi_consumer_survey.expenditure_share.loan_instalment.rp4_5juta,0000,Indonesia (national),2024-07-01,M,monthly,14.4,percent
bi_consumer_survey.expenditure_share.loan_instalment.rp4_5juta,0000,Indonesia (national),2024-08-01,M,monthly,12.4,percent
bi_consumer_survey.expenditure_share.loan_instalment.rp4_5juta,0000,Indonesia (national),2024-09-01,M,monthly,12.9,percent
bi_consumer_survey.expenditure_share.loan_instalment.rp4_5juta,0000,Indonesia (national),2024-10-01,M,monthly,13.4,percent
bi_consumer_survey.expenditure_share.loan_instalment.rp4_5juta,0000,Indonesia (national),2024-11-01,M,monthly,12.3,percent
bi_consumer_survey.expenditure_share.loan_instalment.rp4_5juta,0000,Indonesia (national),2024-12-01,M,monthly,11.7,percent
bi_consumer_survey.expenditure_share.loan_instalment.rp4_5juta,0000,Indonesia (national),2025-01-01,M,monthly,12.7,percent
bi_consumer_survey.expenditure_share.loan_instalment.rp4_5juta,0000,Indonesia (national),2025-02-01,M,monthly,10.5,percent
bi_consumer_survey.expenditure_share.loan_instalment.rp4_5juta,0000,Indonesia (national),2025-03-01,M,monthly,12.7,percent
bi_consumer_survey.expenditure_share.loan_instalment.rp4_5juta,0000,Indonesia (national),2025-04-01,M,monthly,12.2,percent
bi_consumer_survey.expenditure_share.loan_instalment.rp4_5juta,0000,Indonesia (national),2025-05-01,M,monthly,12.0,percent
bi_consumer_survey.expenditure_share.loan_instalment.rp4_5juta,0000,Indonesia (national),2025-06-01,M,monthly,12.4,percent
bi_consumer_survey.expenditure_share.loan_instalment.rp4_5juta,0000,Indonesia (national),2025-07-01,M,monthly,11.7,percent
bi_consumer_survey.expenditure_share.loan_instalment.rp4_5juta,0000,Indonesia (national),2025-08-01,M,monthly,11.2,percent
bi_consumer_survey.expenditure_share.loan_instalment.rp4_5juta,0000,Indonesia (national),2025-09-01,M,monthly,14.5,percent
bi_consumer_survey.expenditure_share.loan_instalment.rp4_5juta,0000,Indonesia (national),2025-10-01,M,monthly,12.3,percent
bi_consumer_survey.expenditure_share.loan_instalment.rp4_5juta,0000,Indonesia (national),2025-11-01,M,monthly,11.6,percent
bi_consumer_survey.expenditure_share.loan_instalment.rp4_5juta,0000,Indonesia (national),2025-12-01,M,monthly,13.5,percent
bi_consumer_survey.expenditure_share.loan_instalment.rp4_5juta,0000,Indonesia (national),2026-01-01,M,monthly,13.2,percent
bi_consumer_survey.expenditure_share.loan_instalment.rp4_5juta,0000,Indonesia (national),2026-02-01,M,monthly,12.6,percent
bi_consumer_survey.expenditure_share.loan_instalment.rp4_5juta,0000,Indonesia (national),2026-03-01,M,monthly,11.1,percent
bi_consumer_survey.expenditure_share.loan_instalment.rp4_5juta,0000,Indonesia (national),2026-04-01,M,monthly,10.3,percent
bi_consumer_survey.expenditure_share.loan_instalment.rp4_5juta,0000,Indonesia (national),2026-05-01,M,monthly,10.7,percent
bi_consumer_survey.expenditure_share.loan_instalment.rp4_5juta,0000,Indonesia (national),2026-06-01,M,monthly,11.4,percent
bi_consumer_survey.expenditure_share.loan_instalment.rp4_5juta,0000,Indonesia (national),2026-07-01,M,monthly,12.7,percent
bi_consumer_survey.expenditure_share.loan_instalment.rp4_5juta,0000,Indonesia (national),2026-08-01,M,monthly,11.5,percent
bi_consumer_survey.expenditure_share.saving,0000,Indonesia (national),2012-01-01,M,monthly,19.6,percent
bi_consumer_survey.expenditure_share.saving,0000,Indonesia (national),2012-02-01,M,monthly,18.7,percent
bi_consumer_survey.expenditure_share.saving,0000,Indonesia (national),2012-03-01,M,monthly,19.0,percent
bi_consumer_survey.expenditure_share.saving,0000,Indonesia (national),2012-04-01,M,monthly,18.7,percent
bi_consumer_survey.expenditure_share.saving,0000,Indonesia (national),2012-05-01,M,monthly,18.9,percent
bi_consumer_survey.expenditure_share.saving,0000,Indonesia (national),2012-06-01,M,monthly,19.6,percent
bi_consumer_survey.expenditure_share.saving,0000,Indonesia (national),2012-07-01,M,monthly,18.3,percent
bi_consumer_survey.expenditure_share.saving,0000,Indonesia (national),2012-08-01,M,monthly,18.9,percent
bi_consumer_survey.expenditure_share.saving,0000,Indonesia (national),2012-09-01,M,monthly,19.1,percent
bi_consumer_survey.expenditure_share.saving,0000,Indonesia (national),2012-10-01,M,monthly,18.2,percent
bi_consumer_survey.expenditure_share.saving,0000,Indonesia (national),2012-11-01,M,monthly,18.9,percent
bi_consumer_survey.expenditure_share.saving,0000,Indonesia (national),2012-12-01,M,monthly,18.9,percent
bi_consumer_survey.expenditure_share.saving,0000,Indonesia (national),2013-01-01,M,monthly,19.2,percent
bi_consumer_survey.expenditure_share.saving,0000,Indonesia (national),2013-02-01,M,monthly,19.4,percent
bi_consumer_survey.expenditure_share.saving,0000,Indonesia (national),2013-03-01,M,monthly,19.1,percent
bi_consumer_survey.expenditure_share.saving,0000,Indonesia (national),2013-04-01,M,monthly,17.6,percent
bi_consumer_survey.expenditure_share.saving,0000,Indonesia (national),2013-05-01,M,monthly,18.7,percent
bi_consumer_survey.expenditure_share.saving,0000,Indonesia (national),2013-06-01,M,monthly,19.5,percent
bi_consumer_survey.expenditure_share.saving,0000,Indonesia (national),2013-07-01,M,monthly,18.5,percent
bi_consumer_survey.expenditure_share.saving,0000,Indonesia (national),2013-08-01,M,monthly,18.6,percent
bi_consumer_survey.expenditure_share.saving,0000,Indonesia (national),2013-09-01,M,monthly,18.3,percent
bi_consumer_survey.expenditure_share.saving,0000,Indonesia (national),2013-10-01,M,monthly,18.2,percent
bi_consumer_survey.expenditure_share.saving,0000,Indonesia (national),2013-11-01,M,monthly,18.0,percent
bi_consumer_survey.expenditure_share.saving,0000,Indonesia (national),2013-12-01,M,monthly,18.8,percent
bi_consumer_survey.expenditure_share.saving,0000,Indonesia (national),2014-01-01,M,monthly,18.4,percent
bi_consumer_survey.expenditure_share.saving,0000,Indonesia (national),2014-02-01,M,monthly,18.0,percent
bi_consumer_survey.expenditure_share.saving,0000,Indonesia (national),2014-03-01,M,monthly,18.8,percent
bi_consumer_survey.expenditure_share.saving,0000,Indonesia (national),2014-04-01,M,monthly,19.0,percent
bi_consumer_survey.expenditure_share.saving,0000,Indonesia (national),2014-05-01,M,monthly,19.3,percent
bi_consumer_survey.expenditure_share.saving,0000,Indonesia (national),2014-06-01,M,monthly,19.0,percent
bi_consumer_survey.expenditure_share.saving,0000,Indonesia (national),2014-07-01,M,monthly,17.6,percent
bi_consumer_survey.expenditure_share.saving,0000,Indonesia (national),2014-08-01,M,monthly,17.7,percent
bi_consumer_survey.expenditure_share.saving,0000,Indonesia (national),2014-09-01,M,monthly,17.6,percent
bi_consumer_survey.expenditure_share.saving,0000,Indonesia (national),2014-10-01,M,monthly,18.3,percent
bi_consumer_survey.expenditure_share.saving,0000,Indonesia (national),2014-11-01,M,monthly,17.9,percent
bi_consumer_survey.expenditure_share.saving,0000,Indonesia (national),2014-12-01,M,monthly,17.7,percent
bi_consumer_survey.expenditure_share.saving,0000,Indonesia (national),2015-01-01,M,monthly,20.0,percent
bi_consumer_survey.expenditure_share.saving,0000,Indonesia (national),2015-02-01,M,monthly,20.2,percent
bi_consumer_survey.expenditure_share.saving,0000,Indonesia (national),2015-03-01,M,monthly,19.9,percent
bi_consumer_survey.expenditure_share.saving,0000,Indonesia (national),2015-04-01,M,monthly,19.9,percent
bi_consumer_survey.expenditure_share.saving,0000,Indonesia (national),2015-05-01,M,monthly,19.3,percent
bi_consumer_survey.expenditure_share.saving,0000,Indonesia (national),2015-06-01,M,monthly,19.7,percent
bi_consumer_survey.expenditure_share.saving,0000,Indonesia (national),2015-07-01,M,monthly,19.2,percent
bi_consumer_survey.expenditure_share.saving,0000,Indonesia (national),2015-08-01,M,monthly,20.3,percent
bi_consumer_survey.expenditure_share.saving,0000,Indonesia (national),2015-09-01,M,monthly,18.8,percent
bi_consumer_survey.expenditure_share.saving,0000,Indonesia (national),2015-10-01,M,monthly,18.7,percent
bi_consumer_survey.expenditure_share.saving,0000,Indonesia (national),2015-11-01,M,monthly,18.5,percent
bi_consumer_survey.expenditure_share.saving,0000,Indonesia (national),2015-12-01,M,monthly,18.1,percent
bi_consumer_survey.expenditure_share.saving,0000,Indonesia (national),2016-01-01,M,monthly,19.3,percent
bi_consumer_survey.expenditure_share.saving,0000,Indonesia (national),2016-02-01,M,monthly,19.1,percent
bi_consumer_survey.expenditure_share.saving,0000,Indonesia (national),2016-03-01,M,monthly,18.5,percent
bi_consumer_survey.expenditure_share.saving,0000,Indonesia (national),2016-04-01,M,monthly,19.0,percent
bi_consumer_survey.expenditure_share.saving,0000,Indonesia (national),2016-05-01,M,monthly,18.4,percent
bi_consumer_survey.expenditure_share.saving,0000,Indonesia (national),2016-06-01,M,monthly,18.3,percent
bi_consumer_survey.expenditure_share.saving,0000,Indonesia (national),2016-07-01,M,monthly,18.5,percent
bi_consumer_survey.expenditure_share.saving,0000,Indonesia (national),2016-08-01,M,monthly,16.7,percent
bi_consumer_survey.expenditure_share.saving,0000,Indonesia (national),2016-09-01,M,monthly,17.8,percent
bi_consumer_survey.expenditure_share.saving,0000,Indonesia (national),2016-10-01,M,monthly,17.3,percent
bi_consumer_survey.expenditure_share.saving,0000,Indonesia (national),2016-11-01,M,monthly,16.5,percent
bi_consumer_survey.expenditure_share.saving,0000,Indonesia (national),2016-12-01,M,monthly,17.2,percent
bi_consumer_survey.expenditure_share.saving,0000,Indonesia (national),2017-01-01,M,monthly,20.1,percent
bi_consumer_survey.expenditure_share.saving,0000,Indonesia (national),2017-02-01,M,monthly,19.1,percent
bi_consumer_survey.expenditure_share.saving,0000,Indonesia (national),2017-03-01,M,monthly,19.0,percent
bi_consumer_survey.expenditure_share.saving,0000,Indonesia (national),2017-04-01,M,monthly,20.3,percent
bi_consumer_survey.expenditure_share.saving,0000,Indonesia (national),2017-05-01,M,monthly,21.0,percent
bi_consumer_survey.expenditure_share.saving,0000,Indonesia (national),2017-06-01,M,monthly,21.1,percent
bi_consumer_survey.expenditure_share.saving,0000,Indonesia (national),2017-07-01,M,monthly,20.6,percent
bi_consumer_survey.expenditure_share.saving,0000,Indonesia (national),2017-08-01,M,monthly,21.1,percent
bi_consumer_survey.expenditure_share.saving,0000,Indonesia (national),2017-09-01,M,monthly,19.2,percent
bi_consumer_survey.expenditure_share.saving,0000,Indonesia (national),2017-10-01,M,monthly,20.2,percent
bi_consumer_survey.expenditure_share.saving,0000,Indonesia (national),2017-11-01,M,monthly,21.0,percent
bi_consumer_survey.expenditure_share.saving,0000,Indonesia (national),2017-12-01,M,monthly,21.2,percent
bi_consumer_survey.expenditure_share.saving,0000,Indonesia (national),2018-01-01,M,monthly,20.6,percent
bi_consumer_survey.expenditure_share.saving,0000,Indonesia (national),2018-02-01,M,monthly,21.7,percent
bi_consumer_survey.expenditure_share.saving,0000,Indonesia (national),2018-03-01,M,monthly,22.4,percent
bi_consumer_survey.expenditure_share.saving,0000,Indonesia (national),2018-04-01,M,monthly,20.0,percent
bi_consumer_survey.expenditure_share.saving,0000,Indonesia (national),2018-05-01,M,monthly,19.6,percent
bi_consumer_survey.expenditure_share.saving,0000,Indonesia (national),2018-06-01,M,monthly,19.4,percent
bi_consumer_survey.expenditure_share.saving,0000,Indonesia (national),2018-07-01,M,monthly,19.9,percent
bi_consumer_survey.expenditure_share.saving,0000,Indonesia (national),2018-08-01,M,monthly,19.3,percent
bi_consumer_survey.expenditure_share.saving,0000,Indonesia (national),2018-09-01,M,monthly,20.1,percent
bi_consumer_survey.expenditure_share.saving,0000,Indonesia (national),2018-10-01,M,monthly,19.6,percent
bi_consumer_survey.expenditure_share.saving,0000,Indonesia (national),2018-11-01,M,monthly,19.0,percent
bi_consumer_survey.expenditure_share.saving,0000,Indonesia (national),2018-12-01,M,monthly,20.4,percent
bi_consumer_survey.expenditure_share.saving,0000,Indonesia (national),2019-01-01,M,monthly,20.2,percent
bi_consumer_survey.expenditure_share.saving,0000,Indonesia (national),2019-02-01,M,monthly,19.1,percent
bi_consumer_survey.expenditure_share.saving,0000,Indonesia (national),2019-03-01,M,monthly,20.1,percent
bi_consumer_survey.expenditure_share.saving,0000,Indonesia (national),2019-04-01,M,monthly,20.0,percent
bi_consumer_survey.expenditure_share.saving,0000,Indonesia (national),2019-05-01,M,monthly,19.4,percent
bi_consumer_survey.expenditure_share.saving,0000,Indonesia (national),2019-06-01,M,monthly,19.5,percent
bi_consumer_survey.expenditure_share.saving,0000,Indonesia (national),2019-07-01,M,monthly,19.1,percent
bi_consumer_survey.expenditure_share.saving,0000,Indonesia (national),2019-08-01,M,monthly,19.2,percent
bi_consumer_survey.expenditure_share.saving,0000,Indonesia (national),2019-09-01,M,monthly,19.4,percent
bi_consumer_survey.expenditure_share.saving,0000,Indonesia (national),2019-10-01,M,monthly,19.8,percent
bi_consumer_survey.expenditure_share.saving,0000,Indonesia (national),2019-11-01,M,monthly,19.3,percent
bi_consumer_survey.expenditure_share.saving,0000,Indonesia (national),2019-12-01,M,monthly,19.5,percent
bi_consumer_survey.expenditure_share.saving,0000,Indonesia (national),2020-01-01,M,monthly,19.4,percent
bi_consumer_survey.expenditure_share.saving,0000,Indonesia (national),2020-02-01,M,monthly,18.1,percent
bi_consumer_survey.expenditure_share.saving,0000,Indonesia (national),2020-03-01,M,monthly,18.6,percent
bi_consumer_survey.expenditure_share.saving,0000,Indonesia (national),2020-08-01,M,monthly,20.4,percent
bi_consumer_survey.expenditure_share.saving,0000,Indonesia (national),2020-09-01,M,monthly,19.8,percent
bi_consumer_survey.expenditure_share.saving,0000,Indonesia (national),2020-10-01,M,monthly,19.3,percent
bi_consumer_survey.expenditure_share.saving,0000,Indonesia (national),2020-11-01,M,monthly,19.4,percent
bi_consumer_survey.expenditure_share.saving,0000,Indonesia (national),2020-12-01,M,monthly,20.8,percent
bi_consumer_survey.expenditure_share.saving,0000,Indonesia (national),2021-01-01,M,monthly,15.3,percent
bi_consumer_survey.expenditure_share.saving,0000,Indonesia (national),2021-02-01,M,monthly,15.1,percent
bi_consumer_survey.expenditure_share.saving,0000,Indonesia (national),2021-03-01,M,monthly,14.7,percent
bi_consumer_survey.expenditure_share.saving,0000,Indonesia (national),2021-04-01,M,monthly,14.8,percent
bi_consumer_survey.expenditure_share.saving,0000,Indonesia (national),2021-05-01,M,monthly,14.6,percent
bi_consumer_survey.expenditure_share.saving,0000,Indonesia (national),2021-06-01,M,monthly,14.9,percent
bi_consumer_survey.expenditure_share.saving,0000,Indonesia (national),2021-07-01,M,monthly,15.1,percent
bi_consumer_survey.expenditure_share.saving,0000,Indonesia (national),2021-08-01,M,monthly,14.6,percent
bi_consumer_survey.expenditure_share.saving,0000,Indonesia (national),2021-09-01,M,monthly,14.1,percent
bi_consumer_survey.expenditure_share.saving,0000,Indonesia (national),2021-10-01,M,monthly,15.0,percent
bi_consumer_survey.expenditure_share.saving,0000,Indonesia (national),2021-11-01,M,monthly,14.6,percent
bi_consumer_survey.expenditure_share.saving,0000,Indonesia (national),2021-12-01,M,monthly,14.1,percent
bi_consumer_survey.expenditure_share.saving,0000,Indonesia (national),2022-01-01,M,monthly,15.9,percent
bi_consumer_survey.expenditure_share.saving,0000,Indonesia (national),2022-02-01,M,monthly,15.7,percent
bi_consumer_survey.expenditure_share.saving,0000,Indonesia (national),2022-03-01,M,monthly,15.9,percent
bi_consumer_survey.expenditure_share.saving,0000,Indonesia (national),2022-04-01,M,monthly,16.4,percent
bi_consumer_survey.expenditure_share.saving,0000,Indonesia (national),2022-05-01,M,monthly,16.0,percent
bi_consumer_survey.expenditure_share.saving,0000,Indonesia (national),2022-06-01,M,monthly,16.2,percent
bi_consumer_survey.expenditure_share.saving,0000,Indonesia (national),2022-07-01,M,monthly,17.0,percent
bi_consumer_survey.expenditure_share.saving,0000,Indonesia (national),2022-08-01,M,monthly,16.8,percent
bi_consumer_survey.expenditure_share.saving,0000,Indonesia (national),2022-09-01,M,monthly,15.8,percent
bi_consumer_survey.expenditure_share.saving,0000,Indonesia (national),2022-10-01,M,monthly,15.7,percent
bi_consumer_survey.expenditure_share.saving,0000,Indonesia (national),2022-11-01,M,monthly,15.7,percent
bi_consumer_survey.expenditure_share.saving,0000,Indonesia (national),2022-12-01,M,monthly,15.2,percent
bi_consumer_survey.expenditure_share.saving,0000,Indonesia (national),2023-01-01,M,monthly,16.7,percent
bi_consumer_survey.expenditure_share.saving,0000,Indonesia (national),2023-02-01,M,monthly,16.4,percent
bi_consumer_survey.expenditure_share.saving,0000,Indonesia (national),2023-03-01,M,monthly,15.5,percent
bi_consumer_survey.expenditure_share.saving,0000,Indonesia (national),2023-04-01,M,monthly,16.4,percent
bi_consumer_survey.expenditure_share.saving,0000,Indonesia (national),2023-05-01,M,monthly,15.7,percent
bi_consumer_survey.expenditure_share.saving,0000,Indonesia (national),2023-06-01,M,monthly,15.3,percent
bi_consumer_survey.expenditure_share.saving,0000,Indonesia (national),2023-07-01,M,monthly,15.4,percent
bi_consumer_survey.expenditure_share.saving,0000,Indonesia (national),2023-08-01,M,monthly,15.8,percent
bi_consumer_survey.expenditure_share.saving,0000,Indonesia (national),2023-09-01,M,monthly,15.2,percent
bi_consumer_survey.expenditure_share.saving,0000,Indonesia (national),2023-10-01,M,monthly,15.7,percent
bi_consumer_survey.expenditure_share.saving,0000,Indonesia (national),2023-11-01,M,monthly,15.4,percent
bi_consumer_survey.expenditure_share.saving,0000,Indonesia (national),2023-12-01,M,monthly,15.7,percent
bi_consumer_survey.expenditure_share.saving,0000,Indonesia (national),2024-01-01,M,monthly,16.2,percent
bi_consumer_survey.expenditure_share.saving,0000,Indonesia (national),2024-02-01,M,monthly,16.7,percent
bi_consumer_survey.expenditure_share.saving,0000,Indonesia (national),2024-03-01,M,monthly,17.0,percent
bi_consumer_survey.expenditure_share.saving,0000,Indonesia (national),2024-04-01,M,monthly,16.7,percent
bi_consumer_survey.expenditure_share.saving,0000,Indonesia (national),2024-05-01,M,monthly,16.6,percent
bi_consumer_survey.expenditure_share.saving,0000,Indonesia (national),2024-06-01,M,monthly,16.5,percent
bi_consumer_survey.expenditure_share.saving,0000,Indonesia (national),2024-07-01,M,monthly,15.5,percent
bi_consumer_survey.expenditure_share.saving,0000,Indonesia (national),2024-08-01,M,monthly,15.7,percent
bi_consumer_survey.expenditure_share.saving,0000,Indonesia (national),2024-09-01,M,monthly,15.3,percent
bi_consumer_survey.expenditure_share.saving,0000,Indonesia (national),2024-10-01,M,monthly,15.0,percent
bi_consumer_survey.expenditure_share.saving,0000,Indonesia (national),2024-11-01,M,monthly,15.1,percent
bi_consumer_survey.expenditure_share.saving,0000,Indonesia (national),2024-12-01,M,monthly,15.5,percent
bi_consumer_survey.expenditure_share.saving,0000,Indonesia (national),2025-01-01,M,monthly,15.3,percent
bi_consumer_survey.expenditure_share.saving,0000,Indonesia (national),2025-02-01,M,monthly,14.7,percent
bi_consumer_survey.expenditure_share.saving,0000,Indonesia (national),2025-03-01,M,monthly,13.8,percent
bi_consumer_survey.expenditure_share.saving,0000,Indonesia (national),2025-04-01,M,monthly,14.8,percent
bi_consumer_survey.expenditure_share.saving,0000,Indonesia (national),2025-05-01,M,monthly,14.9,percent
bi_consumer_survey.expenditure_share.saving,0000,Indonesia (national),2025-06-01,M,monthly,14.1,percent
bi_consumer_survey.expenditure_share.saving,0000,Indonesia (national),2025-07-01,M,monthly,13.7,percent
bi_consumer_survey.expenditure_share.saving,0000,Indonesia (national),2025-08-01,M,monthly,13.7,percent
bi_consumer_survey.expenditure_share.saving,0000,Indonesia (national),2025-09-01,M,monthly,13.7,percent
bi_consumer_survey.expenditure_share.saving,0000,Indonesia (national),2025-10-01,M,monthly,14.3,percent
bi_consumer_survey.expenditure_share.saving,0000,Indonesia (national),2025-11-01,M,monthly,14.4,percent
bi_consumer_survey.expenditure_share.saving,0000,Indonesia (national),2025-12-01,M,monthly,14.9,percent
bi_consumer_survey.expenditure_share.saving,0000,Indonesia (national),2026-01-01,M,monthly,16.5,percent
bi_consumer_survey.expenditure_share.saving,0000,Indonesia (national),2026-02-01,M,monthly,17.7,percent
bi_consumer_survey.expenditure_share.saving,0000,Indonesia (national),2026-03-01,M,monthly,17.6,percent
bi_consumer_survey.expenditure_share.saving,0000,Indonesia (national),2026-04-01,M,monthly,18.2,percent
bi_consumer_survey.expenditure_share.saving,0000,Indonesia (national),2026-05-01,M,monthly,17.5,percent
bi_consumer_survey.expenditure_share.saving,0000,Indonesia (national),2026-06-01,M,monthly,17.0,percent
bi_consumer_survey.expenditure_share.saving,0000,Indonesia (national),2026-07-01,M,monthly,16.8,percent
bi_consumer_survey.expenditure_share.saving,0000,Indonesia (national),2026-08-01,M,monthly,15.8,percent
bi_consumer_survey.expenditure_share.saving.above_rp5juta,0000,Indonesia (national),2012-01-01,M,monthly,20.3,percent
bi_consumer_survey.expenditure_share.saving.above_rp5juta,0000,Indonesia (national),2012-02-01,M,monthly,19.6,percent
bi_consumer_survey.expenditure_share.saving.above_rp5juta,0000,Indonesia (national),2012-03-01,M,monthly,20.9,percent
bi_consumer_survey.expenditure_share.saving.above_rp5juta,0000,Indonesia (national),2012-04-01,M,monthly,20.3,percent
bi_consumer_survey.expenditure_share.saving.above_rp5juta,0000,Indonesia (national),2012-05-01,M,monthly,20.7,percent
bi_consumer_survey.expenditure_share.saving.above_rp5juta,0000,Indonesia (national),2012-06-01,M,monthly,22.0,percent
bi_consumer_survey.expenditure_share.saving.above_rp5juta,0000,Indonesia (national),2012-07-01,M,monthly,21.0,percent
bi_consumer_survey.expenditure_share.saving.above_rp5juta,0000,Indonesia (national),2012-08-01,M,monthly,18.8,percent
bi_consumer_survey.expenditure_share.saving.above_rp5juta,0000,Indonesia (national),2012-09-01,M,monthly,18.1,percent
bi_consumer_survey.expenditure_share.saving.above_rp5juta,0000,Indonesia (national),2012-10-01,M,monthly,19.5,percent
bi_consumer_survey.expenditure_share.saving.above_rp5juta,0000,Indonesia (national),2012-11-01,M,monthly,22.6,percent
bi_consumer_survey.expenditure_share.saving.above_rp5juta,0000,Indonesia (national),2012-12-01,M,monthly,20.4,percent
bi_consumer_survey.expenditure_share.saving.above_rp5juta,0000,Indonesia (national),2013-01-01,M,monthly,20.6,percent
bi_consumer_survey.expenditure_share.saving.above_rp5juta,0000,Indonesia (national),2013-02-01,M,monthly,19.5,percent
bi_consumer_survey.expenditure_share.saving.above_rp5juta,0000,Indonesia (national),2013-03-01,M,monthly,22.6,percent
bi_consumer_survey.expenditure_share.saving.above_rp5juta,0000,Indonesia (national),2013-04-01,M,monthly,20.4,percent
bi_consumer_survey.expenditure_share.saving.above_rp5juta,0000,Indonesia (national),2013-05-01,M,monthly,20.3,percent
bi_consumer_survey.expenditure_share.saving.above_rp5juta,0000,Indonesia (national),2013-06-01,M,monthly,20.4,percent
bi_consumer_survey.expenditure_share.saving.above_rp5juta,0000,Indonesia (national),2013-07-01,M,monthly,23.1,percent
bi_consumer_survey.expenditure_share.saving.above_rp5juta,0000,Indonesia (national),2013-08-01,M,monthly,21.1,percent
bi_consumer_survey.expenditure_share.saving.above_rp5juta,0000,Indonesia (national),2013-09-01,M,monthly,23.2,percent
bi_consumer_survey.expenditure_share.saving.above_rp5juta,0000,Indonesia (national),2013-10-01,M,monthly,21.0,percent
bi_consumer_survey.expenditure_share.saving.above_rp5juta,0000,Indonesia (national),2013-11-01,M,monthly,21.2,percent
bi_consumer_survey.expenditure_share.saving.above_rp5juta,0000,Indonesia (national),2013-12-01,M,monthly,18.6,percent
bi_consumer_survey.expenditure_share.saving.above_rp5juta,0000,Indonesia (national),2014-01-01,M,monthly,19.9,percent
bi_consumer_survey.expenditure_share.saving.above_rp5juta,0000,Indonesia (national),2014-02-01,M,monthly,19.1,percent
bi_consumer_survey.expenditure_share.saving.above_rp5juta,0000,Indonesia (national),2014-03-01,M,monthly,19.8,percent
bi_consumer_survey.expenditure_share.saving.above_rp5juta,0000,Indonesia (national),2014-04-01,M,monthly,19.8,percent
bi_consumer_survey.expenditure_share.saving.above_rp5juta,0000,Indonesia (national),2014-05-01,M,monthly,25.6,percent
bi_consumer_survey.expenditure_share.saving.above_rp5juta,0000,Indonesia (national),2014-06-01,M,monthly,21.5,percent
bi_consumer_survey.expenditure_share.saving.above_rp5juta,0000,Indonesia (national),2014-07-01,M,monthly,18.6,percent
bi_consumer_survey.expenditure_share.saving.above_rp5juta,0000,Indonesia (national),2014-08-01,M,monthly,19.2,percent
bi_consumer_survey.expenditure_share.saving.above_rp5juta,0000,Indonesia (national),2014-09-01,M,monthly,21.9,percent
bi_consumer_survey.expenditure_share.saving.above_rp5juta,0000,Indonesia (national),2014-10-01,M,monthly,22.1,percent
bi_consumer_survey.expenditure_share.saving.above_rp5juta,0000,Indonesia (national),2014-11-01,M,monthly,19.7,percent
bi_consumer_survey.expenditure_share.saving.above_rp5juta,0000,Indonesia (national),2014-12-01,M,monthly,18.6,percent
bi_consumer_survey.expenditure_share.saving.above_rp5juta,0000,Indonesia (national),2015-01-01,M,monthly,20.5,percent
bi_consumer_survey.expenditure_share.saving.above_rp5juta,0000,Indonesia (national),2015-02-01,M,monthly,22.4,percent
bi_consumer_survey.expenditure_share.saving.above_rp5juta,0000,Indonesia (national),2015-03-01,M,monthly,19.5,percent
bi_consumer_survey.expenditure_share.saving.above_rp5juta,0000,Indonesia (national),2015-04-01,M,monthly,20.3,percent
bi_consumer_survey.expenditure_share.saving.above_rp5juta,0000,Indonesia (national),2015-05-01,M,monthly,22.2,percent
bi_consumer_survey.expenditure_share.saving.above_rp5juta,0000,Indonesia (national),2015-06-01,M,monthly,23.1,percent
bi_consumer_survey.expenditure_share.saving.above_rp5juta,0000,Indonesia (national),2015-07-01,M,monthly,21.4,percent
bi_consumer_survey.expenditure_share.saving.above_rp5juta,0000,Indonesia (national),2015-08-01,M,monthly,21.7,percent
bi_consumer_survey.expenditure_share.saving.above_rp5juta,0000,Indonesia (national),2015-09-01,M,monthly,20.2,percent
bi_consumer_survey.expenditure_share.saving.above_rp5juta,0000,Indonesia (national),2015-10-01,M,monthly,17.2,percent
bi_consumer_survey.expenditure_share.saving.above_rp5juta,0000,Indonesia (national),2015-11-01,M,monthly,18.5,percent
bi_consumer_survey.expenditure_share.saving.above_rp5juta,0000,Indonesia (national),2015-12-01,M,monthly,19.0,percent
bi_consumer_survey.expenditure_share.saving.above_rp5juta,0000,Indonesia (national),2016-01-01,M,monthly,22.4,percent
bi_consumer_survey.expenditure_share.saving.above_rp5juta,0000,Indonesia (national),2016-02-01,M,monthly,21.8,percent
bi_consumer_survey.expenditure_share.saving.above_rp5juta,0000,Indonesia (national),2016-03-01,M,monthly,19.9,percent
bi_consumer_survey.expenditure_share.saving.above_rp5juta,0000,Indonesia (national),2016-04-01,M,monthly,20.0,percent
bi_consumer_survey.expenditure_share.saving.above_rp5juta,0000,Indonesia (national),2016-05-01,M,monthly,20.6,percent
bi_consumer_survey.expenditure_share.saving.above_rp5juta,0000,Indonesia (national),2016-06-01,M,monthly,19.4,percent
bi_consumer_survey.expenditure_share.saving.above_rp5juta,0000,Indonesia (national),2016-07-01,M,monthly,19.2,percent
bi_consumer_survey.expenditure_share.saving.above_rp5juta,0000,Indonesia (national),2016-08-01,M,monthly,17.8,percent
bi_consumer_survey.expenditure_share.saving.above_rp5juta,0000,Indonesia (national),2016-09-01,M,monthly,19.5,percent
bi_consumer_survey.expenditure_share.saving.above_rp5juta,0000,Indonesia (national),2016-10-01,M,monthly,18.4,percent
bi_consumer_survey.expenditure_share.saving.above_rp5juta,0000,Indonesia (national),2016-11-01,M,monthly,19.5,percent
bi_consumer_survey.expenditure_share.saving.above_rp5juta,0000,Indonesia (national),2016-12-01,M,monthly,20.9,percent
bi_consumer_survey.expenditure_share.saving.above_rp5juta,0000,Indonesia (national),2017-01-01,M,monthly,21.7,percent
bi_consumer_survey.expenditure_share.saving.above_rp5juta,0000,Indonesia (national),2017-02-01,M,monthly,20.0,percent
bi_consumer_survey.expenditure_share.saving.above_rp5juta,0000,Indonesia (national),2017-03-01,M,monthly,18.9,percent
bi_consumer_survey.expenditure_share.saving.above_rp5juta,0000,Indonesia (national),2017-04-01,M,monthly,22.5,percent
bi_consumer_survey.expenditure_share.saving.above_rp5juta,0000,Indonesia (national),2017-05-01,M,monthly,21.9,percent
bi_consumer_survey.expenditure_share.saving.above_rp5juta,0000,Indonesia (national),2017-06-01,M,monthly,21.0,percent
bi_consumer_survey.expenditure_share.saving.above_rp5juta,0000,Indonesia (national),2017-07-01,M,monthly,21.8,percent
bi_consumer_survey.expenditure_share.saving.above_rp5juta,0000,Indonesia (national),2017-08-01,M,monthly,21.6,percent
bi_consumer_survey.expenditure_share.saving.above_rp5juta,0000,Indonesia (national),2017-09-01,M,monthly,19.9,percent
bi_consumer_survey.expenditure_share.saving.above_rp5juta,0000,Indonesia (national),2017-10-01,M,monthly,20.5,percent
bi_consumer_survey.expenditure_share.saving.above_rp5juta,0000,Indonesia (national),2017-11-01,M,monthly,21.6,percent
bi_consumer_survey.expenditure_share.saving.above_rp5juta,0000,Indonesia (national),2017-12-01,M,monthly,20.9,percent
bi_consumer_survey.expenditure_share.saving.above_rp5juta,0000,Indonesia (national),2018-01-01,M,monthly,19.4,percent
bi_consumer_survey.expenditure_share.saving.above_rp5juta,0000,Indonesia (national),2018-02-01,M,monthly,21.7,percent
bi_consumer_survey.expenditure_share.saving.above_rp5juta,0000,Indonesia (national),2018-03-01,M,monthly,20.4,percent
bi_consumer_survey.expenditure_share.saving.above_rp5juta,0000,Indonesia (national),2018-04-01,M,monthly,18.4,percent
bi_consumer_survey.expenditure_share.saving.above_rp5juta,0000,Indonesia (national),2018-05-01,M,monthly,18.7,percent
bi_consumer_survey.expenditure_share.saving.above_rp5juta,0000,Indonesia (national),2018-06-01,M,monthly,19.7,percent
bi_consumer_survey.expenditure_share.saving.above_rp5juta,0000,Indonesia (national),2018-07-01,M,monthly,19.2,percent
bi_consumer_survey.expenditure_share.saving.above_rp5juta,0000,Indonesia (national),2018-08-01,M,monthly,19.3,percent
bi_consumer_survey.expenditure_share.saving.above_rp5juta,0000,Indonesia (national),2018-09-01,M,monthly,21.4,percent
bi_consumer_survey.expenditure_share.saving.above_rp5juta,0000,Indonesia (national),2018-10-01,M,monthly,19.0,percent
bi_consumer_survey.expenditure_share.saving.above_rp5juta,0000,Indonesia (national),2018-11-01,M,monthly,19.1,percent
bi_consumer_survey.expenditure_share.saving.above_rp5juta,0000,Indonesia (national),2018-12-01,M,monthly,22.3,percent
bi_consumer_survey.expenditure_share.saving.above_rp5juta,0000,Indonesia (national),2019-01-01,M,monthly,21.0,percent
bi_consumer_survey.expenditure_share.saving.above_rp5juta,0000,Indonesia (national),2019-02-01,M,monthly,19.7,percent
bi_consumer_survey.expenditure_share.saving.above_rp5juta,0000,Indonesia (national),2019-03-01,M,monthly,20.5,percent
bi_consumer_survey.expenditure_share.saving.above_rp5juta,0000,Indonesia (national),2019-04-01,M,monthly,19.6,percent
bi_consumer_survey.expenditure_share.saving.above_rp5juta,0000,Indonesia (national),2019-05-01,M,monthly,21.6,percent
bi_consumer_survey.expenditure_share.saving.above_rp5juta,0000,Indonesia (national),2019-06-01,M,monthly,20.7,percent
bi_consumer_survey.expenditure_share.saving.above_rp5juta,0000,Indonesia (national),2019-07-01,M,monthly,20.5,percent
bi_consumer_survey.expenditure_share.saving.above_rp5juta,0000,Indonesia (national),2019-08-01,M,monthly,20.6,percent
bi_consumer_survey.expenditure_share.saving.above_rp5juta,0000,Indonesia (national),2019-09-01,M,monthly,20.9,percent
bi_consumer_survey.expenditure_share.saving.above_rp5juta,0000,Indonesia (national),2019-10-01,M,monthly,20.8,percent
bi_consumer_survey.expenditure_share.saving.above_rp5juta,0000,Indonesia (national),2019-11-01,M,monthly,18.7,percent
bi_consumer_survey.expenditure_share.saving.above_rp5juta,0000,Indonesia (national),2019-12-01,M,monthly,20.8,percent
bi_consumer_survey.expenditure_share.saving.above_rp5juta,0000,Indonesia (national),2020-01-01,M,monthly,19.6,percent
bi_consumer_survey.expenditure_share.saving.above_rp5juta,0000,Indonesia (national),2020-02-01,M,monthly,18.4,percent
bi_consumer_survey.expenditure_share.saving.above_rp5juta,0000,Indonesia (national),2020-03-01,M,monthly,19.0,percent
bi_consumer_survey.expenditure_share.saving.above_rp5juta,0000,Indonesia (national),2020-08-01,M,monthly,18.0,percent
bi_consumer_survey.expenditure_share.saving.above_rp5juta,0000,Indonesia (national),2020-09-01,M,monthly,16.4,percent
bi_consumer_survey.expenditure_share.saving.above_rp5juta,0000,Indonesia (national),2020-10-01,M,monthly,19.4,percent
bi_consumer_survey.expenditure_share.saving.above_rp5juta,0000,Indonesia (national),2020-11-01,M,monthly,19.5,percent
bi_consumer_survey.expenditure_share.saving.above_rp5juta,0000,Indonesia (national),2020-12-01,M,monthly,20.8,percent
bi_consumer_survey.expenditure_share.saving.above_rp5juta,0000,Indonesia (national),2021-01-01,M,monthly,17.0,percent
bi_consumer_survey.expenditure_share.saving.above_rp5juta,0000,Indonesia (national),2021-02-01,M,monthly,16.5,percent
bi_consumer_survey.expenditure_share.saving.above_rp5juta,0000,Indonesia (national),2021-03-01,M,monthly,16.2,percent
bi_consumer_survey.expenditure_share.saving.above_rp5juta,0000,Indonesia (national),2021-04-01,M,monthly,16.7,percent
bi_consumer_survey.expenditure_share.saving.above_rp5juta,0000,Indonesia (national),2021-05-01,M,monthly,16.6,percent
bi_consumer_survey.expenditure_share.saving.above_rp5juta,0000,Indonesia (national),2021-06-01,M,monthly,16.9,percent
bi_consumer_survey.expenditure_share.saving.above_rp5juta,0000,Indonesia (national),2021-07-01,M,monthly,17.3,percent
bi_consumer_survey.expenditure_share.saving.above_rp5juta,0000,Indonesia (national),2021-08-01,M,monthly,17.2,percent
bi_consumer_survey.expenditure_share.saving.above_rp5juta,0000,Indonesia (national),2021-09-01,M,monthly,17.5,percent
bi_consumer_survey.expenditure_share.saving.above_rp5juta,0000,Indonesia (national),2021-10-01,M,monthly,17.8,percent
bi_consumer_survey.expenditure_share.saving.above_rp5juta,0000,Indonesia (national),2021-11-01,M,monthly,16.1,percent
bi_consumer_survey.expenditure_share.saving.above_rp5juta,0000,Indonesia (national),2021-12-01,M,monthly,17.1,percent
bi_consumer_survey.expenditure_share.saving.above_rp5juta,0000,Indonesia (national),2022-01-01,M,monthly,16.9,percent
bi_consumer_survey.expenditure_share.saving.above_rp5juta,0000,Indonesia (national),2022-02-01,M,monthly,17.0,percent
bi_consumer_survey.expenditure_share.saving.above_rp5juta,0000,Indonesia (national),2022-03-01,M,monthly,16.2,percent
bi_consumer_survey.expenditure_share.saving.above_rp5juta,0000,Indonesia (national),2022-04-01,M,monthly,19.3,percent
bi_consumer_survey.expenditure_share.saving.above_rp5juta,0000,Indonesia (national),2022-05-01,M,monthly,18.1,percent
bi_consumer_survey.expenditure_share.saving.above_rp5juta,0000,Indonesia (national),2022-06-01,M,monthly,19.0,percent
bi_consumer_survey.expenditure_share.saving.above_rp5juta,0000,Indonesia (national),2022-07-01,M,monthly,17.8,percent
bi_consumer_survey.expenditure_share.saving.above_rp5juta,0000,Indonesia (national),2022-08-01,M,monthly,21.2,percent
bi_consumer_survey.expenditure_share.saving.above_rp5juta,0000,Indonesia (national),2022-09-01,M,monthly,18.2,percent
bi_consumer_survey.expenditure_share.saving.above_rp5juta,0000,Indonesia (national),2022-10-01,M,monthly,15.9,percent
bi_consumer_survey.expenditure_share.saving.above_rp5juta,0000,Indonesia (national),2022-11-01,M,monthly,18.1,percent
bi_consumer_survey.expenditure_share.saving.above_rp5juta,0000,Indonesia (national),2022-12-01,M,monthly,17.9,percent
bi_consumer_survey.expenditure_share.saving.above_rp5juta,0000,Indonesia (national),2023-01-01,M,monthly,18.6,percent
bi_consumer_survey.expenditure_share.saving.above_rp5juta,0000,Indonesia (national),2023-02-01,M,monthly,19.5,percent
bi_consumer_survey.expenditure_share.saving.above_rp5juta,0000,Indonesia (national),2023-03-01,M,monthly,19.8,percent
bi_consumer_survey.expenditure_share.saving.above_rp5juta,0000,Indonesia (national),2023-04-01,M,monthly,19.8,percent
bi_consumer_survey.expenditure_share.saving.above_rp5juta,0000,Indonesia (national),2023-05-01,M,monthly,19.2,percent
bi_consumer_survey.expenditure_share.saving.above_rp5juta,0000,Indonesia (national),2023-06-01,M,monthly,16.4,percent
bi_consumer_survey.expenditure_share.saving.above_rp5juta,0000,Indonesia (national),2023-07-01,M,monthly,16.0,percent
bi_consumer_survey.expenditure_share.saving.above_rp5juta,0000,Indonesia (national),2023-08-01,M,monthly,18.6,percent
bi_consumer_survey.expenditure_share.saving.above_rp5juta,0000,Indonesia (national),2023-09-01,M,monthly,18.3,percent
bi_consumer_survey.expenditure_share.saving.above_rp5juta,0000,Indonesia (national),2023-10-01,M,monthly,18.0,percent
bi_consumer_survey.expenditure_share.saving.above_rp5juta,0000,Indonesia (national),2023-11-01,M,monthly,16.3,percent
bi_consumer_survey.expenditure_share.saving.above_rp5juta,0000,Indonesia (national),2023-12-01,M,monthly,16.7,percent
bi_consumer_survey.expenditure_share.saving.above_rp5juta,0000,Indonesia (national),2024-01-01,M,monthly,19.3,percent
bi_consumer_survey.expenditure_share.saving.above_rp5juta,0000,Indonesia (national),2024-02-01,M,monthly,17.9,percent
bi_consumer_survey.expenditure_share.saving.above_rp5juta,0000,Indonesia (national),2024-03-01,M,monthly,19.4,percent
bi_consumer_survey.expenditure_share.saving.above_rp5juta,0000,Indonesia (national),2024-04-01,M,monthly,19.0,percent
bi_consumer_survey.expenditure_share.saving.above_rp5juta,0000,Indonesia (national),2024-05-01,M,monthly,19.2,percent
bi_consumer_survey.expenditure_share.saving.above_rp5juta,0000,Indonesia (national),2024-06-01,M,monthly,18.0,percent
bi_consumer_survey.expenditure_share.saving.above_rp5juta,0000,Indonesia (national),2024-07-01,M,monthly,16.4,percent
bi_consumer_survey.expenditure_share.saving.above_rp5juta,0000,Indonesia (national),2024-08-01,M,monthly,17.2,percent
bi_consumer_survey.expenditure_share.saving.above_rp5juta,0000,Indonesia (national),2024-09-01,M,monthly,17.1,percent
bi_consumer_survey.expenditure_share.saving.above_rp5juta,0000,Indonesia (national),2024-10-01,M,monthly,16.9,percent
bi_consumer_survey.expenditure_share.saving.above_rp5juta,0000,Indonesia (national),2024-11-01,M,monthly,15.8,percent
bi_consumer_survey.expenditure_share.saving.above_rp5juta,0000,Indonesia (national),2024-12-01,M,monthly,18.3,percent
bi_consumer_survey.expenditure_share.saving.above_rp5juta,0000,Indonesia (national),2025-01-01,M,monthly,16.5,percent
bi_consumer_survey.expenditure_share.saving.above_rp5juta,0000,Indonesia (national),2025-02-01,M,monthly,16.3,percent
bi_consumer_survey.expenditure_share.saving.above_rp5juta,0000,Indonesia (national),2025-03-01,M,monthly,14.9,percent
bi_consumer_survey.expenditure_share.saving.above_rp5juta,0000,Indonesia (national),2025-04-01,M,monthly,16.5,percent
bi_consumer_survey.expenditure_share.saving.above_rp5juta,0000,Indonesia (national),2025-05-01,M,monthly,16.2,percent
bi_consumer_survey.expenditure_share.saving.above_rp5juta,0000,Indonesia (national),2025-06-01,M,monthly,15.6,percent
bi_consumer_survey.expenditure_share.saving.above_rp5juta,0000,Indonesia (national),2025-07-01,M,monthly,15.8,percent
bi_consumer_survey.expenditure_share.saving.above_rp5juta,0000,Indonesia (national),2025-08-01,M,monthly,14.9,percent
bi_consumer_survey.expenditure_share.saving.above_rp5juta,0000,Indonesia (national),2025-09-01,M,monthly,14.4,percent
bi_consumer_survey.expenditure_share.saving.above_rp5juta,0000,Indonesia (national),2025-10-01,M,monthly,16.5,percent
bi_consumer_survey.expenditure_share.saving.above_rp5juta,0000,Indonesia (national),2025-11-01,M,monthly,15.9,percent
bi_consumer_survey.expenditure_share.saving.above_rp5juta,0000,Indonesia (national),2025-12-01,M,monthly,16.4,percent
bi_consumer_survey.expenditure_share.saving.above_rp5juta,0000,Indonesia (national),2026-01-01,M,monthly,17.5,percent
bi_consumer_survey.expenditure_share.saving.above_rp5juta,0000,Indonesia (national),2026-02-01,M,monthly,18.5,percent
bi_consumer_survey.expenditure_share.saving.above_rp5juta,0000,Indonesia (national),2026-03-01,M,monthly,18.3,percent
bi_consumer_survey.expenditure_share.saving.above_rp5juta,0000,Indonesia (national),2026-04-01,M,monthly,19.2,percent
bi_consumer_survey.expenditure_share.saving.above_rp5juta,0000,Indonesia (national),2026-05-01,M,monthly,17.5,percent
bi_consumer_survey.expenditure_share.saving.above_rp5juta,0000,Indonesia (national),2026-06-01,M,monthly,17.6,percent
bi_consumer_survey.expenditure_share.saving.above_rp5juta,0000,Indonesia (national),2026-07-01,M,monthly,18.0,percent
bi_consumer_survey.expenditure_share.saving.above_rp5juta,0000,Indonesia (national),2026-08-01,M,monthly,17.4,percent
bi_consumer_survey.expenditure_share.saving.rp1_2juta,0000,Indonesia (national),2012-01-01,M,monthly,18.6,percent
bi_consumer_survey.expenditure_share.saving.rp1_2juta,0000,Indonesia (national),2012-02-01,M,monthly,17.7,percent
bi_consumer_survey.expenditure_share.saving.rp1_2juta,0000,Indonesia (national),2012-03-01,M,monthly,18.0,percent
bi_consumer_survey.expenditure_share.saving.rp1_2juta,0000,Indonesia (national),2012-04-01,M,monthly,17.8,percent
bi_consumer_survey.expenditure_share.saving.rp1_2juta,0000,Indonesia (national),2012-05-01,M,monthly,19.3,percent
bi_consumer_survey.expenditure_share.saving.rp1_2juta,0000,Indonesia (national),2012-06-01,M,monthly,19.7,percent
bi_consumer_survey.expenditure_share.saving.rp1_2juta,0000,Indonesia (national),2012-07-01,M,monthly,17.7,percent
bi_consumer_survey.expenditure_share.saving.rp1_2juta,0000,Indonesia (national),2012-08-01,M,monthly,17.0,percent
bi_consumer_survey.expenditure_share.saving.rp1_2juta,0000,Indonesia (national),2012-09-01,M,monthly,18.3,percent
bi_consumer_survey.expenditure_share.saving.rp1_2juta,0000,Indonesia (national),2012-10-01,M,monthly,17.1,percent
bi_consumer_survey.expenditure_share.saving.rp1_2juta,0000,Indonesia (national),2012-11-01,M,monthly,18.3,percent
bi_consumer_survey.expenditure_share.saving.rp1_2juta,0000,Indonesia (national),2012-12-01,M,monthly,19.7,percent
bi_consumer_survey.expenditure_share.saving.rp1_2juta,0000,Indonesia (national),2013-01-01,M,monthly,18.4,percent
bi_consumer_survey.expenditure_share.saving.rp1_2juta,0000,Indonesia (national),2013-02-01,M,monthly,19.8,percent
bi_consumer_survey.expenditure_share.saving.rp1_2juta,0000,Indonesia (national),2013-03-01,M,monthly,19.3,percent
bi_consumer_survey.expenditure_share.saving.rp1_2juta,0000,Indonesia (national),2013-04-01,M,monthly,16.9,percent
bi_consumer_survey.expenditure_share.saving.rp1_2juta,0000,Indonesia (national),2013-05-01,M,monthly,18.6,percent
bi_consumer_survey.expenditure_share.saving.rp1_2juta,0000,Indonesia (national),2013-06-01,M,monthly,19.8,percent
bi_consumer_survey.expenditure_share.saving.rp1_2juta,0000,Indonesia (national),2013-07-01,M,monthly,17.6,percent
bi_consumer_survey.expenditure_share.saving.rp1_2juta,0000,Indonesia (national),2013-08-01,M,monthly,18.0,percent
bi_consumer_survey.expenditure_share.saving.rp1_2juta,0000,Indonesia (national),2013-09-01,M,monthly,16.2,percent
bi_consumer_survey.expenditure_share.saving.rp1_2juta,0000,Indonesia (national),2013-10-01,M,monthly,16.8,percent
bi_consumer_survey.expenditure_share.saving.rp1_2juta,0000,Indonesia (national),2013-11-01,M,monthly,17.2,percent
bi_consumer_survey.expenditure_share.saving.rp1_2juta,0000,Indonesia (national),2013-12-01,M,monthly,19.5,percent
bi_consumer_survey.expenditure_share.saving.rp1_2juta,0000,Indonesia (national),2014-01-01,M,monthly,18.7,percent
bi_consumer_survey.expenditure_share.saving.rp1_2juta,0000,Indonesia (national),2014-02-01,M,monthly,19.2,percent
bi_consumer_survey.expenditure_share.saving.rp1_2juta,0000,Indonesia (national),2014-03-01,M,monthly,18.0,percent
bi_consumer_survey.expenditure_share.saving.rp1_2juta,0000,Indonesia (national),2014-04-01,M,monthly,17.6,percent
bi_consumer_survey.expenditure_share.saving.rp1_2juta,0000,Indonesia (national),2014-05-01,M,monthly,19.5,percent
bi_consumer_survey.expenditure_share.saving.rp1_2juta,0000,Indonesia (national),2014-06-01,M,monthly,19.0,percent
bi_consumer_survey.expenditure_share.saving.rp1_2juta,0000,Indonesia (national),2014-07-01,M,monthly,17.8,percent
bi_consumer_survey.expenditure_share.saving.rp1_2juta,0000,Indonesia (national),2014-08-01,M,monthly,18.4,percent
bi_consumer_survey.expenditure_share.saving.rp1_2juta,0000,Indonesia (national),2014-09-01,M,monthly,17.8,percent
bi_consumer_survey.expenditure_share.saving.rp1_2juta,0000,Indonesia (national),2014-10-01,M,monthly,18.2,percent
bi_consumer_survey.expenditure_share.saving.rp1_2juta,0000,Indonesia (national),2014-11-01,M,monthly,17.2,percent
bi_consumer_survey.expenditure_share.saving.rp1_2juta,0000,Indonesia (national),2014-12-01,M,monthly,18.2,percent
bi_consumer_survey.expenditure_share.saving.rp1_2juta,0000,Indonesia (national),2015-01-01,M,monthly,19.7,percent
bi_consumer_survey.expenditure_share.saving.rp1_2juta,0000,Indonesia (national),2015-02-01,M,monthly,19.0,percent
bi_consumer_survey.expenditure_share.saving.rp1_2juta,0000,Indonesia (national),2015-03-01,M,monthly,20.2,percent
bi_consumer_survey.expenditure_share.saving.rp1_2juta,0000,Indonesia (national),2015-04-01,M,monthly,20.3,percent
bi_consumer_survey.expenditure_share.saving.rp1_2juta,0000,Indonesia (national),2015-05-01,M,monthly,18.3,percent
bi_consumer_survey.expenditure_share.saving.rp1_2juta,0000,Indonesia (national),2015-06-01,M,monthly,20.5,percent
bi_consumer_survey.expenditure_share.saving.rp1_2juta,0000,Indonesia (national),2015-07-01,M,monthly,20.4,percent
bi_consumer_survey.expenditure_share.saving.rp1_2juta,0000,Indonesia (national),2015-08-01,M,monthly,21.0,percent
bi_consumer_survey.expenditure_share.saving.rp1_2juta,0000,Indonesia (national),2015-09-01,M,monthly,19.7,percent
bi_consumer_survey.expenditure_share.saving.rp1_2juta,0000,Indonesia (national),2015-10-01,M,monthly,20.7,percent
bi_consumer_survey.expenditure_share.saving.rp1_2juta,0000,Indonesia (national),2015-11-01,M,monthly,17.6,percent
bi_consumer_survey.expenditure_share.saving.rp1_2juta,0000,Indonesia (national),2015-12-01,M,monthly,17.5,percent
bi_consumer_survey.expenditure_share.saving.rp1_2juta,0000,Indonesia (national),2016-01-01,M,monthly,19.8,percent
bi_consumer_survey.expenditure_share.saving.rp1_2juta,0000,Indonesia (national),2016-02-01,M,monthly,18.2,percent
bi_consumer_survey.expenditure_share.saving.rp1_2juta,0000,Indonesia (national),2016-03-01,M,monthly,17.4,percent
bi_consumer_survey.expenditure_share.saving.rp1_2juta,0000,Indonesia (national),2016-04-01,M,monthly,19.3,percent
bi_consumer_survey.expenditure_share.saving.rp1_2juta,0000,Indonesia (national),2016-05-01,M,monthly,17.1,percent
bi_consumer_survey.expenditure_share.saving.rp1_2juta,0000,Indonesia (national),2016-06-01,M,monthly,17.4,percent
bi_consumer_survey.expenditure_share.saving.rp1_2juta,0000,Indonesia (national),2016-07-01,M,monthly,17.6,percent
bi_consumer_survey.expenditure_share.saving.rp1_2juta,0000,Indonesia (national),2016-08-01,M,monthly,13.9,percent
bi_consumer_survey.expenditure_share.saving.rp1_2juta,0000,Indonesia (national),2016-09-01,M,monthly,15.0,percent
bi_consumer_survey.expenditure_share.saving.rp1_2juta,0000,Indonesia (national),2016-10-01,M,monthly,16.3,percent
bi_consumer_survey.expenditure_share.saving.rp1_2juta,0000,Indonesia (national),2016-11-01,M,monthly,15.1,percent
bi_consumer_survey.expenditure_share.saving.rp1_2juta,0000,Indonesia (national),2016-12-01,M,monthly,16.5,percent
bi_consumer_survey.expenditure_share.saving.rp1_2juta,0000,Indonesia (national),2017-01-01,M,monthly,19.7,percent
bi_consumer_survey.expenditure_share.saving.rp1_2juta,0000,Indonesia (national),2017-02-01,M,monthly,18.9,percent
bi_consumer_survey.expenditure_share.saving.rp1_2juta,0000,Indonesia (national),2017-03-01,M,monthly,19.4,percent
bi_consumer_survey.expenditure_share.saving.rp1_2juta,0000,Indonesia (national),2017-04-01,M,monthly,20.1,percent
bi_consumer_survey.expenditure_share.saving.rp1_2juta,0000,Indonesia (national),2017-05-01,M,monthly,22.1,percent
bi_consumer_survey.expenditure_share.saving.rp1_2juta,0000,Indonesia (national),2017-06-01,M,monthly,19.0,percent
bi_consumer_survey.expenditure_share.saving.rp1_2juta,0000,Indonesia (national),2017-07-01,M,monthly,19.3,percent
bi_consumer_survey.expenditure_share.saving.rp1_2juta,0000,Indonesia (national),2017-08-01,M,monthly,19.9,percent
bi_consumer_survey.expenditure_share.saving.rp1_2juta,0000,Indonesia (national),2017-09-01,M,monthly,18.5,percent
bi_consumer_survey.expenditure_share.saving.rp1_2juta,0000,Indonesia (national),2017-10-01,M,monthly,20.2,percent
bi_consumer_survey.expenditure_share.saving.rp1_2juta,0000,Indonesia (national),2017-11-01,M,monthly,19.5,percent
bi_consumer_survey.expenditure_share.saving.rp1_2juta,0000,Indonesia (national),2017-12-01,M,monthly,20.3,percent
bi_consumer_survey.expenditure_share.saving.rp1_2juta,0000,Indonesia (national),2018-01-01,M,monthly,20.3,percent
bi_consumer_survey.expenditure_share.saving.rp1_2juta,0000,Indonesia (national),2018-02-01,M,monthly,20.9,percent
bi_consumer_survey.expenditure_share.saving.rp1_2juta,0000,Indonesia (national),2018-03-01,M,monthly,20.8,percent
bi_consumer_survey.expenditure_share.saving.rp1_2juta,0000,Indonesia (national),2018-04-01,M,monthly,20.4,percent
bi_consumer_survey.expenditure_share.saving.rp1_2juta,0000,Indonesia (national),2018-05-01,M,monthly,19.4,percent
bi_consumer_survey.expenditure_share.saving.rp1_2juta,0000,Indonesia (national),2018-06-01,M,monthly,20.9,percent
bi_consumer_survey.expenditure_share.saving.rp1_2juta,0000,Indonesia (national),2018-07-01,M,monthly,21.3,percent
bi_consumer_survey.expenditure_share.saving.rp1_2juta,0000,Indonesia (national),2018-08-01,M,monthly,19.7,percent
bi_consumer_survey.expenditure_share.saving.rp1_2juta,0000,Indonesia (national),2018-09-01,M,monthly,20.9,percent
bi_consumer_survey.expenditure_share.saving.rp1_2juta,0000,Indonesia (national),2018-10-01,M,monthly,21.6,percent
bi_consumer_survey.expenditure_share.saving.rp1_2juta,0000,Indonesia (national),2018-11-01,M,monthly,19.5,percent
bi_consumer_survey.expenditure_share.saving.rp1_2juta,0000,Indonesia (national),2018-12-01,M,monthly,21.2,percent
bi_consumer_survey.expenditure_share.saving.rp1_2juta,0000,Indonesia (national),2019-01-01,M,monthly,19.1,percent
bi_consumer_survey.expenditure_share.saving.rp1_2juta,0000,Indonesia (national),2019-02-01,M,monthly,19.4,percent
bi_consumer_survey.expenditure_share.saving.rp1_2juta,0000,Indonesia (national),2019-03-01,M,monthly,18.1,percent
bi_consumer_survey.expenditure_share.saving.rp1_2juta,0000,Indonesia (national),2019-04-01,M,monthly,20.4,percent
bi_consumer_survey.expenditure_share.saving.rp1_2juta,0000,Indonesia (national),2019-05-01,M,monthly,20.1,percent
bi_consumer_survey.expenditure_share.saving.rp1_2juta,0000,Indonesia (national),2019-06-01,M,monthly,19.4,percent
bi_consumer_survey.expenditure_share.saving.rp1_2juta,0000,Indonesia (national),2019-07-01,M,monthly,18.6,percent
bi_consumer_survey.expenditure_share.saving.rp1_2juta,0000,Indonesia (national),2019-08-01,M,monthly,20.1,percent
bi_consumer_survey.expenditure_share.saving.rp1_2juta,0000,Indonesia (national),2019-09-01,M,monthly,19.1,percent
bi_consumer_survey.expenditure_share.saving.rp1_2juta,0000,Indonesia (national),2019-10-01,M,monthly,17.9,percent
bi_consumer_survey.expenditure_share.saving.rp1_2juta,0000,Indonesia (national),2019-11-01,M,monthly,18.0,percent
bi_consumer_survey.expenditure_share.saving.rp1_2juta,0000,Indonesia (national),2019-12-01,M,monthly,17.2,percent
bi_consumer_survey.expenditure_share.saving.rp1_2juta,0000,Indonesia (national),2020-01-01,M,monthly,20.1,percent
bi_consumer_survey.expenditure_share.saving.rp1_2juta,0000,Indonesia (national),2020-02-01,M,monthly,17.1,percent
bi_consumer_survey.expenditure_share.saving.rp1_2juta,0000,Indonesia (national),2020-03-01,M,monthly,17.9,percent
bi_consumer_survey.expenditure_share.saving.rp1_2juta,0000,Indonesia (national),2020-08-01,M,monthly,22.2,percent
bi_consumer_survey.expenditure_share.saving.rp1_2juta,0000,Indonesia (national),2020-09-01,M,monthly,21.8,percent
bi_consumer_survey.expenditure_share.saving.rp1_2juta,0000,Indonesia (national),2020-10-01,M,monthly,21.2,percent
bi_consumer_survey.expenditure_share.saving.rp1_2juta,0000,Indonesia (national),2020-11-01,M,monthly,21.1,percent
bi_consumer_survey.expenditure_share.saving.rp1_2juta,0000,Indonesia (national),2020-12-01,M,monthly,22.2,percent
bi_consumer_survey.expenditure_share.saving.rp1_2juta,0000,Indonesia (national),2021-01-01,M,monthly,16.4,percent
bi_consumer_survey.expenditure_share.saving.rp1_2juta,0000,Indonesia (national),2021-02-01,M,monthly,17.2,percent
bi_consumer_survey.expenditure_share.saving.rp1_2juta,0000,Indonesia (national),2021-03-01,M,monthly,15.5,percent
bi_consumer_survey.expenditure_share.saving.rp1_2juta,0000,Indonesia (national),2021-04-01,M,monthly,15.4,percent
bi_consumer_survey.expenditure_share.saving.rp1_2juta,0000,Indonesia (national),2021-05-01,M,monthly,15.6,percent
bi_consumer_survey.expenditure_share.saving.rp1_2juta,0000,Indonesia (national),2021-06-01,M,monthly,15.4,percent
bi_consumer_survey.expenditure_share.saving.rp1_2juta,0000,Indonesia (national),2021-07-01,M,monthly,15.5,percent
bi_consumer_survey.expenditure_share.saving.rp1_2juta,0000,Indonesia (national),2021-08-01,M,monthly,15.5,percent
bi_consumer_survey.expenditure_share.saving.rp1_2juta,0000,Indonesia (national),2021-09-01,M,monthly,13.9,percent
bi_consumer_survey.expenditure_share.saving.rp1_2juta,0000,Indonesia (national),2021-10-01,M,monthly,16.3,percent
bi_consumer_survey.expenditure_share.saving.rp1_2juta,0000,Indonesia (national),2021-11-01,M,monthly,15.4,percent
bi_consumer_survey.expenditure_share.saving.rp1_2juta,0000,Indonesia (national),2021-12-01,M,monthly,15.6,percent
bi_consumer_survey.expenditure_share.saving.rp1_2juta,0000,Indonesia (national),2022-01-01,M,monthly,16.9,percent
bi_consumer_survey.expenditure_share.saving.rp1_2juta,0000,Indonesia (national),2022-02-01,M,monthly,15.7,percent
bi_consumer_survey.expenditure_share.saving.rp1_2juta,0000,Indonesia (national),2022-03-01,M,monthly,16.7,percent
bi_consumer_survey.expenditure_share.saving.rp1_2juta,0000,Indonesia (national),2022-04-01,M,monthly,16.8,percent
bi_consumer_survey.expenditure_share.saving.rp1_2juta,0000,Indonesia (national),2022-05-01,M,monthly,17.0,percent
bi_consumer_survey.expenditure_share.saving.rp1_2juta,0000,Indonesia (national),2022-06-01,M,monthly,18.0,percent
bi_consumer_survey.expenditure_share.saving.rp1_2juta,0000,Indonesia (national),2022-07-01,M,monthly,18.1,percent
bi_consumer_survey.expenditure_share.saving.rp1_2juta,0000,Indonesia (national),2022-08-01,M,monthly,16.8,percent
bi_consumer_survey.expenditure_share.saving.rp1_2juta,0000,Indonesia (national),2022-09-01,M,monthly,16.7,percent
bi_consumer_survey.expenditure_share.saving.rp1_2juta,0000,Indonesia (national),2022-10-01,M,monthly,16.6,percent
bi_consumer_survey.expenditure_share.saving.rp1_2juta,0000,Indonesia (national),2022-11-01,M,monthly,15.9,percent
bi_consumer_survey.expenditure_share.saving.rp1_2juta,0000,Indonesia (national),2022-12-01,M,monthly,15.7,percent
bi_consumer_survey.expenditure_share.saving.rp1_2juta,0000,Indonesia (national),2023-01-01,M,monthly,17.2,percent
bi_consumer_survey.expenditure_share.saving.rp1_2juta,0000,Indonesia (national),2023-02-01,M,monthly,17.2,percent
bi_consumer_survey.expenditure_share.saving.rp1_2juta,0000,Indonesia (national),2023-03-01,M,monthly,17.2,percent
bi_consumer_survey.expenditure_share.saving.rp1_2juta,0000,Indonesia (national),2023-04-01,M,monthly,17.6,percent
bi_consumer_survey.expenditure_share.saving.rp1_2juta,0000,Indonesia (national),2023-05-01,M,monthly,15.5,percent
bi_consumer_survey.expenditure_share.saving.rp1_2juta,0000,Indonesia (national),2023-06-01,M,monthly,15.4,percent
bi_consumer_survey.expenditure_share.saving.rp1_2juta,0000,Indonesia (national),2023-07-01,M,monthly,15.3,percent
bi_consumer_survey.expenditure_share.saving.rp1_2juta,0000,Indonesia (national),2023-08-01,M,monthly,15.5,percent
bi_consumer_survey.expenditure_share.saving.rp1_2juta,0000,Indonesia (national),2023-09-01,M,monthly,15.1,percent
bi_consumer_survey.expenditure_share.saving.rp1_2juta,0000,Indonesia (national),2023-10-01,M,monthly,16.1,percent
bi_consumer_survey.expenditure_share.saving.rp1_2juta,0000,Indonesia (national),2023-11-01,M,monthly,15.8,percent
bi_consumer_survey.expenditure_share.saving.rp1_2juta,0000,Indonesia (national),2023-12-01,M,monthly,16.7,percent
bi_consumer_survey.expenditure_share.saving.rp1_2juta,0000,Indonesia (national),2024-01-01,M,monthly,15.3,percent
bi_consumer_survey.expenditure_share.saving.rp1_2juta,0000,Indonesia (national),2024-02-01,M,monthly,17.0,percent
bi_consumer_survey.expenditure_share.saving.rp1_2juta,0000,Indonesia (national),2024-03-01,M,monthly,17.3,percent
bi_consumer_survey.expenditure_share.saving.rp1_2juta,0000,Indonesia (national),2024-04-01,M,monthly,18.3,percent
bi_consumer_survey.expenditure_share.saving.rp1_2juta,0000,Indonesia (national),2024-05-01,M,monthly,17.7,percent
bi_consumer_survey.expenditure_share.saving.rp1_2juta,0000,Indonesia (national),2024-06-01,M,monthly,16.5,percent
bi_consumer_survey.expenditure_share.saving.rp1_2juta,0000,Indonesia (national),2024-07-01,M,monthly,16.1,percent
bi_consumer_survey.expenditure_share.saving.rp1_2juta,0000,Indonesia (national),2024-08-01,M,monthly,18.5,percent
bi_consumer_survey.expenditure_share.saving.rp1_2juta,0000,Indonesia (national),2024-09-01,M,monthly,16.0,percent
bi_consumer_survey.expenditure_share.saving.rp1_2juta,0000,Indonesia (national),2024-10-01,M,monthly,15.9,percent
bi_consumer_survey.expenditure_share.saving.rp1_2juta,0000,Indonesia (national),2024-11-01,M,monthly,15.7,percent
bi_consumer_survey.expenditure_share.saving.rp1_2juta,0000,Indonesia (national),2024-12-01,M,monthly,15.9,percent
bi_consumer_survey.expenditure_share.saving.rp1_2juta,0000,Indonesia (national),2025-01-01,M,monthly,16.6,percent
bi_consumer_survey.expenditure_share.saving.rp1_2juta,0000,Indonesia (national),2025-02-01,M,monthly,15.3,percent
bi_consumer_survey.expenditure_share.saving.rp1_2juta,0000,Indonesia (national),2025-03-01,M,monthly,13.9,percent
bi_consumer_survey.expenditure_share.saving.rp1_2juta,0000,Indonesia (national),2025-04-01,M,monthly,14.0,percent
bi_consumer_survey.expenditure_share.saving.rp1_2juta,0000,Indonesia (national),2025-05-01,M,monthly,14.9,percent
bi_consumer_survey.expenditure_share.saving.rp1_2juta,0000,Indonesia (national),2025-06-01,M,monthly,14.1,percent
bi_consumer_survey.expenditure_share.saving.rp1_2juta,0000,Indonesia (national),2025-07-01,M,monthly,13.6,percent
bi_consumer_survey.expenditure_share.saving.rp1_2juta,0000,Indonesia (national),2025-08-01,M,monthly,13.9,percent
bi_consumer_survey.expenditure_share.saving.rp1_2juta,0000,Indonesia (national),2025-09-01,M,monthly,14.4,percent
bi_consumer_survey.expenditure_share.saving.rp1_2juta,0000,Indonesia (national),2025-10-01,M,monthly,14.8,percent
bi_consumer_survey.expenditure_share.saving.rp1_2juta,0000,Indonesia (national),2025-11-01,M,monthly,13.9,percent
bi_consumer_survey.expenditure_share.saving.rp1_2juta,0000,Indonesia (national),2025-12-01,M,monthly,14.2,percent
bi_consumer_survey.expenditure_share.saving.rp1_2juta,0000,Indonesia (national),2026-01-01,M,monthly,17.4,percent
bi_consumer_survey.expenditure_share.saving.rp1_2juta,0000,Indonesia (national),2026-02-01,M,monthly,18.6,percent
bi_consumer_survey.expenditure_share.saving.rp1_2juta,0000,Indonesia (national),2026-03-01,M,monthly,17.4,percent
bi_consumer_survey.expenditure_share.saving.rp1_2juta,0000,Indonesia (national),2026-04-01,M,monthly,17.2,percent
bi_consumer_survey.expenditure_share.saving.rp1_2juta,0000,Indonesia (national),2026-05-01,M,monthly,16.4,percent
bi_consumer_survey.expenditure_share.saving.rp1_2juta,0000,Indonesia (national),2026-06-01,M,monthly,17.2,percent
bi_consumer_survey.expenditure_share.saving.rp1_2juta,0000,Indonesia (national),2026-07-01,M,monthly,15.9,percent
bi_consumer_survey.expenditure_share.saving.rp1_2juta,0000,Indonesia (national),2026-08-01,M,monthly,15.1,percent
bi_consumer_survey.expenditure_share.saving.rp2_3juta,0000,Indonesia (national),2012-01-01,M,monthly,19.5,percent
bi_consumer_survey.expenditure_share.saving.rp2_3juta,0000,Indonesia (national),2012-02-01,M,monthly,18.9,percent
bi_consumer_survey.expenditure_share.saving.rp2_3juta,0000,Indonesia (national),2012-03-01,M,monthly,18.6,percent
bi_consumer_survey.expenditure_share.saving.rp2_3juta,0000,Indonesia (national),2012-04-01,M,monthly,18.8,percent
bi_consumer_survey.expenditure_share.saving.rp2_3juta,0000,Indonesia (national),2012-05-01,M,monthly,18.4,percent
bi_consumer_survey.expenditure_share.saving.rp2_3juta,0000,Indonesia (national),2012-06-01,M,monthly,19.0,percent
bi_consumer_survey.expenditure_share.saving.rp2_3juta,0000,Indonesia (national),2012-07-01,M,monthly,17.3,percent
bi_consumer_survey.expenditure_share.saving.rp2_3juta,0000,Indonesia (national),2012-08-01,M,monthly,19.4,percent
bi_consumer_survey.expenditure_share.saving.rp2_3juta,0000,Indonesia (national),2012-09-01,M,monthly,18.7,percent
bi_consumer_survey.expenditure_share.saving.rp2_3juta,0000,Indonesia (national),2012-10-01,M,monthly,18.6,percent
bi_consumer_survey.expenditure_share.saving.rp2_3juta,0000,Indonesia (national),2012-11-01,M,monthly,18.3,percent
bi_consumer_survey.expenditure_share.saving.rp2_3juta,0000,Indonesia (national),2012-12-01,M,monthly,18.1,percent
bi_consumer_survey.expenditure_share.saving.rp2_3juta,0000,Indonesia (national),2013-01-01,M,monthly,18.5,percent
bi_consumer_survey.expenditure_share.saving.rp2_3juta,0000,Indonesia (national),2013-02-01,M,monthly,19.6,percent
bi_consumer_survey.expenditure_share.saving.rp2_3juta,0000,Indonesia (national),2013-03-01,M,monthly,17.5,percent
bi_consumer_survey.expenditure_share.saving.rp2_3juta,0000,Indonesia (national),2013-04-01,M,monthly,16.7,percent
bi_consumer_survey.expenditure_share.saving.rp2_3juta,0000,Indonesia (national),2013-05-01,M,monthly,18.2,percent
bi_consumer_survey.expenditure_share.saving.rp2_3juta,0000,Indonesia (national),2013-06-01,M,monthly,19.0,percent
bi_consumer_survey.expenditure_share.saving.rp2_3juta,0000,Indonesia (national),2013-07-01,M,monthly,17.9,percent
bi_consumer_survey.expenditure_share.saving.rp2_3juta,0000,Indonesia (national),2013-08-01,M,monthly,18.0,percent
bi_consumer_survey.expenditure_share.saving.rp2_3juta,0000,Indonesia (national),2013-09-01,M,monthly,17.5,percent
bi_consumer_survey.expenditure_share.saving.rp2_3juta,0000,Indonesia (national),2013-10-01,M,monthly,17.9,percent
bi_consumer_survey.expenditure_share.saving.rp2_3juta,0000,Indonesia (national),2013-11-01,M,monthly,17.8,percent
bi_consumer_survey.expenditure_share.saving.rp2_3juta,0000,Indonesia (national),2013-12-01,M,monthly,18.5,percent
bi_consumer_survey.expenditure_share.saving.rp2_3juta,0000,Indonesia (national),2014-01-01,M,monthly,17.5,percent
bi_consumer_survey.expenditure_share.saving.rp2_3juta,0000,Indonesia (national),2014-02-01,M,monthly,16.7,percent
bi_consumer_survey.expenditure_share.saving.rp2_3juta,0000,Indonesia (national),2014-03-01,M,monthly,18.5,percent
bi_consumer_survey.expenditure_share.saving.rp2_3juta,0000,Indonesia (national),2014-04-01,M,monthly,18.7,percent
bi_consumer_survey.expenditure_share.saving.rp2_3juta,0000,Indonesia (national),2014-05-01,M,monthly,18.1,percent
bi_consumer_survey.expenditure_share.saving.rp2_3juta,0000,Indonesia (national),2014-06-01,M,monthly,18.3,percent
bi_consumer_survey.expenditure_share.saving.rp2_3juta,0000,Indonesia (national),2014-07-01,M,monthly,16.7,percent
bi_consumer_survey.expenditure_share.saving.rp2_3juta,0000,Indonesia (national),2014-08-01,M,monthly,17.7,percent
bi_consumer_survey.expenditure_share.saving.rp2_3juta,0000,Indonesia (national),2014-09-01,M,monthly,17.2,percent
bi_consumer_survey.expenditure_share.saving.rp2_3juta,0000,Indonesia (national),2014-10-01,M,monthly,17.0,percent
bi_consumer_survey.expenditure_share.saving.rp2_3juta,0000,Indonesia (national),2014-11-01,M,monthly,16.7,percent
bi_consumer_survey.expenditure_share.saving.rp2_3juta,0000,Indonesia (national),2014-12-01,M,monthly,16.9,percent
bi_consumer_survey.expenditure_share.saving.rp2_3juta,0000,Indonesia (national),2015-01-01,M,monthly,19.0,percent
bi_consumer_survey.expenditure_share.saving.rp2_3juta,0000,Indonesia (national),2015-02-01,M,monthly,20.2,percent
bi_consumer_survey.expenditure_share.saving.rp2_3juta,0000,Indonesia (national),2015-03-01,M,monthly,20.2,percent
bi_consumer_survey.expenditure_share.saving.rp2_3juta,0000,Indonesia (national),2015-04-01,M,monthly,20.1,percent
bi_consumer_survey.expenditure_share.saving.rp2_3juta,0000,Indonesia (national),2015-05-01,M,monthly,18.8,percent
bi_consumer_survey.expenditure_share.saving.rp2_3juta,0000,Indonesia (national),2015-06-01,M,monthly,18.9,percent
bi_consumer_survey.expenditure_share.saving.rp2_3juta,0000,Indonesia (national),2015-07-01,M,monthly,18.8,percent
bi_consumer_survey.expenditure_share.saving.rp2_3juta,0000,Indonesia (national),2015-08-01,M,monthly,19.6,percent
bi_consumer_survey.expenditure_share.saving.rp2_3juta,0000,Indonesia (national),2015-09-01,M,monthly,18.9,percent
bi_consumer_survey.expenditure_share.saving.rp2_3juta,0000,Indonesia (national),2015-10-01,M,monthly,19.0,percent
bi_consumer_survey.expenditure_share.saving.rp2_3juta,0000,Indonesia (national),2015-11-01,M,monthly,18.4,percent
bi_consumer_survey.expenditure_share.saving.rp2_3juta,0000,Indonesia (national),2015-12-01,M,monthly,18.0,percent
bi_consumer_survey.expenditure_share.saving.rp2_3juta,0000,Indonesia (national),2016-01-01,M,monthly,18.5,percent
bi_consumer_survey.expenditure_share.saving.rp2_3juta,0000,Indonesia (national),2016-02-01,M,monthly,18.6,percent
bi_consumer_survey.expenditure_share.saving.rp2_3juta,0000,Indonesia (national),2016-03-01,M,monthly,18.9,percent
bi_consumer_survey.expenditure_share.saving.rp2_3juta,0000,Indonesia (national),2016-04-01,M,monthly,19.1,percent
bi_consumer_survey.expenditure_share.saving.rp2_3juta,0000,Indonesia (national),2016-05-01,M,monthly,17.4,percent
bi_consumer_survey.expenditure_share.saving.rp2_3juta,0000,Indonesia (national),2016-06-01,M,monthly,18.5,percent
bi_consumer_survey.expenditure_share.saving.rp2_3juta,0000,Indonesia (national),2016-07-01,M,monthly,18.4,percent
bi_consumer_survey.expenditure_share.saving.rp2_3juta,0000,Indonesia (national),2016-08-01,M,monthly,16.6,percent
bi_consumer_survey.expenditure_share.saving.rp2_3juta,0000,Indonesia (national),2016-09-01,M,monthly,17.7,percent
bi_consumer_survey.expenditure_share.saving.rp2_3juta,0000,Indonesia (national),2016-10-01,M,monthly,16.7,percent
bi_consumer_survey.expenditure_share.saving.rp2_3juta,0000,Indonesia (national),2016-11-01,M,monthly,16.4,percent
bi_consumer_survey.expenditure_share.saving.rp2_3juta,0000,Indonesia (national),2016-12-01,M,monthly,15.3,percent
bi_consumer_survey.expenditure_share.saving.rp2_3juta,0000,Indonesia (national),2017-01-01,M,monthly,19.6,percent
bi_consumer_survey.expenditure_share.saving.rp2_3juta,0000,Indonesia (national),2017-02-01,M,monthly,19.8,percent
bi_consumer_survey.expenditure_share.saving.rp2_3juta,0000,Indonesia (national),2017-03-01,M,monthly,18.9,percent
bi_consumer_survey.expenditure_share.saving.rp2_3juta,0000,Indonesia (national),2017-04-01,M,monthly,19.4,percent
bi_consumer_survey.expenditure_share.saving.rp2_3juta,0000,Indonesia (national),2017-05-01,M,monthly,19.8,percent
bi_consumer_survey.expenditure_share.saving.rp2_3juta,0000,Indonesia (national),2017-06-01,M,monthly,20.1,percent
bi_consumer_survey.expenditure_share.saving.rp2_3juta,0000,Indonesia (national),2017-07-01,M,monthly,20.4,percent
bi_consumer_survey.expenditure_share.saving.rp2_3juta,0000,Indonesia (national),2017-08-01,M,monthly,21.0,percent
bi_consumer_survey.expenditure_share.saving.rp2_3juta,0000,Indonesia (national),2017-09-01,M,monthly,17.6,percent
bi_consumer_survey.expenditure_share.saving.rp2_3juta,0000,Indonesia (national),2017-10-01,M,monthly,19.8,percent
bi_consumer_survey.expenditure_share.saving.rp2_3juta,0000,Indonesia (national),2017-11-01,M,monthly,20.1,percent
bi_consumer_survey.expenditure_share.saving.rp2_3juta,0000,Indonesia (national),2017-12-01,M,monthly,20.4,percent
bi_consumer_survey.expenditure_share.saving.rp2_3juta,0000,Indonesia (national),2018-01-01,M,monthly,19.3,percent
bi_consumer_survey.expenditure_share.saving.rp2_3juta,0000,Indonesia (national),2018-02-01,M,monthly,20.8,percent
bi_consumer_survey.expenditure_share.saving.rp2_3juta,0000,Indonesia (national),2018-03-01,M,monthly,20.5,percent
bi_consumer_survey.expenditure_share.saving.rp2_3juta,0000,Indonesia (national),2018-04-01,M,monthly,19.9,percent
bi_consumer_survey.expenditure_share.saving.rp2_3juta,0000,Indonesia (national),2018-05-01,M,monthly,19.7,percent
bi_consumer_survey.expenditure_share.saving.rp2_3juta,0000,Indonesia (national),2018-06-01,M,monthly,19.5,percent
bi_consumer_survey.expenditure_share.saving.rp2_3juta,0000,Indonesia (national),2018-07-01,M,monthly,19.9,percent
bi_consumer_survey.expenditure_share.saving.rp2_3juta,0000,Indonesia (national),2018-08-01,M,monthly,19.8,percent
bi_consumer_survey.expenditure_share.saving.rp2_3juta,0000,Indonesia (national),2018-09-01,M,monthly,20.6,percent
bi_consumer_survey.expenditure_share.saving.rp2_3juta,0000,Indonesia (national),2018-10-01,M,monthly,19.5,percent
bi_consumer_survey.expenditure_share.saving.rp2_3juta,0000,Indonesia (national),2018-11-01,M,monthly,19.5,percent
bi_consumer_survey.expenditure_share.saving.rp2_3juta,0000,Indonesia (national),2018-12-01,M,monthly,21.1,percent
bi_consumer_survey.expenditure_share.saving.rp2_3juta,0000,Indonesia (national),2019-01-01,M,monthly,19.1,percent
bi_consumer_survey.expenditure_share.saving.rp2_3juta,0000,Indonesia (national),2019-02-01,M,monthly,19.1,percent
bi_consumer_survey.expenditure_share.saving.rp2_3juta,0000,Indonesia (national),2019-03-01,M,monthly,20.7,percent
bi_consumer_survey.expenditure_share.saving.rp2_3juta,0000,Indonesia (national),2019-04-01,M,monthly,20.6,percent
bi_consumer_survey.expenditure_share.saving.rp2_3juta,0000,Indonesia (national),2019-05-01,M,monthly,19.4,percent
bi_consumer_survey.expenditure_share.saving.rp2_3juta,0000,Indonesia (national),2019-06-01,M,monthly,20.0,percent
bi_consumer_survey.expenditure_share.saving.rp2_3juta,0000,Indonesia (national),2019-07-01,M,monthly,18.5,percent
bi_consumer_survey.expenditure_share.saving.rp2_3juta,0000,Indonesia (national),2019-08-01,M,monthly,18.8,percent
bi_consumer_survey.expenditure_share.saving.rp2_3juta,0000,Indonesia (national),2019-09-01,M,monthly,19.2,percent
bi_consumer_survey.expenditure_share.saving.rp2_3juta,0000,Indonesia (national),2019-10-01,M,monthly,19.3,percent
bi_consumer_survey.expenditure_share.saving.rp2_3juta,0000,Indonesia (national),2019-11-01,M,monthly,18.2,percent
bi_consumer_survey.expenditure_share.saving.rp2_3juta,0000,Indonesia (national),2019-12-01,M,monthly,19.1,percent
bi_consumer_survey.expenditure_share.saving.rp2_3juta,0000,Indonesia (national),2020-01-01,M,monthly,18.9,percent
bi_consumer_survey.expenditure_share.saving.rp2_3juta,0000,Indonesia (national),2020-02-01,M,monthly,17.6,percent
bi_consumer_survey.expenditure_share.saving.rp2_3juta,0000,Indonesia (national),2020-03-01,M,monthly,18.9,percent
bi_consumer_survey.expenditure_share.saving.rp2_3juta,0000,Indonesia (national),2020-08-01,M,monthly,21.2,percent
bi_consumer_survey.expenditure_share.saving.rp2_3juta,0000,Indonesia (national),2020-09-01,M,monthly,20.1,percent
bi_consumer_survey.expenditure_share.saving.rp2_3juta,0000,Indonesia (national),2020-10-01,M,monthly,19.3,percent
bi_consumer_survey.expenditure_share.saving.rp2_3juta,0000,Indonesia (national),2020-11-01,M,monthly,20.3,percent
bi_consumer_survey.expenditure_share.saving.rp2_3juta,0000,Indonesia (national),2020-12-01,M,monthly,20.9,percent
bi_consumer_survey.expenditure_share.saving.rp2_3juta,0000,Indonesia (national),2021-01-01,M,monthly,14.6,percent
bi_consumer_survey.expenditure_share.saving.rp2_3juta,0000,Indonesia (national),2021-02-01,M,monthly,14.6,percent
bi_consumer_survey.expenditure_share.saving.rp2_3juta,0000,Indonesia (national),2021-03-01,M,monthly,14.8,percent
bi_consumer_survey.expenditure_share.saving.rp2_3juta,0000,Indonesia (national),2021-04-01,M,monthly,15.1,percent
bi_consumer_survey.expenditure_share.saving.rp2_3juta,0000,Indonesia (national),2021-05-01,M,monthly,14.6,percent
bi_consumer_survey.expenditure_share.saving.rp2_3juta,0000,Indonesia (national),2021-06-01,M,monthly,16.9,percent
bi_consumer_survey.expenditure_share.saving.rp2_3juta,0000,Indonesia (national),2021-07-01,M,monthly,14.4,percent
bi_consumer_survey.expenditure_share.saving.rp2_3juta,0000,Indonesia (national),2021-08-01,M,monthly,15.1,percent
bi_consumer_survey.expenditure_share.saving.rp2_3juta,0000,Indonesia (national),2021-09-01,M,monthly,14.0,percent
bi_consumer_survey.expenditure_share.saving.rp2_3juta,0000,Indonesia (national),2021-10-01,M,monthly,15.0,percent
bi_consumer_survey.expenditure_share.saving.rp2_3juta,0000,Indonesia (national),2021-11-01,M,monthly,14.7,percent
bi_consumer_survey.expenditure_share.saving.rp2_3juta,0000,Indonesia (national),2021-12-01,M,monthly,14.6,percent
bi_consumer_survey.expenditure_share.saving.rp2_3juta,0000,Indonesia (national),2022-01-01,M,monthly,17.1,percent
bi_consumer_survey.expenditure_share.saving.rp2_3juta,0000,Indonesia (national),2022-02-01,M,monthly,16.0,percent
bi_consumer_survey.expenditure_share.saving.rp2_3juta,0000,Indonesia (national),2022-03-01,M,monthly,16.1,percent
bi_consumer_survey.expenditure_share.saving.rp2_3juta,0000,Indonesia (national),2022-04-01,M,monthly,15.5,percent
bi_consumer_survey.expenditure_share.saving.rp2_3juta,0000,Indonesia (national),2022-05-01,M,monthly,16.7,percent
bi_consumer_survey.expenditure_share.saving.rp2_3juta,0000,Indonesia (national),2022-06-01,M,monthly,16.8,percent
bi_consumer_survey.expenditure_share.saving.rp2_3juta,0000,Indonesia (national),2022-07-01,M,monthly,17.3,percent
bi_consumer_survey.expenditure_share.saving.rp2_3juta,0000,Indonesia (national),2022-08-01,M,monthly,17.8,percent
bi_consumer_survey.expenditure_share.saving.rp2_3juta,0000,Indonesia (national),2022-09-01,M,monthly,15.7,percent
bi_consumer_survey.expenditure_share.saving.rp2_3juta,0000,Indonesia (national),2022-10-01,M,monthly,16.3,percent
bi_consumer_survey.expenditure_share.saving.rp2_3juta,0000,Indonesia (national),2022-11-01,M,monthly,15.8,percent
bi_consumer_survey.expenditure_share.saving.rp2_3juta,0000,Indonesia (national),2022-12-01,M,monthly,15.9,percent
bi_consumer_survey.expenditure_share.saving.rp2_3juta,0000,Indonesia (national),2023-01-01,M,monthly,16.4,percent
bi_consumer_survey.expenditure_share.saving.rp2_3juta,0000,Indonesia (national),2023-02-01,M,monthly,17.0,percent
bi_consumer_survey.expenditure_share.saving.rp2_3juta,0000,Indonesia (national),2023-03-01,M,monthly,15.2,percent
bi_consumer_survey.expenditure_share.saving.rp2_3juta,0000,Indonesia (national),2023-04-01,M,monthly,15.5,percent
bi_consumer_survey.expenditure_share.saving.rp2_3juta,0000,Indonesia (national),2023-05-01,M,monthly,15.6,percent
bi_consumer_survey.expenditure_share.saving.rp2_3juta,0000,Indonesia (national),2023-06-01,M,monthly,14.6,percent
bi_consumer_survey.expenditure_share.saving.rp2_3juta,0000,Indonesia (national),2023-07-01,M,monthly,16.4,percent
bi_consumer_survey.expenditure_share.saving.rp2_3juta,0000,Indonesia (national),2023-08-01,M,monthly,15.8,percent
bi_consumer_survey.expenditure_share.saving.rp2_3juta,0000,Indonesia (national),2023-09-01,M,monthly,15.5,percent
bi_consumer_survey.expenditure_share.saving.rp2_3juta,0000,Indonesia (national),2023-10-01,M,monthly,15.3,percent
bi_consumer_survey.expenditure_share.saving.rp2_3juta,0000,Indonesia (national),2023-11-01,M,monthly,15.7,percent
bi_consumer_survey.expenditure_share.saving.rp2_3juta,0000,Indonesia (national),2023-12-01,M,monthly,14.6,percent
bi_consumer_survey.expenditure_share.saving.rp2_3juta,0000,Indonesia (national),2024-01-01,M,monthly,16.2,percent
bi_consumer_survey.expenditure_share.saving.rp2_3juta,0000,Indonesia (national),2024-02-01,M,monthly,16.4,percent
bi_consumer_survey.expenditure_share.saving.rp2_3juta,0000,Indonesia (national),2024-03-01,M,monthly,16.4,percent
bi_consumer_survey.expenditure_share.saving.rp2_3juta,0000,Indonesia (national),2024-04-01,M,monthly,15.8,percent
bi_consumer_survey.expenditure_share.saving.rp2_3juta,0000,Indonesia (national),2024-05-01,M,monthly,16.7,percent
bi_consumer_survey.expenditure_share.saving.rp2_3juta,0000,Indonesia (national),2024-06-01,M,monthly,17.5,percent
bi_consumer_survey.expenditure_share.saving.rp2_3juta,0000,Indonesia (national),2024-07-01,M,monthly,15.5,percent
bi_consumer_survey.expenditure_share.saving.rp2_3juta,0000,Indonesia (national),2024-08-01,M,monthly,16.2,percent
bi_consumer_survey.expenditure_share.saving.rp2_3juta,0000,Indonesia (national),2024-09-01,M,monthly,15.1,percent
bi_consumer_survey.expenditure_share.saving.rp2_3juta,0000,Indonesia (national),2024-10-01,M,monthly,15.7,percent
bi_consumer_survey.expenditure_share.saving.rp2_3juta,0000,Indonesia (national),2024-11-01,M,monthly,15.2,percent
bi_consumer_survey.expenditure_share.saving.rp2_3juta,0000,Indonesia (national),2024-12-01,M,monthly,15.8,percent
bi_consumer_survey.expenditure_share.saving.rp2_3juta,0000,Indonesia (national),2025-01-01,M,monthly,15.2,percent
bi_consumer_survey.expenditure_share.saving.rp2_3juta,0000,Indonesia (national),2025-02-01,M,monthly,13.4,percent
bi_consumer_survey.expenditure_share.saving.rp2_3juta,0000,Indonesia (national),2025-03-01,M,monthly,14.2,percent
bi_consumer_survey.expenditure_share.saving.rp2_3juta,0000,Indonesia (national),2025-04-01,M,monthly,14.5,percent
bi_consumer_survey.expenditure_share.saving.rp2_3juta,0000,Indonesia (national),2025-05-01,M,monthly,14.4,percent
bi_consumer_survey.expenditure_share.saving.rp2_3juta,0000,Indonesia (national),2025-06-01,M,monthly,13.1,percent
bi_consumer_survey.expenditure_share.saving.rp2_3juta,0000,Indonesia (national),2025-07-01,M,monthly,13.6,percent
bi_consumer_survey.expenditure_share.saving.rp2_3juta,0000,Indonesia (national),2025-08-01,M,monthly,14.3,percent
bi_consumer_survey.expenditure_share.saving.rp2_3juta,0000,Indonesia (national),2025-09-01,M,monthly,13.5,percent
bi_consumer_survey.expenditure_share.saving.rp2_3juta,0000,Indonesia (national),2025-10-01,M,monthly,14.6,percent
bi_consumer_survey.expenditure_share.saving.rp2_3juta,0000,Indonesia (national),2025-11-01,M,monthly,14.5,percent
bi_consumer_survey.expenditure_share.saving.rp2_3juta,0000,Indonesia (national),2025-12-01,M,monthly,14.6,percent
bi_consumer_survey.expenditure_share.saving.rp2_3juta,0000,Indonesia (national),2026-01-01,M,monthly,15.5,percent
bi_consumer_survey.expenditure_share.saving.rp2_3juta,0000,Indonesia (national),2026-02-01,M,monthly,16.8,percent
bi_consumer_survey.expenditure_share.saving.rp2_3juta,0000,Indonesia (national),2026-03-01,M,monthly,16.8,percent
bi_consumer_survey.expenditure_share.saving.rp2_3juta,0000,Indonesia (national),2026-04-01,M,monthly,16.7,percent
bi_consumer_survey.expenditure_share.saving.rp2_3juta,0000,Indonesia (national),2026-05-01,M,monthly,18.1,percent
bi_consumer_survey.expenditure_share.saving.rp2_3juta,0000,Indonesia (national),2026-06-01,M,monthly,15.6,percent
bi_consumer_survey.expenditure_share.saving.rp2_3juta,0000,Indonesia (national),2026-07-01,M,monthly,16.3,percent
bi_consumer_survey.expenditure_share.saving.rp2_3juta,0000,Indonesia (national),2026-08-01,M,monthly,14.7,percent
bi_consumer_survey.expenditure_share.saving.rp3_4juta,0000,Indonesia (national),2012-01-01,M,monthly,20.2,percent
bi_consumer_survey.expenditure_share.saving.rp3_4juta,0000,Indonesia (national),2012-02-01,M,monthly,19.1,percent
bi_consumer_survey.expenditure_share.saving.rp3_4juta,0000,Indonesia (national),2012-03-01,M,monthly,19.7,percent
bi_consumer_survey.expenditure_share.saving.rp3_4juta,0000,Indonesia (national),2012-04-01,M,monthly,18.2,percent
bi_consumer_survey.expenditure_share.saving.rp3_4juta,0000,Indonesia (national),2012-05-01,M,monthly,19.0,percent
bi_consumer_survey.expenditure_share.saving.rp3_4juta,0000,Indonesia (national),2012-06-01,M,monthly,19.9,percent
bi_consumer_survey.expenditure_share.saving.rp3_4juta,0000,Indonesia (national),2012-07-01,M,monthly,18.7,percent
bi_consumer_survey.expenditure_share.saving.rp3_4juta,0000,Indonesia (national),2012-08-01,M,monthly,18.8,percent
bi_consumer_survey.expenditure_share.saving.rp3_4juta,0000,Indonesia (national),2012-09-01,M,monthly,19.9,percent
bi_consumer_survey.expenditure_share.saving.rp3_4juta,0000,Indonesia (national),2012-10-01,M,monthly,18.8,percent
bi_consumer_survey.expenditure_share.saving.rp3_4juta,0000,Indonesia (national),2012-11-01,M,monthly,18.9,percent
bi_consumer_survey.expenditure_share.saving.rp3_4juta,0000,Indonesia (national),2012-12-01,M,monthly,18.6,percent
bi_consumer_survey.expenditure_share.saving.rp3_4juta,0000,Indonesia (national),2013-01-01,M,monthly,19.3,percent
bi_consumer_survey.expenditure_share.saving.rp3_4juta,0000,Indonesia (national),2013-02-01,M,monthly,18.5,percent
bi_consumer_survey.expenditure_share.saving.rp3_4juta,0000,Indonesia (national),2013-03-01,M,monthly,19.5,percent
bi_consumer_survey.expenditure_share.saving.rp3_4juta,0000,Indonesia (national),2013-04-01,M,monthly,18.7,percent
bi_consumer_survey.expenditure_share.saving.rp3_4juta,0000,Indonesia (national),2013-05-01,M,monthly,18.2,percent
bi_consumer_survey.expenditure_share.saving.rp3_4juta,0000,Indonesia (national),2013-06-01,M,monthly,18.7,percent
bi_consumer_survey.expenditure_share.saving.rp3_4juta,0000,Indonesia (national),2013-07-01,M,monthly,18.7,percent
bi_consumer_survey.expenditure_share.saving.rp3_4juta,0000,Indonesia (national),2013-08-01,M,monthly,20.0,percent
bi_consumer_survey.expenditure_share.saving.rp3_4juta,0000,Indonesia (national),2013-09-01,M,monthly,18.8,percent
bi_consumer_survey.expenditure_share.saving.rp3_4juta,0000,Indonesia (national),2013-10-01,M,monthly,18.3,percent
bi_consumer_survey.expenditure_share.saving.rp3_4juta,0000,Indonesia (national),2013-11-01,M,monthly,18.0,percent
bi_consumer_survey.expenditure_share.saving.rp3_4juta,0000,Indonesia (national),2013-12-01,M,monthly,18.4,percent
bi_consumer_survey.expenditure_share.saving.rp3_4juta,0000,Indonesia (national),2014-01-01,M,monthly,19.2,percent
bi_consumer_survey.expenditure_share.saving.rp3_4juta,0000,Indonesia (national),2014-02-01,M,monthly,17.9,percent
bi_consumer_survey.expenditure_share.saving.rp3_4juta,0000,Indonesia (national),2014-03-01,M,monthly,18.5,percent
bi_consumer_survey.expenditure_share.saving.rp3_4juta,0000,Indonesia (national),2014-04-01,M,monthly,20.4,percent
bi_consumer_survey.expenditure_share.saving.rp3_4juta,0000,Indonesia (national),2014-05-01,M,monthly,19.1,percent
bi_consumer_survey.expenditure_share.saving.rp3_4juta,0000,Indonesia (national),2014-06-01,M,monthly,18.0,percent
bi_consumer_survey.expenditure_share.saving.rp3_4juta,0000,Indonesia (national),2014-07-01,M,monthly,18.3,percent
bi_consumer_survey.expenditure_share.saving.rp3_4juta,0000,Indonesia (national),2014-08-01,M,monthly,17.5,percent
bi_consumer_survey.expenditure_share.saving.rp3_4juta,0000,Indonesia (national),2014-09-01,M,monthly,17.3,percent
bi_consumer_survey.expenditure_share.saving.rp3_4juta,0000,Indonesia (national),2014-10-01,M,monthly,19.6,percent
bi_consumer_survey.expenditure_share.saving.rp3_4juta,0000,Indonesia (national),2014-11-01,M,monthly,18.4,percent
bi_consumer_survey.expenditure_share.saving.rp3_4juta,0000,Indonesia (national),2014-12-01,M,monthly,17.2,percent
bi_consumer_survey.expenditure_share.saving.rp3_4juta,0000,Indonesia (national),2015-01-01,M,monthly,20.2,percent
bi_consumer_survey.expenditure_share.saving.rp3_4juta,0000,Indonesia (national),2015-02-01,M,monthly,20.2,percent
bi_consumer_survey.expenditure_share.saving.rp3_4juta,0000,Indonesia (national),2015-03-01,M,monthly,20.5,percent
bi_consumer_survey.expenditure_share.saving.rp3_4juta,0000,Indonesia (national),2015-04-01,M,monthly,20.2,percent
bi_consumer_survey.expenditure_share.saving.rp3_4juta,0000,Indonesia (national),2015-05-01,M,monthly,19.8,percent
bi_consumer_survey.expenditure_share.saving.rp3_4juta,0000,Indonesia (national),2015-06-01,M,monthly,20.1,percent
bi_consumer_survey.expenditure_share.saving.rp3_4juta,0000,Indonesia (national),2015-07-01,M,monthly,19.8,percent
bi_consumer_survey.expenditure_share.saving.rp3_4juta,0000,Indonesia (national),2015-08-01,M,monthly,20.4,percent
bi_consumer_survey.expenditure_share.saving.rp3_4juta,0000,Indonesia (national),2015-09-01,M,monthly,17.9,percent
bi_consumer_survey.expenditure_share.saving.rp3_4juta,0000,Indonesia (national),2015-10-01,M,monthly,17.9,percent
bi_consumer_survey.expenditure_share.saving.rp3_4juta,0000,Indonesia (national),2015-11-01,M,monthly,19.2,percent
bi_consumer_survey.expenditure_share.saving.rp3_4juta,0000,Indonesia (national),2015-12-01,M,monthly,17.6,percent
bi_consumer_survey.expenditure_share.saving.rp3_4juta,0000,Indonesia (national),2016-01-01,M,monthly,19.5,percent
bi_consumer_survey.expenditure_share.saving.rp3_4juta,0000,Indonesia (national),2016-02-01,M,monthly,19.0,percent
bi_consumer_survey.expenditure_share.saving.rp3_4juta,0000,Indonesia (national),2016-03-01,M,monthly,18.9,percent
bi_consumer_survey.expenditure_share.saving.rp3_4juta,0000,Indonesia (national),2016-04-01,M,monthly,19.3,percent
bi_consumer_survey.expenditure_share.saving.rp3_4juta,0000,Indonesia (national),2016-05-01,M,monthly,19.3,percent
bi_consumer_survey.expenditure_share.saving.rp3_4juta,0000,Indonesia (national),2016-06-01,M,monthly,18.2,percent
bi_consumer_survey.expenditure_share.saving.rp3_4juta,0000,Indonesia (national),2016-07-01,M,monthly,18.1,percent
bi_consumer_survey.expenditure_share.saving.rp3_4juta,0000,Indonesia (national),2016-08-01,M,monthly,16.8,percent
bi_consumer_survey.expenditure_share.saving.rp3_4juta,0000,Indonesia (national),2016-09-01,M,monthly,18.2,percent
bi_consumer_survey.expenditure_share.saving.rp3_4juta,0000,Indonesia (national),2016-10-01,M,monthly,17.3,percent
bi_consumer_survey.expenditure_share.saving.rp3_4juta,0000,Indonesia (national),2016-11-01,M,monthly,16.9,percent
bi_consumer_survey.expenditure_share.saving.rp3_4juta,0000,Indonesia (national),2016-12-01,M,monthly,17.9,percent
bi_consumer_survey.expenditure_share.saving.rp3_4juta,0000,Indonesia (national),2017-01-01,M,monthly,19.8,percent
bi_consumer_survey.expenditure_share.saving.rp3_4juta,0000,Indonesia (national),2017-02-01,M,monthly,17.9,percent
bi_consumer_survey.expenditure_share.saving.rp3_4juta,0000,Indonesia (national),2017-03-01,M,monthly,18.8,percent
bi_consumer_survey.expenditure_share.saving.rp3_4juta,0000,Indonesia (national),2017-04-01,M,monthly,20.4,percent
bi_consumer_survey.expenditure_share.saving.rp3_4juta,0000,Indonesia (national),2017-05-01,M,monthly,21.0,percent
bi_consumer_survey.expenditure_share.saving.rp3_4juta,0000,Indonesia (national),2017-06-01,M,monthly,21.4,percent
bi_consumer_survey.expenditure_share.saving.rp3_4juta,0000,Indonesia (national),2017-07-01,M,monthly,19.8,percent
bi_consumer_survey.expenditure_share.saving.rp3_4juta,0000,Indonesia (national),2017-08-01,M,monthly,20.1,percent
bi_consumer_survey.expenditure_share.saving.rp3_4juta,0000,Indonesia (national),2017-09-01,M,monthly,18.4,percent
bi_consumer_survey.expenditure_share.saving.rp3_4juta,0000,Indonesia (national),2017-10-01,M,monthly,19.9,percent
bi_consumer_survey.expenditure_share.saving.rp3_4juta,0000,Indonesia (national),2017-11-01,M,monthly,20.0,percent
bi_consumer_survey.expenditure_share.saving.rp3_4juta,0000,Indonesia (national),2017-12-01,M,monthly,20.8,percent
bi_consumer_survey.expenditure_share.saving.rp3_4juta,0000,Indonesia (national),2018-01-01,M,monthly,19.4,percent
bi_consumer_survey.expenditure_share.saving.rp3_4juta,0000,Indonesia (national),2018-02-01,M,monthly,21.0,percent
bi_consumer_survey.expenditure_share.saving.rp3_4juta,0000,Indonesia (national),2018-03-01,M,monthly,21.6,percent
bi_consumer_survey.expenditure_share.saving.rp3_4juta,0000,Indonesia (national),2018-04-01,M,monthly,19.0,percent
bi_consumer_survey.expenditure_share.saving.rp3_4juta,0000,Indonesia (national),2018-05-01,M,monthly,19.7,percent
bi_consumer_survey.expenditure_share.saving.rp3_4juta,0000,Indonesia (national),2018-06-01,M,monthly,19.4,percent
bi_consumer_survey.expenditure_share.saving.rp3_4juta,0000,Indonesia (national),2018-07-01,M,monthly,20.5,percent
bi_consumer_survey.expenditure_share.saving.rp3_4juta,0000,Indonesia (national),2018-08-01,M,monthly,19.3,percent
bi_consumer_survey.expenditure_share.saving.rp3_4juta,0000,Indonesia (national),2018-09-01,M,monthly,18.9,percent
bi_consumer_survey.expenditure_share.saving.rp3_4juta,0000,Indonesia (national),2018-10-01,M,monthly,19.6,percent
bi_consumer_survey.expenditure_share.saving.rp3_4juta,0000,Indonesia (national),2018-11-01,M,monthly,18.3,percent
bi_consumer_survey.expenditure_share.saving.rp3_4juta,0000,Indonesia (national),2018-12-01,M,monthly,19.9,percent
bi_consumer_survey.expenditure_share.saving.rp3_4juta,0000,Indonesia (national),2019-01-01,M,monthly,19.4,percent
bi_consumer_survey.expenditure_share.saving.rp3_4juta,0000,Indonesia (national),2019-02-01,M,monthly,18.9,percent
bi_consumer_survey.expenditure_share.saving.rp3_4juta,0000,Indonesia (national),2019-03-01,M,monthly,19.8,percent
bi_consumer_survey.expenditure_share.saving.rp3_4juta,0000,Indonesia (national),2019-04-01,M,monthly,19.5,percent
bi_consumer_survey.expenditure_share.saving.rp3_4juta,0000,Indonesia (national),2019-05-01,M,monthly,19.0,percent
bi_consumer_survey.expenditure_share.saving.rp3_4juta,0000,Indonesia (national),2019-06-01,M,monthly,20.9,percent
bi_consumer_survey.expenditure_share.saving.rp3_4juta,0000,Indonesia (national),2019-07-01,M,monthly,18.3,percent
bi_consumer_survey.expenditure_share.saving.rp3_4juta,0000,Indonesia (national),2019-08-01,M,monthly,18.8,percent
bi_consumer_survey.expenditure_share.saving.rp3_4juta,0000,Indonesia (national),2019-09-01,M,monthly,18.3,percent
bi_consumer_survey.expenditure_share.saving.rp3_4juta,0000,Indonesia (national),2019-10-01,M,monthly,19.7,percent
bi_consumer_survey.expenditure_share.saving.rp3_4juta,0000,Indonesia (national),2019-11-01,M,monthly,19.2,percent
bi_consumer_survey.expenditure_share.saving.rp3_4juta,0000,Indonesia (national),2019-12-01,M,monthly,19.0,percent
bi_consumer_survey.expenditure_share.saving.rp3_4juta,0000,Indonesia (national),2020-01-01,M,monthly,19.2,percent
bi_consumer_survey.expenditure_share.saving.rp3_4juta,0000,Indonesia (national),2020-02-01,M,monthly,17.3,percent
bi_consumer_survey.expenditure_share.saving.rp3_4juta,0000,Indonesia (national),2020-03-01,M,monthly,17.5,percent
bi_consumer_survey.expenditure_share.saving.rp3_4juta,0000,Indonesia (national),2020-08-01,M,monthly,20.2,percent
bi_consumer_survey.expenditure_share.saving.rp3_4juta,0000,Indonesia (national),2020-09-01,M,monthly,20.4,percent
bi_consumer_survey.expenditure_share.saving.rp3_4juta,0000,Indonesia (national),2020-10-01,M,monthly,20.0,percent
bi_consumer_survey.expenditure_share.saving.rp3_4juta,0000,Indonesia (national),2020-11-01,M,monthly,19.7,percent
bi_consumer_survey.expenditure_share.saving.rp3_4juta,0000,Indonesia (national),2020-12-01,M,monthly,19.9,percent
bi_consumer_survey.expenditure_share.saving.rp3_4juta,0000,Indonesia (national),2021-01-01,M,monthly,14.7,percent
bi_consumer_survey.expenditure_share.saving.rp3_4juta,0000,Indonesia (national),2021-02-01,M,monthly,14.5,percent
bi_consumer_survey.expenditure_share.saving.rp3_4juta,0000,Indonesia (national),2021-03-01,M,monthly,14.3,percent
bi_consumer_survey.expenditure_share.saving.rp3_4juta,0000,Indonesia (national),2021-04-01,M,monthly,14.7,percent
bi_consumer_survey.expenditure_share.saving.rp3_4juta,0000,Indonesia (national),2021-05-01,M,monthly,14.8,percent
bi_consumer_survey.expenditure_share.saving.rp3_4juta,0000,Indonesia (national),2021-06-01,M,monthly,15.9,percent
bi_consumer_survey.expenditure_share.saving.rp3_4juta,0000,Indonesia (national),2021-07-01,M,monthly,15.6,percent
bi_consumer_survey.expenditure_share.saving.rp3_4juta,0000,Indonesia (national),2021-08-01,M,monthly,14.4,percent
bi_consumer_survey.expenditure_share.saving.rp3_4juta,0000,Indonesia (national),2021-09-01,M,monthly,14.3,percent
bi_consumer_survey.expenditure_share.saving.rp3_4juta,0000,Indonesia (national),2021-10-01,M,monthly,14.7,percent
bi_consumer_survey.expenditure_share.saving.rp3_4juta,0000,Indonesia (national),2021-11-01,M,monthly,14.3,percent
bi_consumer_survey.expenditure_share.saving.rp3_4juta,0000,Indonesia (national),2021-12-01,M,monthly,13.0,percent
bi_consumer_survey.expenditure_share.saving.rp3_4juta,0000,Indonesia (national),2022-01-01,M,monthly,16.4,percent
bi_consumer_survey.expenditure_share.saving.rp3_4juta,0000,Indonesia (national),2022-02-01,M,monthly,16.4,percent
bi_consumer_survey.expenditure_share.saving.rp3_4juta,0000,Indonesia (national),2022-03-01,M,monthly,16.6,percent
bi_consumer_survey.expenditure_share.saving.rp3_4juta,0000,Indonesia (national),2022-04-01,M,monthly,17.0,percent
bi_consumer_survey.expenditure_share.saving.rp3_4juta,0000,Indonesia (national),2022-05-01,M,monthly,16.3,percent
bi_consumer_survey.expenditure_share.saving.rp3_4juta,0000,Indonesia (national),2022-06-01,M,monthly,17.0,percent
bi_consumer_survey.expenditure_share.saving.rp3_4juta,0000,Indonesia (national),2022-07-01,M,monthly,16.4,percent
bi_consumer_survey.expenditure_share.saving.rp3_4juta,0000,Indonesia (national),2022-08-01,M,monthly,16.6,percent
bi_consumer_survey.expenditure_share.saving.rp3_4juta,0000,Indonesia (national),2022-09-01,M,monthly,15.0,percent
bi_consumer_survey.expenditure_share.saving.rp3_4juta,0000,Indonesia (national),2022-10-01,M,monthly,15.6,percent
bi_consumer_survey.expenditure_share.saving.rp3_4juta,0000,Indonesia (national),2022-11-01,M,monthly,15.5,percent
bi_consumer_survey.expenditure_share.saving.rp3_4juta,0000,Indonesia (national),2022-12-01,M,monthly,16.0,percent
bi_consumer_survey.expenditure_share.saving.rp3_4juta,0000,Indonesia (national),2023-01-01,M,monthly,17.3,percent
bi_consumer_survey.expenditure_share.saving.rp3_4juta,0000,Indonesia (national),2023-02-01,M,monthly,16.4,percent
bi_consumer_survey.expenditure_share.saving.rp3_4juta,0000,Indonesia (national),2023-03-01,M,monthly,15.4,percent
bi_consumer_survey.expenditure_share.saving.rp3_4juta,0000,Indonesia (national),2023-04-01,M,monthly,17.2,percent
bi_consumer_survey.expenditure_share.saving.rp3_4juta,0000,Indonesia (national),2023-05-01,M,monthly,16.4,percent
bi_consumer_survey.expenditure_share.saving.rp3_4juta,0000,Indonesia (national),2023-06-01,M,monthly,16.1,percent
bi_consumer_survey.expenditure_share.saving.rp3_4juta,0000,Indonesia (national),2023-07-01,M,monthly,15.8,percent
bi_consumer_survey.expenditure_share.saving.rp3_4juta,0000,Indonesia (national),2023-08-01,M,monthly,15.6,percent
bi_consumer_survey.expenditure_share.saving.rp3_4juta,0000,Indonesia (national),2023-09-01,M,monthly,15.4,percent
bi_consumer_survey.expenditure_share.saving.rp3_4juta,0000,Indonesia (national),2023-10-01,M,monthly,15.9,percent
bi_consumer_survey.expenditure_share.saving.rp3_4juta,0000,Indonesia (national),2023-11-01,M,monthly,16.1,percent
bi_consumer_survey.expenditure_share.saving.rp3_4juta,0000,Indonesia (national),2023-12-01,M,monthly,16.1,percent
bi_consumer_survey.expenditure_share.saving.rp3_4juta,0000,Indonesia (national),2024-01-01,M,monthly,16.6,percent
bi_consumer_survey.expenditure_share.saving.rp3_4juta,0000,Indonesia (national),2024-02-01,M,monthly,17.0,percent
bi_consumer_survey.expenditure_share.saving.rp3_4juta,0000,Indonesia (national),2024-03-01,M,monthly,17.0,percent
bi_consumer_survey.expenditure_share.saving.rp3_4juta,0000,Indonesia (national),2024-04-01,M,monthly,16.4,percent
bi_consumer_survey.expenditure_share.saving.rp3_4juta,0000,Indonesia (national),2024-05-01,M,monthly,17.0,percent
bi_consumer_survey.expenditure_share.saving.rp3_4juta,0000,Indonesia (national),2024-06-01,M,monthly,16.2,percent
bi_consumer_survey.expenditure_share.saving.rp3_4juta,0000,Indonesia (national),2024-07-01,M,monthly,15.4,percent
bi_consumer_survey.expenditure_share.saving.rp3_4juta,0000,Indonesia (national),2024-08-01,M,monthly,14.5,percent
bi_consumer_survey.expenditure_share.saving.rp3_4juta,0000,Indonesia (national),2024-09-01,M,monthly,14.8,percent
bi_consumer_survey.expenditure_share.saving.rp3_4juta,0000,Indonesia (national),2024-10-01,M,monthly,15.2,percent
bi_consumer_survey.expenditure_share.saving.rp3_4juta,0000,Indonesia (national),2024-11-01,M,monthly,15.4,percent
bi_consumer_survey.expenditure_share.saving.rp3_4juta,0000,Indonesia (national),2024-12-01,M,monthly,15.7,percent
bi_consumer_survey.expenditure_share.saving.rp3_4juta,0000,Indonesia (national),2025-01-01,M,monthly,16.0,percent
bi_consumer_survey.expenditure_share.saving.rp3_4juta,0000,Indonesia (national),2025-02-01,M,monthly,14.4,percent
bi_consumer_survey.expenditure_share.saving.rp3_4juta,0000,Indonesia (national),2025-03-01,M,monthly,13.2,percent
bi_consumer_survey.expenditure_share.saving.rp3_4juta,0000,Indonesia (national),2025-04-01,M,monthly,15.3,percent
bi_consumer_survey.expenditure_share.saving.rp3_4juta,0000,Indonesia (national),2025-05-01,M,monthly,14.4,percent
bi_consumer_survey.expenditure_share.saving.rp3_4juta,0000,Indonesia (national),2025-06-01,M,monthly,14.7,percent
bi_consumer_survey.expenditure_share.saving.rp3_4juta,0000,Indonesia (national),2025-07-01,M,monthly,13.7,percent
bi_consumer_survey.expenditure_share.saving.rp3_4juta,0000,Indonesia (national),2025-08-01,M,monthly,14.0,percent
bi_consumer_survey.expenditure_share.saving.rp3_4juta,0000,Indonesia (national),2025-09-01,M,monthly,14.0,percent
bi_consumer_survey.expenditure_share.saving.rp3_4juta,0000,Indonesia (national),2025-10-01,M,monthly,14.0,percent
bi_consumer_survey.expenditure_share.saving.rp3_4juta,0000,Indonesia (national),2025-11-01,M,monthly,14.3,percent
bi_consumer_survey.expenditure_share.saving.rp3_4juta,0000,Indonesia (national),2025-12-01,M,monthly,15.5,percent
bi_consumer_survey.expenditure_share.saving.rp3_4juta,0000,Indonesia (national),2026-01-01,M,monthly,15.3,percent
bi_consumer_survey.expenditure_share.saving.rp3_4juta,0000,Indonesia (national),2026-02-01,M,monthly,17.5,percent
bi_consumer_survey.expenditure_share.saving.rp3_4juta,0000,Indonesia (national),2026-03-01,M,monthly,17.5,percent
bi_consumer_survey.expenditure_share.saving.rp3_4juta,0000,Indonesia (national),2026-04-01,M,monthly,18.3,percent
bi_consumer_survey.expenditure_share.saving.rp3_4juta,0000,Indonesia (national),2026-05-01,M,monthly,16.9,percent
bi_consumer_survey.expenditure_share.saving.rp3_4juta,0000,Indonesia (national),2026-06-01,M,monthly,17.1,percent
bi_consumer_survey.expenditure_share.saving.rp3_4juta,0000,Indonesia (national),2026-07-01,M,monthly,15.8,percent
bi_consumer_survey.expenditure_share.saving.rp3_4juta,0000,Indonesia (national),2026-08-01,M,monthly,15.4,percent
bi_consumer_survey.expenditure_share.saving.rp4_5juta,0000,Indonesia (national),2012-01-01,M,monthly,21.1,percent
bi_consumer_survey.expenditure_share.saving.rp4_5juta,0000,Indonesia (national),2012-02-01,M,monthly,20.2,percent
bi_consumer_survey.expenditure_share.saving.rp4_5juta,0000,Indonesia (national),2012-03-01,M,monthly,22.1,percent
bi_consumer_survey.expenditure_share.saving.rp4_5juta,0000,Indonesia (national),2012-04-01,M,monthly,19.5,percent
bi_consumer_survey.expenditure_share.saving.rp4_5juta,0000,Indonesia (national),2012-05-01,M,monthly,18.7,percent
bi_consumer_survey.expenditure_share.saving.rp4_5juta,0000,Indonesia (national),2012-06-01,M,monthly,21.7,percent
bi_consumer_survey.expenditure_share.saving.rp4_5juta,0000,Indonesia (national),2012-07-01,M,monthly,21.1,percent
bi_consumer_survey.expenditure_share.saving.rp4_5juta,0000,Indonesia (national),2012-08-01,M,monthly,20.9,percent
bi_consumer_survey.expenditure_share.saving.rp4_5juta,0000,Indonesia (national),2012-09-01,M,monthly,20.5,percent
bi_consumer_survey.expenditure_share.saving.rp4_5juta,0000,Indonesia (national),2012-10-01,M,monthly,19.2,percent
bi_consumer_survey.expenditure_share.saving.rp4_5juta,0000,Indonesia (national),2012-11-01,M,monthly,21.2,percent
bi_consumer_survey.expenditure_share.saving.rp4_5juta,0000,Indonesia (national),2012-12-01,M,monthly,18.6,percent
bi_consumer_survey.expenditure_share.saving.rp4_5juta,0000,Indonesia (national),2013-01-01,M,monthly,19.4,percent
bi_consumer_survey.expenditure_share.saving.rp4_5juta,0000,Indonesia (national),2013-02-01,M,monthly,19.8,percent
bi_consumer_survey.expenditure_share.saving.rp4_5juta,0000,Indonesia (national),2013-03-01,M,monthly,22.1,percent
bi_consumer_survey.expenditure_share.saving.rp4_5juta,0000,Indonesia (national),2013-04-01,M,monthly,21.0,percent
bi_consumer_survey.expenditure_share.saving.rp4_5juta,0000,Indonesia (national),2013-05-01,M,monthly,18.6,percent
bi_consumer_survey.expenditure_share.saving.rp4_5juta,0000,Indonesia (national),2013-06-01,M,monthly,20.8,percent
bi_consumer_survey.expenditure_share.saving.rp4_5juta,0000,Indonesia (national),2013-07-01,M,monthly,20.9,percent
bi_consumer_survey.expenditure_share.saving.rp4_5juta,0000,Indonesia (national),2013-08-01,M,monthly,18.7,percent
bi_consumer_survey.expenditure_share.saving.rp4_5juta,0000,Indonesia (national),2013-09-01,M,monthly,20.3,percent
bi_consumer_survey.expenditure_share.saving.rp4_5juta,0000,Indonesia (national),2013-10-01,M,monthly,19.7,percent
bi_consumer_survey.expenditure_share.saving.rp4_5juta,0000,Indonesia (national),2013-11-01,M,monthly,19.8,percent
bi_consumer_survey.expenditure_share.saving.rp4_5juta,0000,Indonesia (national),2013-12-01,M,monthly,18.7,percent
bi_consumer_survey.expenditure_share.saving.rp4_5juta,0000,Indonesia (national),2014-01-01,M,monthly,20.3,percent
bi_consumer_survey.expenditure_share.saving.rp4_5juta,0000,Indonesia (national),2014-02-01,M,monthly,20.0,percent
bi_consumer_survey.expenditure_share.saving.rp4_5juta,0000,Indonesia (national),2014-03-01,M,monthly,21.0,percent
bi_consumer_survey.expenditure_share.saving.rp4_5juta,0000,Indonesia (national),2014-04-01,M,monthly,20.8,percent
bi_consumer_survey.expenditure_share.saving.rp4_5juta,0000,Indonesia (national),2014-05-01,M,monthly,20.0,percent
bi_consumer_survey.expenditure_share.saving.rp4_5juta,0000,Indonesia (national),2014-06-01,M,monthly,22.1,percent
bi_consumer_survey.expenditure_share.saving.rp4_5juta,0000,Indonesia (national),2014-07-01,M,monthly,20.8,percent
bi_consumer_survey.expenditure_share.saving.rp4_5juta,0000,Indonesia (national),2014-08-01,M,monthly,18.4,percent
bi_consumer_survey.expenditure_share.saving.rp4_5juta,0000,Indonesia (national),2014-09-01,M,monthly,18.6,percent
bi_consumer_survey.expenditure_share.saving.rp4_5juta,0000,Indonesia (national),2014-10-01,M,monthly,20.5,percent
bi_consumer_survey.expenditure_share.saving.rp4_5juta,0000,Indonesia (national),2014-11-01,M,monthly,19.2,percent
bi_consumer_survey.expenditure_share.saving.rp4_5juta,0000,Indonesia (national),2014-12-01,M,monthly,18.9,percent
bi_consumer_survey.expenditure_share.saving.rp4_5juta,0000,Indonesia (national),2015-01-01,M,monthly,20.2,percent
bi_consumer_survey.expenditure_share.saving.rp4_5juta,0000,Indonesia (national),2015-02-01,M,monthly,20.5,percent
bi_consumer_survey.expenditure_share.saving.rp4_5juta,0000,Indonesia (national),2015-03-01,M,monthly,22.4,percent
bi_consumer_survey.expenditure_share.saving.rp4_5juta,0000,Indonesia (national),2015-04-01,M,monthly,20.1,percent
bi_consumer_survey.expenditure_share.saving.rp4_5juta,0000,Indonesia (national),2015-05-01,M,monthly,21.1,percent
bi_consumer_survey.expenditure_share.saving.rp4_5juta,0000,Indonesia (national),2015-06-01,M,monthly,20.2,percent
bi_consumer_survey.expenditure_share.saving.rp4_5juta,0000,Indonesia (national),2015-07-01,M,monthly,20.8,percent
bi_consumer_survey.expenditure_share.saving.rp4_5juta,0000,Indonesia (national),2015-08-01,M,monthly,20.6,percent
bi_consumer_survey.expenditure_share.saving.rp4_5juta,0000,Indonesia (national),2015-09-01,M,monthly,19.6,percent
bi_consumer_survey.expenditure_share.saving.rp4_5juta,0000,Indonesia (national),2015-10-01,M,monthly,19.7,percent
bi_consumer_survey.expenditure_share.saving.rp4_5juta,0000,Indonesia (national),2015-11-01,M,monthly,19.1,percent
bi_consumer_survey.expenditure_share.saving.rp4_5juta,0000,Indonesia (national),2015-12-01,M,monthly,18.6,percent
bi_consumer_survey.expenditure_share.saving.rp4_5juta,0000,Indonesia (national),2016-01-01,M,monthly,20.7,percent
bi_consumer_survey.expenditure_share.saving.rp4_5juta,0000,Indonesia (national),2016-02-01,M,monthly,19.3,percent
bi_consumer_survey.expenditure_share.saving.rp4_5juta,0000,Indonesia (national),2016-03-01,M,monthly,19.5,percent
bi_consumer_survey.expenditure_share.saving.rp4_5juta,0000,Indonesia (national),2016-04-01,M,monthly,22.2,percent
bi_consumer_survey.expenditure_share.saving.rp4_5juta,0000,Indonesia (national),2016-05-01,M,monthly,18.5,percent
bi_consumer_survey.expenditure_share.saving.rp4_5juta,0000,Indonesia (national),2016-06-01,M,monthly,20.1,percent
bi_consumer_survey.expenditure_share.saving.rp4_5juta,0000,Indonesia (national),2016-07-01,M,monthly,18.2,percent
bi_consumer_survey.expenditure_share.saving.rp4_5juta,0000,Indonesia (national),2016-08-01,M,monthly,18.5,percent
bi_consumer_survey.expenditure_share.saving.rp4_5juta,0000,Indonesia (national),2016-09-01,M,monthly,20.6,percent
bi_consumer_survey.expenditure_share.saving.rp4_5juta,0000,Indonesia (national),2016-10-01,M,monthly,19.3,percent
bi_consumer_survey.expenditure_share.saving.rp4_5juta,0000,Indonesia (national),2016-11-01,M,monthly,18.6,percent
bi_consumer_survey.expenditure_share.saving.rp4_5juta,0000,Indonesia (national),2016-12-01,M,monthly,19.4,percent
bi_consumer_survey.expenditure_share.saving.rp4_5juta,0000,Indonesia (national),2017-01-01,M,monthly,19.8,percent
bi_consumer_survey.expenditure_share.saving.rp4_5juta,0000,Indonesia (national),2017-02-01,M,monthly,19.2,percent
bi_consumer_survey.expenditure_share.saving.rp4_5juta,0000,Indonesia (national),2017-03-01,M,monthly,19.2,percent
bi_consumer_survey.expenditure_share.saving.rp4_5juta,0000,Indonesia (national),2017-04-01,M,monthly,19.0,percent
bi_consumer_survey.expenditure_share.saving.rp4_5juta,0000,Indonesia (national),2017-05-01,M,monthly,19.9,percent
bi_consumer_survey.expenditure_share.saving.rp4_5juta,0000,Indonesia (national),2017-06-01,M,monthly,20.9,percent
bi_consumer_survey.expenditure_share.saving.rp4_5juta,0000,Indonesia (national),2017-07-01,M,monthly,19.8,percent
bi_consumer_survey.expenditure_share.saving.rp4_5juta,0000,Indonesia (national),2017-08-01,M,monthly,20.3,percent
bi_consumer_survey.expenditure_share.saving.rp4_5juta,0000,Indonesia (national),2017-09-01,M,monthly,18.6,percent
bi_consumer_survey.expenditure_share.saving.rp4_5juta,0000,Indonesia (national),2017-10-01,M,monthly,19.0,percent
bi_consumer_survey.expenditure_share.saving.rp4_5juta,0000,Indonesia (national),2017-11-01,M,monthly,18.7,percent
bi_consumer_survey.expenditure_share.saving.rp4_5juta,0000,Indonesia (national),2017-12-01,M,monthly,18.9,percent
bi_consumer_survey.expenditure_share.saving.rp4_5juta,0000,Indonesia (national),2018-01-01,M,monthly,21.6,percent
bi_consumer_survey.expenditure_share.saving.rp4_5juta,0000,Indonesia (national),2018-02-01,M,monthly,22.1,percent
bi_consumer_survey.expenditure_share.saving.rp4_5juta,0000,Indonesia (national),2018-03-01,M,monthly,21.3,percent
bi_consumer_survey.expenditure_share.saving.rp4_5juta,0000,Indonesia (national),2018-04-01,M,monthly,19.4,percent
bi_consumer_survey.expenditure_share.saving.rp4_5juta,0000,Indonesia (national),2018-05-01,M,monthly,20.5,percent
bi_consumer_survey.expenditure_share.saving.rp4_5juta,0000,Indonesia (national),2018-06-01,M,monthly,20.5,percent
bi_consumer_survey.expenditure_share.saving.rp4_5juta,0000,Indonesia (national),2018-07-01,M,monthly,20.1,percent
bi_consumer_survey.expenditure_share.saving.rp4_5juta,0000,Indonesia (national),2018-08-01,M,monthly,19.6,percent
bi_consumer_survey.expenditure_share.saving.rp4_5juta,0000,Indonesia (national),2018-09-01,M,monthly,21.5,percent
bi_consumer_survey.expenditure_share.saving.rp4_5juta,0000,Indonesia (national),2018-10-01,M,monthly,19.3,percent
bi_consumer_survey.expenditure_share.saving.rp4_5juta,0000,Indonesia (national),2018-11-01,M,monthly,18.8,percent
bi_consumer_survey.expenditure_share.saving.rp4_5juta,0000,Indonesia (national),2018-12-01,M,monthly,20.2,percent
bi_consumer_survey.expenditure_share.saving.rp4_5juta,0000,Indonesia (national),2019-01-01,M,monthly,21.9,percent
bi_consumer_survey.expenditure_share.saving.rp4_5juta,0000,Indonesia (national),2019-02-01,M,monthly,18.8,percent
bi_consumer_survey.expenditure_share.saving.rp4_5juta,0000,Indonesia (national),2019-03-01,M,monthly,21.4,percent
bi_consumer_survey.expenditure_share.saving.rp4_5juta,0000,Indonesia (national),2019-04-01,M,monthly,19.7,percent
bi_consumer_survey.expenditure_share.saving.rp4_5juta,0000,Indonesia (national),2019-05-01,M,monthly,18.6,percent
bi_consumer_survey.expenditure_share.saving.rp4_5juta,0000,Indonesia (national),2019-06-01,M,monthly,19.7,percent
bi_consumer_survey.expenditure_share.saving.rp4_5juta,0000,Indonesia (national),2019-07-01,M,monthly,19.0,percent
bi_consumer_survey.expenditure_share.saving.rp4_5juta,0000,Indonesia (national),2019-08-01,M,monthly,19.1,percent
bi_consumer_survey.expenditure_share.saving.rp4_5juta,0000,Indonesia (national),2019-09-01,M,monthly,19.7,percent
bi_consumer_survey.expenditure_share.saving.rp4_5juta,0000,Indonesia (national),2019-10-01,M,monthly,21.2,percent
bi_consumer_survey.expenditure_share.saving.rp4_5juta,0000,Indonesia (national),2019-11-01,M,monthly,18.3,percent
bi_consumer_survey.expenditure_share.saving.rp4_5juta,0000,Indonesia (national),2019-12-01,M,monthly,19.5,percent
bi_consumer_survey.expenditure_share.saving.rp4_5juta,0000,Indonesia (national),2020-01-01,M,monthly,18.9,percent
bi_consumer_survey.expenditure_share.saving.rp4_5juta,0000,Indonesia (national),2020-02-01,M,monthly,17.7,percent
bi_consumer_survey.expenditure_share.saving.rp4_5juta,0000,Indonesia (national),2020-03-01,M,monthly,18.7,percent
bi_consumer_survey.expenditure_share.saving.rp4_5juta,0000,Indonesia (national),2020-08-01,M,monthly,20.7,percent
bi_consumer_survey.expenditure_share.saving.rp4_5juta,0000,Indonesia (national),2020-09-01,M,monthly,21.1,percent
bi_consumer_survey.expenditure_share.saving.rp4_5juta,0000,Indonesia (national),2020-10-01,M,monthly,20.2,percent
bi_consumer_survey.expenditure_share.saving.rp4_5juta,0000,Indonesia (national),2020-11-01,M,monthly,19.3,percent
bi_consumer_survey.expenditure_share.saving.rp4_5juta,0000,Indonesia (national),2020-12-01,M,monthly,23.1,percent
bi_consumer_survey.expenditure_share.saving.rp4_5juta,0000,Indonesia (national),2021-01-01,M,monthly,16.3,percent
bi_consumer_survey.expenditure_share.saving.rp4_5juta,0000,Indonesia (national),2021-02-01,M,monthly,15.7,percent
bi_consumer_survey.expenditure_share.saving.rp4_5juta,0000,Indonesia (national),2021-03-01,M,monthly,15.2,percent
bi_consumer_survey.expenditure_share.saving.rp4_5juta,0000,Indonesia (national),2021-04-01,M,monthly,16.1,percent
bi_consumer_survey.expenditure_share.saving.rp4_5juta,0000,Indonesia (national),2021-05-01,M,monthly,16.4,percent
bi_consumer_survey.expenditure_share.saving.rp4_5juta,0000,Indonesia (national),2021-06-01,M,monthly,16.1,percent
bi_consumer_survey.expenditure_share.saving.rp4_5juta,0000,Indonesia (national),2021-07-01,M,monthly,15.5,percent
bi_consumer_survey.expenditure_share.saving.rp4_5juta,0000,Indonesia (national),2021-08-01,M,monthly,16.8,percent
bi_consumer_survey.expenditure_share.saving.rp4_5juta,0000,Indonesia (national),2021-09-01,M,monthly,14.9,percent
bi_consumer_survey.expenditure_share.saving.rp4_5juta,0000,Indonesia (national),2021-10-01,M,monthly,15.0,percent
bi_consumer_survey.expenditure_share.saving.rp4_5juta,0000,Indonesia (national),2021-11-01,M,monthly,16.2,percent
bi_consumer_survey.expenditure_share.saving.rp4_5juta,0000,Indonesia (national),2021-12-01,M,monthly,14.9,percent
bi_consumer_survey.expenditure_share.saving.rp4_5juta,0000,Indonesia (national),2022-01-01,M,monthly,15.3,percent
bi_consumer_survey.expenditure_share.saving.rp4_5juta,0000,Indonesia (national),2022-02-01,M,monthly,16.7,percent
bi_consumer_survey.expenditure_share.saving.rp4_5juta,0000,Indonesia (national),2022-03-01,M,monthly,18.9,percent
bi_consumer_survey.expenditure_share.saving.rp4_5juta,0000,Indonesia (national),2022-04-01,M,monthly,17.8,percent
bi_consumer_survey.expenditure_share.saving.rp4_5juta,0000,Indonesia (national),2022-05-01,M,monthly,16.0,percent
bi_consumer_survey.expenditure_share.saving.rp4_5juta,0000,Indonesia (national),2022-06-01,M,monthly,18.1,percent
bi_consumer_survey.expenditure_share.saving.rp4_5juta,0000,Indonesia (national),2022-07-01,M,monthly,17.8,percent
bi_consumer_survey.expenditure_share.saving.rp4_5juta,0000,Indonesia (national),2022-08-01,M,monthly,17.3,percent
bi_consumer_survey.expenditure_share.saving.rp4_5juta,0000,Indonesia (national),2022-09-01,M,monthly,16.5,percent
bi_consumer_survey.expenditure_share.saving.rp4_5juta,0000,Indonesia (national),2022-10-01,M,monthly,15.7,percent
bi_consumer_survey.expenditure_share.saving.rp4_5juta,0000,Indonesia (national),2022-11-01,M,monthly,17.9,percent
bi_consumer_survey.expenditure_share.saving.rp4_5juta,0000,Indonesia (national),2022-12-01,M,monthly,16.3,percent
bi_consumer_survey.expenditure_share.saving.rp4_5juta,0000,Indonesia (national),2023-01-01,M,monthly,18.8,percent
bi_consumer_survey.expenditure_share.saving.rp4_5juta,0000,Indonesia (national),2023-02-01,M,monthly,17.5,percent
bi_consumer_survey.expenditure_share.saving.rp4_5juta,0000,Indonesia (national),2023-03-01,M,monthly,17.2,percent
bi_consumer_survey.expenditure_share.saving.rp4_5juta,0000,Indonesia (national),2023-04-01,M,monthly,17.4,percent
bi_consumer_survey.expenditure_share.saving.rp4_5juta,0000,Indonesia (national),2023-05-01,M,monthly,15.3,percent
bi_consumer_survey.expenditure_share.saving.rp4_5juta,0000,Indonesia (national),2023-06-01,M,monthly,15.7,percent
bi_consumer_survey.expenditure_share.saving.rp4_5juta,0000,Indonesia (national),2023-07-01,M,monthly,16.8,percent
bi_consumer_survey.expenditure_share.saving.rp4_5juta,0000,Indonesia (national),2023-08-01,M,monthly,17.9,percent
bi_consumer_survey.expenditure_share.saving.rp4_5juta,0000,Indonesia (national),2023-09-01,M,monthly,16.6,percent
bi_consumer_survey.expenditure_share.saving.rp4_5juta,0000,Indonesia (national),2023-10-01,M,monthly,16.6,percent
bi_consumer_survey.expenditure_share.saving.rp4_5juta,0000,Indonesia (national),2023-11-01,M,monthly,17.0,percent
bi_consumer_survey.expenditure_share.saving.rp4_5juta,0000,Indonesia (national),2023-12-01,M,monthly,17.2,percent
bi_consumer_survey.expenditure_share.saving.rp4_5juta,0000,Indonesia (national),2024-01-01,M,monthly,17.5,percent
bi_consumer_survey.expenditure_share.saving.rp4_5juta,0000,Indonesia (national),2024-02-01,M,monthly,17.9,percent
bi_consumer_survey.expenditure_share.saving.rp4_5juta,0000,Indonesia (national),2024-03-01,M,monthly,17.5,percent
bi_consumer_survey.expenditure_share.saving.rp4_5juta,0000,Indonesia (national),2024-04-01,M,monthly,18.5,percent
bi_consumer_survey.expenditure_share.saving.rp4_5juta,0000,Indonesia (national),2024-05-01,M,monthly,17.6,percent
bi_consumer_survey.expenditure_share.saving.rp4_5juta,0000,Indonesia (national),2024-06-01,M,monthly,17.3,percent
bi_consumer_survey.expenditure_share.saving.rp4_5juta,0000,Indonesia (national),2024-07-01,M,monthly,16.1,percent
bi_consumer_survey.expenditure_share.saving.rp4_5juta,0000,Indonesia (national),2024-08-01,M,monthly,17.2,percent
bi_consumer_survey.expenditure_share.saving.rp4_5juta,0000,Indonesia (national),2024-09-01,M,monthly,15.4,percent
bi_consumer_survey.expenditure_share.saving.rp4_5juta,0000,Indonesia (national),2024-10-01,M,monthly,14.3,percent
bi_consumer_survey.expenditure_share.saving.rp4_5juta,0000,Indonesia (national),2024-11-01,M,monthly,14.5,percent
bi_consumer_survey.expenditure_share.saving.rp4_5juta,0000,Indonesia (national),2024-12-01,M,monthly,15.7,percent
bi_consumer_survey.expenditure_share.saving.rp4_5juta,0000,Indonesia (national),2025-01-01,M,monthly,16.4,percent
bi_consumer_survey.expenditure_share.saving.rp4_5juta,0000,Indonesia (national),2025-02-01,M,monthly,15.7,percent
bi_consumer_survey.expenditure_share.saving.rp4_5juta,0000,Indonesia (national),2025-03-01,M,monthly,14.7,percent
bi_consumer_survey.expenditure_share.saving.rp4_5juta,0000,Indonesia (national),2025-04-01,M,monthly,14.8,percent
bi_consumer_survey.expenditure_share.saving.rp4_5juta,0000,Indonesia (national),2025-05-01,M,monthly,15.3,percent
bi_consumer_survey.expenditure_share.saving.rp4_5juta,0000,Indonesia (national),2025-06-01,M,monthly,13.7,percent
bi_consumer_survey.expenditure_share.saving.rp4_5juta,0000,Indonesia (national),2025-07-01,M,monthly,13.9,percent
bi_consumer_survey.expenditure_share.saving.rp4_5juta,0000,Indonesia (national),2025-08-01,M,monthly,13.7,percent
bi_consumer_survey.expenditure_share.saving.rp4_5juta,0000,Indonesia (national),2025-09-01,M,monthly,13.2,percent
bi_consumer_survey.expenditure_share.saving.rp4_5juta,0000,Indonesia (national),2025-10-01,M,monthly,14.1,percent
bi_consumer_survey.expenditure_share.saving.rp4_5juta,0000,Indonesia (national),2025-11-01,M,monthly,14.6,percent
bi_consumer_survey.expenditure_share.saving.rp4_5juta,0000,Indonesia (national),2025-12-01,M,monthly,15.7,percent
bi_consumer_survey.expenditure_share.saving.rp4_5juta,0000,Indonesia (national),2026-01-01,M,monthly,14.8,percent
bi_consumer_survey.expenditure_share.saving.rp4_5juta,0000,Indonesia (national),2026-02-01,M,monthly,16.1,percent
bi_consumer_survey.expenditure_share.saving.rp4_5juta,0000,Indonesia (national),2026-03-01,M,monthly,18.0,percent
bi_consumer_survey.expenditure_share.saving.rp4_5juta,0000,Indonesia (national),2026-04-01,M,monthly,18.6,percent
bi_consumer_survey.expenditure_share.saving.rp4_5juta,0000,Indonesia (national),2026-05-01,M,monthly,18.7,percent
bi_consumer_survey.expenditure_share.saving.rp4_5juta,0000,Indonesia (national),2026-06-01,M,monthly,16.9,percent
bi_consumer_survey.expenditure_share.saving.rp4_5juta,0000,Indonesia (national),2026-07-01,M,monthly,15.9,percent
bi_consumer_survey.expenditure_share.saving.rp4_5juta,0000,Indonesia (national),2026-08-01,M,monthly,16.2,percent
bi_consumer_survey.iek,0000,Indonesia (national),2012-01-01,M,monthly,127.5,index
bi_consumer_survey.iek,0000,Indonesia (national),2012-02-01,M,monthly,120.0,index
bi_consumer_survey.iek,0000,Indonesia (national),2012-03-01,M,monthly,112.1,index
bi_consumer_survey.iek,0000,Indonesia (national),2012-04-01,M,monthly,107.5,index
bi_consumer_survey.iek,0000,Indonesia (national),2012-05-01,M,monthly,114.3,index
bi_consumer_survey.iek,0000,Indonesia (national),2012-06-01,M,monthly,121.2,index
bi_consumer_survey.iek,0000,Indonesia (national),2012-07-01,M,monthly,122.0,index
bi_consumer_survey.iek,0000,Indonesia (national),2012-08-01,M,monthly,124.3,index
bi_consumer_survey.iek,0000,Indonesia (national),2012-09-01,M,monthly,125.3,index
bi_consumer_survey.iek,0000,Indonesia (national),2012-10-01,M,monthly,127.3,index
bi_consumer_survey.iek,0000,Indonesia (national),2012-11-01,M,monthly,127.2,index
bi_consumer_survey.iek,0000,Indonesia (national),2012-12-01,M,monthly,122.6,index
bi_consumer_survey.iek,0000,Indonesia (national),2013-01-01,M,monthly,124.1,index
bi_consumer_survey.iek,0000,Indonesia (national),2013-02-01,M,monthly,123.8,index
bi_consumer_survey.iek,0000,Indonesia (national),2013-03-01,M,monthly,124.3,index
bi_consumer_survey.iek,0000,Indonesia (national),2013-04-01,M,monthly,121.2,index
bi_consumer_survey.iek,0000,Indonesia (national),2013-05-01,M,monthly,117.2,index
bi_consumer_survey.iek,0000,Indonesia (national),2013-06-01,M,monthly,122.0,index
bi_consumer_survey.iek,0000,Indonesia (national),2013-07-01,M,monthly,111.4,index
bi_consumer_survey.iek,0000,Indonesia (national),2013-08-01,M,monthly,110.8,index
bi_consumer_survey.iek,0000,Indonesia (national),2013-09-01,M,monthly,108.6,index
bi_consumer_survey.iek,0000,Indonesia (national),2013-10-01,M,monthly,113.7,index
bi_consumer_survey.iek,0000,Indonesia (national),2013-11-01,M,monthly,121.4,index
bi_consumer_survey.iek,0000,Indonesia (national),2013-12-01,M,monthly,121.3,index
bi_consumer_survey.iek,0000,Indonesia (national),2014-01-01,M,monthly,122.4,index
bi_consumer_survey.iek,0000,Indonesia (national),2014-02-01,M,monthly,120.7,index
bi_consumer_survey.iek,0000,Indonesia (national),2014-03-01,M,monthly,123.9,index
bi_consumer_survey.iek,0000,Indonesia (national),2014-04-01,M,monthly,118.9,index
bi_consumer_survey.iek,0000,Indonesia (national),2014-05-01,M,monthly,121.5,index
bi_consumer_survey.iek,0000,Indonesia (national),2014-06-01,M,monthly,121.4,index
bi_consumer_survey.iek,0000,Indonesia (national),2014-07-01,M,monthly,125.7,index
bi_consumer_survey.iek,0000,Indonesia (national),2014-08-01,M,monthly,124.8,index
bi_consumer_survey.iek,0000,Indonesia (national),2014-09-01,M,monthly,123.7,index
bi_consumer_survey.iek,0000,Indonesia (national),2014-10-01,M,monthly,128.0,index
bi_consumer_survey.iek,0000,Indonesia (national),2014-11-01,M,monthly,126.1,index
bi_consumer_survey.iek,0000,Indonesia (national),2014-12-01,M,monthly,122.8,index
bi_consumer_survey.iek,0000,Indonesia (national),2015-01-01,M,monthly,130.7,index
bi_consumer_survey.iek,0000,Indonesia (national),2015-02-01,M,monthly,130.2,index
bi_consumer_survey.iek,0000,Indonesia (national),2015-03-01,M,monthly,126.2,index
bi_consumer_survey.iek,0000,Indonesia (national),2015-04-01,M,monthly,115.9,index
bi_consumer_survey.iek,0000,Indonesia (national),2015-05-01,M,monthly,122.9,index
bi_consumer_survey.iek,0000,Indonesia (national),2015-06-01,M,monthly,122.4,index
bi_consumer_survey.iek,0000,Indonesia (national),2015-07-01,M,monthly,120.9,index
bi_consumer_survey.iek,0000,Indonesia (national),2015-08-01,M,monthly,124.0,index
bi_consumer_survey.iek,0000,Indonesia (national),2015-09-01,M,monthly,107.2,index
bi_consumer_survey.iek,0000,Indonesia (national),2015-10-01,M,monthly,111.2,index
bi_consumer_survey.iek,0000,Indonesia (national),2015-11-01,M,monthly,114.8,index
bi_consumer_survey.iek,0000,Indonesia (national),2015-12-01,M,monthly,121.0,index
bi_consumer_survey.iek,0000,Indonesia (national),2016-01-01,M,monthly,125.4,index
bi_consumer_survey.iek,0000,Indonesia (national),2016-02-01,M,monthly,121.3,index
bi_consumer_survey.iek,0000,Indonesia (national),2016-03-01,M,monthly,123.1,index
bi_consumer_survey.iek,0000,Indonesia (national),2016-04-01,M,monthly,123.2,index
bi_consumer_survey.iek,0000,Indonesia (national),2016-05-01,M,monthly,127.7,index
bi_consumer_survey.iek,0000,Indonesia (national),2016-06-01,M,monthly,127.6,index
bi_consumer_survey.iek,0000,Indonesia (national),2016-07-01,M,monthly,127.1,index
bi_consumer_survey.iek,0000,Indonesia (national),2016-08-01,M,monthly,129.5,index
bi_consumer_survey.iek,0000,Indonesia (national),2016-09-01,M,monthly,124.0,index
bi_consumer_survey.iek,0000,Indonesia (national),2016-10-01,M,monthly,130.4,index
bi_consumer_survey.iek,0000,Indonesia (national),2016-11-01,M,monthly,129.0,index
bi_consumer_survey.iek,0000,Indonesia (national),2016-12-01,M,monthly,128.0,index
bi_consumer_survey.iek,0000,Indonesia (national),2017-01-01,M,monthly,126.4,index
bi_consumer_survey.iek,0000,Indonesia (national),2017-02-01,M,monthly,129.1,index
bi_consumer_survey.iek,0000,Indonesia (national),2017-03-01,M,monthly,134.4,index
bi_consumer_survey.iek,0000,Indonesia (national),2017-04-01,M,monthly,135.4,index
bi_consumer_survey.iek,0000,Indonesia (national),2017-05-01,M,monthly,136.9,index
bi_consumer_survey.iek,0000,Indonesia (national),2017-06-01,M,monthly,131.0,index
bi_consumer_survey.iek,0000,Indonesia (national),2017-07-01,M,monthly,133.6,index
bi_consumer_survey.iek,0000,Indonesia (national),2017-08-01,M,monthly,133.2,index
bi_consumer_survey.iek,0000,Indonesia (national),2017-09-01,M,monthly,137.2,index
bi_consumer_survey.iek,0000,Indonesia (national),2017-10-01,M,monthly,133.8,index
bi_consumer_survey.iek,0000,Indonesia (national),2017-11-01,M,monthly,134.8,index
bi_consumer_survey.iek,0000,Indonesia (national),2017-12-01,M,monthly,137.6,index
bi_consumer_survey.iek,0000,Indonesia (national),2018-01-01,M,monthly,137.4,index
bi_consumer_survey.iek,0000,Indonesia (national),2018-02-01,M,monthly,132.8,index
bi_consumer_survey.iek,0000,Indonesia (national),2018-03-01,M,monthly,133.0,index
bi_consumer_survey.iek,0000,Indonesia (national),2018-04-01,M,monthly,134.3,index
bi_consumer_survey.iek,0000,Indonesia (national),2018-05-01,M,monthly,134.1,index
bi_consumer_survey.iek,0000,Indonesia (national),2018-06-01,M,monthly,135.4,index
bi_consumer_survey.iek,0000,Indonesia (national),2018-07-01,M,monthly,134.7,index
bi_consumer_survey.iek,0000,Indonesia (national),2018-08-01,M,monthly,133.9,index
bi_consumer_survey.iek,0000,Indonesia (national),2018-09-01,M,monthly,134.5,index
bi_consumer_survey.iek,0000,Indonesia (national),2018-10-01,M,monthly,132.2,index
bi_consumer_survey.iek,0000,Indonesia (national),2018-11-01,M,monthly,136.4,index
bi_consumer_survey.iek,0000,Indonesia (national),2018-12-01,M,monthly,142.1,index
bi_consumer_survey.iek,0000,Indonesia (national),2019-01-01,M,monthly,140.6,index
bi_consumer_survey.iek,0000,Indonesia (national),2019-02-01,M,monthly,140.9,index
bi_consumer_survey.iek,0000,Indonesia (national),2019-03-01,M,monthly,140.2,index
bi_consumer_survey.iek,0000,Indonesia (national),2019-04-01,M,monthly,144.8,index
bi_consumer_survey.iek,0000,Indonesia (national),2019-05-01,M,monthly,142.9,index
bi_consumer_survey.iek,0000,Indonesia (national),2019-06-01,M,monthly,138.1,index
bi_consumer_survey.iek,0000,Indonesia (national),2019-07-01,M,monthly,138.4,index
bi_consumer_survey.iek,0000,Indonesia (national),2019-08-01,M,monthly,136.0,index
bi_consumer_survey.iek,0000,Indonesia (national),2019-09-01,M,monthly,136.2,index
bi_consumer_survey.iek,0000,Indonesia (national),2019-10-01,M,monthly,132.0,index
bi_consumer_survey.iek,0000,Indonesia (national),2019-11-01,M,monthly,139.1,index
bi_consumer_survey.iek,0000,Indonesia (national),2019-12-01,M,monthly,139.6,index
bi_consumer_survey.iek,0000,Indonesia (national),2020-01-01,M,monthly,133.7,index
bi_consumer_survey.iek,0000,Indonesia (national),2020-02-01,M,monthly,129.8,index
bi_consumer_survey.iek,0000,Indonesia (national),2020-03-01,M,monthly,124.3,index
bi_consumer_survey.iek,0000,Indonesia (national),2020-04-01,M,monthly,106.8,index
bi_consumer_survey.iek,0000,Indonesia (national),2020-05-01,M,monthly,104.9,index
bi_consumer_survey.iek,0000,Indonesia (national),2020-06-01,M,monthly,121.8,index
bi_consumer_survey.iek,0000,Indonesia (national),2020-07-01,M,monthly,121.7,index
bi_consumer_survey.iek,0000,Indonesia (national),2020-08-01,M,monthly,118.2,index
bi_consumer_survey.iek,0000,Indonesia (national),2020-09-01,M,monthly,112.6,index
bi_consumer_survey.iek,0000,Indonesia (national),2020-10-01,M,monthly,106.6,index
bi_consumer_survey.iek,0000,Indonesia (national),2020-11-01,M,monthly,123.9,index
bi_consumer_survey.iek,0000,Indonesia (national),2020-12-01,M,monthly,124.3,index
bi_consumer_survey.iek,0000,Indonesia (national),2021-01-01,M,monthly,106.7,index
bi_consumer_survey.iek,0000,Indonesia (national),2021-02-01,M,monthly,106.5,index
bi_consumer_survey.iek,0000,Indonesia (national),2021-03-01,M,monthly,114.1,index
bi_consumer_survey.iek,0000,Indonesia (national),2021-04-01,M,monthly,122.6,index
bi_consumer_survey.iek,0000,Indonesia (national),2021-05-01,M,monthly,122.1,index
bi_consumer_survey.iek,0000,Indonesia (national),2021-06-01,M,monthly,124.4,index
bi_consumer_survey.iek,0000,Indonesia (national),2021-07-01,M,monthly,93.2,index
bi_consumer_survey.iek,0000,Indonesia (national),2021-08-01,M,monthly,95.3,index
bi_consumer_survey.iek,0000,Indonesia (national),2021-09-01,M,monthly,118.2,index
bi_consumer_survey.iek,0000,Indonesia (national),2021-10-01,M,monthly,134.9,index
bi_consumer_survey.iek,0000,Indonesia (national),2021-11-01,M,monthly,137.8,index
bi_consumer_survey.iek,0000,Indonesia (national),2021-12-01,M,monthly,136.8,index
bi_consumer_survey.iek,0000,Indonesia (national),2022-01-01,M,monthly,138.3,index
bi_consumer_survey.iek,0000,Indonesia (national),2022-02-01,M,monthly,130.8,index
bi_consumer_survey.iek,0000,Indonesia (national),2022-03-01,M,monthly,128.1,index
bi_consumer_survey.iek,0000,Indonesia (national),2022-04-01,M,monthly,127.2,index
bi_consumer_survey.iek,0000,Indonesia (national),2022-05-01,M,monthly,141.5,index
bi_consumer_survey.iek,0000,Indonesia (national),2022-06-01,M,monthly,141.8,index
bi_consumer_survey.iek,0000,Indonesia (national),2022-07-01,M,monthly,135.5,index
bi_consumer_survey.iek,0000,Indonesia (national),2022-08-01,M,monthly,137.7,index
bi_consumer_survey.iek,0000,Indonesia (national),2022-09-01,M,monthly,126.1,index
bi_consumer_survey.iek,0000,Indonesia (national),2022-10-01,M,monthly,128.3,index
bi_consumer_survey.iek,0000,Indonesia (national),2022-11-01,M,monthly,127.9,index
bi_consumer_survey.iek,0000,Indonesia (national),2022-12-01,M,monthly,127.3,index
bi_consumer_survey.iek,0000,Indonesia (national),2023-01-01,M,monthly,133.9,index
bi_consumer_survey.iek,0000,Indonesia (national),2023-02-01,M,monthly,132.5,index
bi_consumer_survey.iek,0000,Indonesia (national),2023-03-01,M,monthly,133.5,index
bi_consumer_survey.iek,0000,Indonesia (national),2023-04-01,M,monthly,135.5,index
bi_consumer_survey.iek,0000,Indonesia (national),2023-05-01,M,monthly,137.8,index
bi_consumer_survey.iek,0000,Indonesia (national),2023-06-01,M,monthly,137.5,index
bi_consumer_survey.iek,0000,Indonesia (national),2023-07-01,M,monthly,133.2,index
bi_consumer_survey.iek,0000,Indonesia (national),2023-08-01,M,monthly,135.0,index
bi_consumer_survey.iek,0000,Indonesia (national),2023-09-01,M,monthly,131.3,index
bi_consumer_survey.iek,0000,Indonesia (national),2023-10-01,M,monthly,134.2,index
bi_consumer_survey.iek,0000,Indonesia (national),2023-11-01,M,monthly,134.2,index
bi_consumer_survey.iek,0000,Indonesia (national),2023-12-01,M,monthly,133.9,index
bi_consumer_survey.iek,0000,Indonesia (national),2024-01-01,M,monthly,134.5,index
bi_consumer_survey.iek,0000,Indonesia (national),2024-02-01,M,monthly,135.3,index
bi_consumer_survey.iek,0000,Indonesia (national),2024-03-01,M,monthly,133.8,index
bi_consumer_survey.iek,0000,Indonesia (national),2024-04-01,M,monthly,136.0,index
bi_consumer_survey.iek,0000,Indonesia (national),2024-05-01,M,monthly,135.0,index
bi_consumer_survey.iek,0000,Indonesia (national),2024-06-01,M,monthly,133.8,index
bi_consumer_survey.iek,0000,Indonesia (national),2024-07-01,M,monthly,133.3,index
bi_consumer_survey.iek,0000,Indonesia (national),2024-08-01,M,monthly,134.9,index
bi_consumer_survey.iek,0000,Indonesia (national),2024-09-01,M,monthly,133.1,index
bi_consumer_survey.iek,0000,Indonesia (national),2024-10-01,M,monthly,132.4,index
bi_consumer_survey.iek,0000,Indonesia (national),2024-11-01,M,monthly,138.3,index
bi_consumer_survey.iek,0000,Indonesia (national),2024-12-01,M,monthly,139.5,index
bi_consumer_survey.iek,0000,Indonesia (national),2025-01-01,M,monthly,140.8,index
bi_consumer_survey.iek,0000,Indonesia (national),2025-02-01,M,monthly,138.7,index
bi_consumer_survey.iek,0000,Indonesia (national),2025-03-01,M,monthly,131.7,index
bi_consumer_survey.iek,0000,Indonesia (national),2025-04-01,M,monthly,129.8,index
bi_consumer_survey.iek,0000,Indonesia (national),2025-05-01,M,monthly,129.0,index
bi_consumer_survey.iek,0000,Indonesia (national),2025-06-01,M,monthly,128.9,index
bi_consumer_survey.iek,0000,Indonesia (national),2025-07-01,M,monthly,129.6,index
bi_consumer_survey.iek,0000,Indonesia (national),2025-08-01,M,monthly,129.2,index
bi_consumer_survey.iek,0000,Indonesia (national),2025-09-01,M,monthly,127.2,index
bi_consumer_survey.iek,0000,Indonesia (national),2025-10-01,M,monthly,133.4,index
bi_consumer_survey.iek,0000,Indonesia (national),2025-11-01,M,monthly,136.6,index
bi_consumer_survey.iek,0000,Indonesia (national),2025-12-01,M,monthly,135.6,index
bi_consumer_survey.iek,0000,Indonesia (national),2026-01-01,M,monthly,138.8,index
bi_consumer_survey.iek,0000,Indonesia (national),2026-02-01,M,monthly,134.4,index
bi_consumer_survey.iek,0000,Indonesia (national),2026-03-01,M,monthly,130.4,index
bi_consumer_survey.iek,0000,Indonesia (national),2026-04-01,M,monthly,129.6,index
bi_consumer_survey.iek,0000,Indonesia (national),2026-05-01,M,monthly,129.7,index
bi_consumer_survey.iek,0000,Indonesia (national),2026-06-01,M,monthly,126.4,index
bi_consumer_survey.iek,0000,Indonesia (national),2026-07-01,M,monthly,125.7,index
bi_consumer_survey.iek,0000,Indonesia (national),2026-08-01,M,monthly,127.6,index
bi_consumer_survey.ieklk,0000,Indonesia (national),2012-01-01,M,monthly,109.6,index
bi_consumer_survey.ieklk,0000,Indonesia (national),2012-02-01,M,monthly,100.2,index
bi_consumer_survey.ieklk,0000,Indonesia (national),2012-03-01,M,monthly,94.3,index
bi_consumer_survey.ieklk,0000,Indonesia (national),2012-04-01,M,monthly,90.2,index
bi_consumer_survey.ieklk,0000,Indonesia (national),2012-05-01,M,monthly,94.2,index
bi_consumer_survey.ieklk,0000,Indonesia (national),2012-06-01,M,monthly,105.9,index
bi_consumer_survey.ieklk,0000,Indonesia (national),2012-07-01,M,monthly,102.6,index
bi_consumer_survey.ieklk,0000,Indonesia (national),2012-08-01,M,monthly,107.9,index
bi_consumer_survey.ieklk,0000,Indonesia (national),2012-09-01,M,monthly,108.4,index
bi_consumer_survey.ieklk,0000,Indonesia (national),2012-10-01,M,monthly,112.4,index
bi_consumer_survey.ieklk,0000,Indonesia (national),2012-11-01,M,monthly,107.7,index
bi_consumer_survey.ieklk,0000,Indonesia (national),2012-12-01,M,monthly,102.2,index
bi_consumer_survey.ieklk,0000,Indonesia (national),2013-01-01,M,monthly,104.3,index
bi_consumer_survey.ieklk,0000,Indonesia (national),2013-02-01,M,monthly,103.8,index
bi_consumer_survey.ieklk,0000,Indonesia (national),2013-03-01,M,monthly,105.1,index
bi_consumer_survey.ieklk,0000,Indonesia (national),2013-04-01,M,monthly,102.6,index
bi_consumer_survey.ieklk,0000,Indonesia (national),2013-05-01,M,monthly,99.4,index
bi_consumer_survey.ieklk,0000,Indonesia (national),2013-06-01,M,monthly,106.5,index
bi_consumer_survey.ieklk,0000,Indonesia (national),2013-07-01,M,monthly,94.2,index
bi_consumer_survey.ieklk,0000,Indonesia (national),2013-08-01,M,monthly,91.6,index
bi_consumer_survey.ieklk,0000,Indonesia (national),2013-09-01,M,monthly,91.0,index
bi_consumer_survey.ieklk,0000,Indonesia (national),2013-10-01,M,monthly,96.0,index
bi_consumer_survey.ieklk,0000,Indonesia (national),2013-11-01,M,monthly,101.2,index
bi_consumer_survey.ieklk,0000,Indonesia (national),2013-12-01,M,monthly,104.7,index
bi_consumer_survey.ieklk,0000,Indonesia (national),2014-01-01,M,monthly,106.8,index
bi_consumer_survey.ieklk,0000,Indonesia (national),2014-02-01,M,monthly,105.7,index
bi_consumer_survey.ieklk,0000,Indonesia (national),2014-03-01,M,monthly,110.4,index
bi_consumer_survey.ieklk,0000,Indonesia (national),2014-04-01,M,monthly,106.2,index
bi_consumer_survey.ieklk,0000,Indonesia (national),2014-05-01,M,monthly,108.7,index
bi_consumer_survey.ieklk,0000,Indonesia (national),2014-06-01,M,monthly,106.8,index
bi_consumer_survey.ieklk,0000,Indonesia (national),2014-07-01,M,monthly,110.7,index
bi_consumer_survey.ieklk,0000,Indonesia (national),2014-08-01,M,monthly,112.0,index
bi_consumer_survey.ieklk,0000,Indonesia (national),2014-09-01,M,monthly,114.2,index
bi_consumer_survey.ieklk,0000,Indonesia (national),2014-10-01,M,monthly,118.7,index
bi_consumer_survey.ieklk,0000,Indonesia (national),2014-11-01,M,monthly,116.1,index
bi_consumer_survey.ieklk,0000,Indonesia (national),2014-12-01,M,monthly,113.9,index
bi_consumer_survey.ieklk,0000,Indonesia (national),2015-01-01,M,monthly,114.7,index
bi_consumer_survey.ieklk,0000,Indonesia (national),2015-02-01,M,monthly,113.6,index
bi_consumer_survey.ieklk,0000,Indonesia (national),2015-03-01,M,monthly,110.5,index
bi_consumer_survey.ieklk,0000,Indonesia (national),2015-04-01,M,monthly,101.7,index
bi_consumer_survey.ieklk,0000,Indonesia (national),2015-05-01,M,monthly,107.5,index
bi_consumer_survey.ieklk,0000,Indonesia (national),2015-06-01,M,monthly,105.9,index
bi_consumer_survey.ieklk,0000,Indonesia (national),2015-07-01,M,monthly,104.7,index
bi_consumer_survey.ieklk,0000,Indonesia (national),2015-08-01,M,monthly,107.3,index
bi_consumer_survey.ieklk,0000,Indonesia (national),2015-09-01,M,monthly,85.7,index
bi_consumer_survey.ieklk,0000,Indonesia (national),2015-10-01,M,monthly,92.4,index
bi_consumer_survey.ieklk,0000,Indonesia (national),2015-11-01,M,monthly,96.8,index
bi_consumer_survey.ieklk,0000,Indonesia (national),2015-12-01,M,monthly,103.5,index
bi_consumer_survey.ieklk,0000,Indonesia (national),2016-01-01,M,monthly,105.0,index
bi_consumer_survey.ieklk,0000,Indonesia (national),2016-02-01,M,monthly,98.4,index
bi_consumer_survey.ieklk,0000,Indonesia (national),2016-03-01,M,monthly,102.7,index
bi_consumer_survey.ieklk,0000,Indonesia (national),2016-04-01,M,monthly,105.0,index
bi_consumer_survey.ieklk,0000,Indonesia (national),2016-05-01,M,monthly,110.8,index
bi_consumer_survey.ieklk,0000,Indonesia (national),2016-06-01,M,monthly,115.6,index
bi_consumer_survey.ieklk,0000,Indonesia (national),2016-07-01,M,monthly,110.5,index
bi_consumer_survey.ieklk,0000,Indonesia (national),2016-08-01,M,monthly,111.1,index
bi_consumer_survey.ieklk,0000,Indonesia (national),2016-09-01,M,monthly,104.7,index
bi_consumer_survey.ieklk,0000,Indonesia (national),2016-10-01,M,monthly,114.5,index
bi_consumer_survey.ieklk,0000,Indonesia (national),2016-11-01,M,monthly,110.5,index
bi_consumer_survey.ieklk,0000,Indonesia (national),2016-12-01,M,monthly,110.4,index
bi_consumer_survey.ieklk,0000,Indonesia (national),2017-01-01,M,monthly,111.3,index
bi_consumer_survey.ieklk,0000,Indonesia (national),2017-02-01,M,monthly,117.0,index
bi_consumer_survey.ieklk,0000,Indonesia (national),2017-03-01,M,monthly,123.1,index
bi_consumer_survey.ieklk,0000,Indonesia (national),2017-04-01,M,monthly,122.2,index
bi_consumer_survey.ieklk,0000,Indonesia (national),2017-05-01,M,monthly,124.8,index
bi_consumer_survey.ieklk,0000,Indonesia (national),2017-06-01,M,monthly,116.6,index
bi_consumer_survey.ieklk,0000,Indonesia (national),2017-07-01,M,monthly,117.9,index
bi_consumer_survey.ieklk,0000,Indonesia (national),2017-08-01,M,monthly,120.1,index
bi_consumer_survey.ieklk,0000,Indonesia (national),2017-09-01,M,monthly,127.0,index
bi_consumer_survey.ieklk,0000,Indonesia (national),2017-10-01,M,monthly,120.9,index
bi_consumer_survey.ieklk,0000,Indonesia (national),2017-11-01,M,monthly,120.9,index
bi_consumer_survey.ieklk,0000,Indonesia (national),2017-12-01,M,monthly,125.2,index
bi_consumer_survey.ieklk,0000,Indonesia (national),2018-01-01,M,monthly,123.4,index
bi_consumer_survey.ieklk,0000,Indonesia (national),2018-02-01,M,monthly,121.3,index
bi_consumer_survey.ieklk,0000,Indonesia (national),2018-03-01,M,monthly,118.8,index
bi_consumer_survey.ieklk,0000,Indonesia (national),2018-04-01,M,monthly,119.3,index
bi_consumer_survey.ieklk,0000,Indonesia (national),2018-05-01,M,monthly,119.0,index
bi_consumer_survey.ieklk,0000,Indonesia (national),2018-06-01,M,monthly,122.4,index
bi_consumer_survey.ieklk,0000,Indonesia (national),2018-07-01,M,monthly,121.6,index
bi_consumer_survey.ieklk,0000,Indonesia (national),2018-08-01,M,monthly,121.8,index
bi_consumer_survey.ieklk,0000,Indonesia (national),2018-09-01,M,monthly,123.2,index
bi_consumer_survey.ieklk,0000,Indonesia (national),2018-10-01,M,monthly,119.5,index
bi_consumer_survey.ieklk,0000,Indonesia (national),2018-11-01,M,monthly,125.0,index
bi_consumer_survey.ieklk,0000,Indonesia (national),2018-12-01,M,monthly,127.1,index
bi_consumer_survey.ieklk,0000,Indonesia (national),2019-01-01,M,monthly,126.6,index
bi_consumer_survey.ieklk,0000,Indonesia (national),2019-02-01,M,monthly,127.8,index
bi_consumer_survey.ieklk,0000,Indonesia (national),2019-03-01,M,monthly,127.2,index
bi_consumer_survey.ieklk,0000,Indonesia (national),2019-04-01,M,monthly,132.9,index
bi_consumer_survey.ieklk,0000,Indonesia (national),2019-05-01,M,monthly,131.4,index
bi_consumer_survey.ieklk,0000,Indonesia (national),2019-06-01,M,monthly,128.2,index
bi_consumer_survey.ieklk,0000,Indonesia (national),2019-07-01,M,monthly,125.8,index
bi_consumer_survey.ieklk,0000,Indonesia (national),2019-08-01,M,monthly,122.4,index
bi_consumer_survey.ieklk,0000,Indonesia (national),2019-09-01,M,monthly,122.6,index
bi_consumer_survey.ieklk,0000,Indonesia (national),2019-10-01,M,monthly,118.9,index
bi_consumer_survey.ieklk,0000,Indonesia (national),2019-11-01,M,monthly,126.7,index
bi_consumer_survey.ieklk,0000,Indonesia (national),2019-12-01,M,monthly,127.1,index
bi_consumer_survey.ieklk,0000,Indonesia (national),2020-01-01,M,monthly,120.0,index
bi_consumer_survey.ieklk,0000,Indonesia (national),2020-02-01,M,monthly,111.5,index
bi_consumer_survey.ieklk,0000,Indonesia (national),2020-03-01,M,monthly,108.4,index
bi_consumer_survey.ieklk,0000,Indonesia (national),2020-04-01,M,monthly,102.1,index
bi_consumer_survey.ieklk,0000,Indonesia (national),2020-05-01,M,monthly,105.8,index
bi_consumer_survey.ieklk,0000,Indonesia (national),2020-06-01,M,monthly,117.1,index
bi_consumer_survey.ieklk,0000,Indonesia (national),2020-07-01,M,monthly,114.5,index
bi_consumer_survey.ieklk,0000,Indonesia (national),2020-08-01,M,monthly,114.4,index
bi_consumer_survey.ieklk,0000,Indonesia (national),2020-09-01,M,monthly,109.2,index
bi_consumer_survey.ieklk,0000,Indonesia (national),2020-10-01,M,monthly,101.4,index
bi_consumer_survey.ieklk,0000,Indonesia (national),2020-11-01,M,monthly,117.7,index
bi_consumer_survey.ieklk,0000,Indonesia (national),2020-12-01,M,monthly,121.7,index
bi_consumer_survey.ieklk,0000,Indonesia (national),2021-01-01,M,monthly,101.4,index
bi_consumer_survey.ieklk,0000,Indonesia (national),2021-02-01,M,monthly,100.4,index
bi_consumer_survey.ieklk,0000,Indonesia (national),2021-03-01,M,monthly,109.8,index
bi_consumer_survey.ieklk,0000,Indonesia (national),2021-04-01,M,monthly,117.9,index
bi_consumer_survey.ieklk,0000,Indonesia (national),2021-05-01,M,monthly,120.3,index
bi_consumer_survey.ieklk,0000,Indonesia (national),2021-06-01,M,monthly,121.2,index
bi_consumer_survey.ieklk,0000,Indonesia (national),2021-07-01,M,monthly,91.0,index
bi_consumer_survey.ieklk,0000,Indonesia (national),2021-08-01,M,monthly,91.0,index
bi_consumer_survey.ieklk,0000,Indonesia (national),2021-09-01,M,monthly,114.4,index
bi_consumer_survey.ieklk,0000,Indonesia (national),2021-10-01,M,monthly,133.4,index
bi_consumer_survey.ieklk,0000,Indonesia (national),2021-11-01,M,monthly,134.9,index
bi_consumer_survey.ieklk,0000,Indonesia (national),2021-12-01,M,monthly,133.7,index
bi_consumer_survey.ieklk,0000,Indonesia (national),2022-01-01,M,monthly,134.8,index
bi_consumer_survey.ieklk,0000,Indonesia (national),2022-02-01,M,monthly,129.7,index
bi_consumer_survey.ieklk,0000,Indonesia (national),2022-03-01,M,monthly,126.4,index
bi_consumer_survey.ieklk,0000,Indonesia (national),2022-04-01,M,monthly,125.2,index
bi_consumer_survey.ieklk,0000,Indonesia (national),2022-05-01,M,monthly,142.1,index
bi_consumer_survey.ieklk,0000,Indonesia (national),2022-06-01,M,monthly,143.2,index
bi_consumer_survey.ieklk,0000,Indonesia (national),2022-07-01,M,monthly,134.5,index
bi_consumer_survey.ieklk,0000,Indonesia (national),2022-08-01,M,monthly,136.2,index
bi_consumer_survey.ieklk,0000,Indonesia (national),2022-09-01,M,monthly,128.3,index
bi_consumer_survey.ieklk,0000,Indonesia (national),2022-10-01,M,monthly,126.7,index
bi_consumer_survey.ieklk,0000,Indonesia (national),2022-11-01,M,monthly,126.4,index
bi_consumer_survey.ieklk,0000,Indonesia (national),2022-12-01,M,monthly,123.9,index
bi_consumer_survey.ieklk,0000,Indonesia (national),2023-01-01,M,monthly,131.3,index
bi_consumer_survey.ieklk,0000,Indonesia (national),2023-02-01,M,monthly,130.7,index
bi_consumer_survey.ieklk,0000,Indonesia (national),2023-03-01,M,monthly,131.1,index
bi_consumer_survey.ieklk,0000,Indonesia (national),2023-04-01,M,monthly,136.5,index
bi_consumer_survey.ieklk,0000,Indonesia (national),2023-05-01,M,monthly,136.6,index
bi_consumer_survey.ieklk,0000,Indonesia (national),2023-06-01,M,monthly,135.6,index
bi_consumer_survey.ieklk,0000,Indonesia (national),2023-07-01,M,monthly,129.8,index
bi_consumer_survey.ieklk,0000,Indonesia (national),2023-08-01,M,monthly,132.5,index
bi_consumer_survey.ieklk,0000,Indonesia (national),2023-09-01,M,monthly,129.6,index
bi_consumer_survey.ieklk,0000,Indonesia (national),2023-10-01,M,monthly,134.0,index
bi_consumer_survey.ieklk,0000,Indonesia (national),2023-11-01,M,monthly,131.4,index
bi_consumer_survey.ieklk,0000,Indonesia (national),2023-12-01,M,monthly,129.9,index
bi_consumer_survey.ieklk,0000,Indonesia (national),2024-01-01,M,monthly,133.7,index
bi_consumer_survey.ieklk,0000,Indonesia (national),2024-02-01,M,monthly,137.0,index
bi_consumer_survey.ieklk,0000,Indonesia (national),2024-03-01,M,monthly,134.0,index
bi_consumer_survey.ieklk,0000,Indonesia (national),2024-04-01,M,monthly,134.8,index
bi_consumer_survey.ieklk,0000,Indonesia (national),2024-05-01,M,monthly,134.5,index
bi_consumer_survey.ieklk,0000,Indonesia (national),2024-06-01,M,monthly,131.7,index
bi_consumer_survey.ieklk,0000,Indonesia (national),2024-07-01,M,monthly,131.7,index
bi_consumer_survey.ieklk,0000,Indonesia (national),2024-08-01,M,monthly,132.2,index
bi_consumer_survey.ieklk,0000,Indonesia (national),2024-09-01,M,monthly,131.1,index
bi_consumer_survey.ieklk,0000,Indonesia (national),2024-10-01,M,monthly,129.5,index
bi_consumer_survey.ieklk,0000,Indonesia (national),2024-11-01,M,monthly,136.8,index
bi_consumer_survey.ieklk,0000,Indonesia (national),2024-12-01,M,monthly,137.6,index
bi_consumer_survey.ieklk,0000,Indonesia (national),2025-01-01,M,monthly,137.0,index
bi_consumer_survey.ieklk,0000,Indonesia (national),2025-02-01,M,monthly,134.2,index
bi_consumer_survey.ieklk,0000,Indonesia (national),2025-03-01,M,monthly,125.9,index
bi_consumer_survey.ieklk,0000,Indonesia (national),2025-04-01,M,monthly,123.5,index
bi_consumer_survey.ieklk,0000,Indonesia (national),2025-05-01,M,monthly,123.8,index
bi_consumer_survey.ieklk,0000,Indonesia (national),2025-06-01,M,monthly,124.1,index
bi_consumer_survey.ieklk,0000,Indonesia (national),2025-07-01,M,monthly,125.0,index
bi_consumer_survey.ieklk,0000,Indonesia (national),2025-08-01,M,monthly,122.8,index
bi_consumer_survey.ieklk,0000,Indonesia (national),2025-09-01,M,monthly,123.1,index
bi_consumer_survey.ieklk,0000,Indonesia (national),2025-10-01,M,monthly,132.0,index
bi_consumer_survey.ieklk,0000,Indonesia (national),2025-11-01,M,monthly,135.3,index
bi_consumer_survey.ieklk,0000,Indonesia (national),2025-12-01,M,monthly,135.1,index
bi_consumer_survey.ieklk,0000,Indonesia (national),2026-01-01,M,monthly,135.1,index
bi_consumer_survey.ieklk,0000,Indonesia (national),2026-02-01,M,monthly,131.7,index
bi_consumer_survey.ieklk,0000,Indonesia (national),2026-03-01,M,monthly,128.0,index
bi_consumer_survey.ieklk,0000,Indonesia (national),2026-04-01,M,monthly,127.7,index
bi_consumer_survey.ieklk,0000,Indonesia (national),2026-05-01,M,monthly,128.1,index
bi_consumer_survey.ieklk,0000,Indonesia (national),2026-06-01,M,monthly,124.4,index
bi_consumer_survey.ieklk,0000,Indonesia (national),2026-07-01,M,monthly,123.1,index
bi_consumer_survey.ieklk,0000,Indonesia (national),2026-08-01,M,monthly,125.7,index
bi_consumer_survey.ieku,0000,Indonesia (national),2012-01-01,M,monthly,129.2,index
bi_consumer_survey.ieku,0000,Indonesia (national),2012-02-01,M,monthly,120.7,index
bi_consumer_survey.ieku,0000,Indonesia (national),2012-03-01,M,monthly,108.9,index
bi_consumer_survey.ieku,0000,Indonesia (national),2012-04-01,M,monthly,104.2,index
bi_consumer_survey.ieku,0000,Indonesia (national),2012-05-01,M,monthly,114.4,index
bi_consumer_survey.ieku,0000,Indonesia (national),2012-06-01,M,monthly,120.7,index
bi_consumer_survey.ieku,0000,Indonesia (national),2012-07-01,M,monthly,123.8,index
bi_consumer_survey.ieku,0000,Indonesia (national),2012-08-01,M,monthly,125.1,index
bi_consumer_survey.ieku,0000,Indonesia (national),2012-09-01,M,monthly,128.4,index
bi_consumer_survey.ieku,0000,Indonesia (national),2012-10-01,M,monthly,130.0,index
bi_consumer_survey.ieku,0000,Indonesia (national),2012-11-01,M,monthly,131.2,index
bi_consumer_survey.ieku,0000,Indonesia (national),2012-12-01,M,monthly,124.8,index
bi_consumer_survey.ieku,0000,Indonesia (national),2013-01-01,M,monthly,127.3,index
bi_consumer_survey.ieku,0000,Indonesia (national),2013-02-01,M,monthly,127.1,index
bi_consumer_survey.ieku,0000,Indonesia (national),2013-03-01,M,monthly,126.3,index
bi_consumer_survey.ieku,0000,Indonesia (national),2013-04-01,M,monthly,120.6,index
bi_consumer_survey.ieku,0000,Indonesia (national),2013-05-01,M,monthly,114.7,index
bi_consumer_survey.ieku,0000,Indonesia (national),2013-06-01,M,monthly,118.3,index
bi_consumer_survey.ieku,0000,Indonesia (national),2013-07-01,M,monthly,106.1,index
bi_consumer_survey.ieku,0000,Indonesia (national),2013-08-01,M,monthly,107.7,index
bi_consumer_survey.ieku,0000,Indonesia (national),2013-09-01,M,monthly,101.6,index
bi_consumer_survey.ieku,0000,Indonesia (national),2013-10-01,M,monthly,107.6,index
bi_consumer_survey.ieku,0000,Indonesia (national),2013-11-01,M,monthly,123.1,index
bi_consumer_survey.ieku,0000,Indonesia (national),2013-12-01,M,monthly,121.6,index
bi_consumer_survey.ieku,0000,Indonesia (national),2014-01-01,M,monthly,121.5,index
bi_consumer_survey.ieku,0000,Indonesia (national),2014-02-01,M,monthly,118.9,index
bi_consumer_survey.ieku,0000,Indonesia (national),2014-03-01,M,monthly,122.8,index
bi_consumer_survey.ieku,0000,Indonesia (national),2014-04-01,M,monthly,119.0,index
bi_consumer_survey.ieku,0000,Indonesia (national),2014-05-01,M,monthly,123.3,index
bi_consumer_survey.ieku,0000,Indonesia (national),2014-06-01,M,monthly,123.0,index
bi_consumer_survey.ieku,0000,Indonesia (national),2014-07-01,M,monthly,130.0,index
bi_consumer_survey.ieku,0000,Indonesia (national),2014-08-01,M,monthly,126.6,index
bi_consumer_survey.ieku,0000,Indonesia (national),2014-09-01,M,monthly,121.3,index
bi_consumer_survey.ieku,0000,Indonesia (national),2014-10-01,M,monthly,129.9,index
bi_consumer_survey.ieku,0000,Indonesia (national),2014-11-01,M,monthly,126.6,index
bi_consumer_survey.ieku,0000,Indonesia (national),2014-12-01,M,monthly,121.3,index
bi_consumer_survey.ieku,0000,Indonesia (national),2015-01-01,M,monthly,133.9,index
bi_consumer_survey.ieku,0000,Indonesia (national),2015-02-01,M,monthly,132.7,index
bi_consumer_survey.ieku,0000,Indonesia (national),2015-03-01,M,monthly,126.2,index
bi_consumer_survey.ieku,0000,Indonesia (national),2015-04-01,M,monthly,111.1,index
bi_consumer_survey.ieku,0000,Indonesia (national),2015-05-01,M,monthly,121.9,index
bi_consumer_survey.ieku,0000,Indonesia (national),2015-06-01,M,monthly,122.5,index
bi_consumer_survey.ieku,0000,Indonesia (national),2015-07-01,M,monthly,120.4,index
bi_consumer_survey.ieku,0000,Indonesia (national),2015-08-01,M,monthly,121.3,index
bi_consumer_survey.ieku,0000,Indonesia (national),2015-09-01,M,monthly,106.9,index
bi_consumer_survey.ieku,0000,Indonesia (national),2015-10-01,M,monthly,110.2,index
bi_consumer_survey.ieku,0000,Indonesia (national),2015-11-01,M,monthly,114.4,index
bi_consumer_survey.ieku,0000,Indonesia (national),2015-12-01,M,monthly,120.0,index
bi_consumer_survey.ieku,0000,Indonesia (national),2016-01-01,M,monthly,128.1,index
bi_consumer_survey.ieku,0000,Indonesia (national),2016-02-01,M,monthly,124.3,index
bi_consumer_survey.ieku,0000,Indonesia (national),2016-03-01,M,monthly,128.1,index
bi_consumer_survey.ieku,0000,Indonesia (national),2016-04-01,M,monthly,126.9,index
bi_consumer_survey.ieku,0000,Indonesia (national),2016-05-01,M,monthly,130.9,index
bi_consumer_survey.ieku,0000,Indonesia (national),2016-06-01,M,monthly,128.7,index
bi_consumer_survey.ieku,0000,Indonesia (national),2016-07-01,M,monthly,131.7,index
bi_consumer_survey.ieku,0000,Indonesia (national),2016-08-01,M,monthly,135.3,index
bi_consumer_survey.ieku,0000,Indonesia (national),2016-09-01,M,monthly,128.3,index
bi_consumer_survey.ieku,0000,Indonesia (national),2016-10-01,M,monthly,136.2,index
bi_consumer_survey.ieku,0000,Indonesia (national),2016-11-01,M,monthly,135.0,index
bi_consumer_survey.ieku,0000,Indonesia (national),2016-12-01,M,monthly,132.3,index
bi_consumer_survey.ieku,0000,Indonesia (national),2017-01-01,M,monthly,125.1,index
bi_consumer_survey.ieku,0000,Indonesia (national),2017-02-01,M,monthly,129.4,index
bi_consumer_survey.ieku,0000,Indonesia (national),2017-03-01,M,monthly,136.0,index
bi_consumer_survey.ieku,0000,Indonesia (national),2017-04-01,M,monthly,138.5,index
bi_consumer_survey.ieku,0000,Indonesia (national),2017-05-01,M,monthly,137.7,index
bi_consumer_survey.ieku,0000,Indonesia (national),2017-06-01,M,monthly,134.7,index
bi_consumer_survey.ieku,0000,Indonesia (national),2017-07-01,M,monthly,138.2,index
bi_consumer_survey.ieku,0000,Indonesia (national),2017-08-01,M,monthly,134.9,index
bi_consumer_survey.ieku,0000,Indonesia (national),2017-09-01,M,monthly,138.2,index
bi_consumer_survey.ieku,0000,Indonesia (national),2017-10-01,M,monthly,135.6,index
bi_consumer_survey.ieku,0000,Indonesia (national),2017-11-01,M,monthly,136.7,index
bi_consumer_survey.ieku,0000,Indonesia (national),2017-12-01,M,monthly,138.1,index
bi_consumer_survey.ieku,0000,Indonesia (national),2018-01-01,M,monthly,138.0,index
bi_consumer_survey.ieku,0000,Indonesia (national),2018-02-01,M,monthly,131.5,index
bi_consumer_survey.ieku,0000,Indonesia (national),2018-03-01,M,monthly,134.5,index
bi_consumer_survey.ieku,0000,Indonesia (national),2018-04-01,M,monthly,136.4,index
bi_consumer_survey.ieku,0000,Indonesia (national),2018-05-01,M,monthly,135.7,index
bi_consumer_survey.ieku,0000,Indonesia (national),2018-06-01,M,monthly,135.3,index
bi_consumer_survey.ieku,0000,Indonesia (national),2018-07-01,M,monthly,133.4,index
bi_consumer_survey.ieku,0000,Indonesia (national),2018-08-01,M,monthly,132.3,index
bi_consumer_survey.ieku,0000,Indonesia (national),2018-09-01,M,monthly,131.7,index
bi_consumer_survey.ieku,0000,Indonesia (national),2018-10-01,M,monthly,129.3,index
bi_consumer_survey.ieku,0000,Indonesia (national),2018-11-01,M,monthly,132.0,index
bi_consumer_survey.ieku,0000,Indonesia (national),2018-12-01,M,monthly,140.4,index
bi_consumer_survey.ieku,0000,Indonesia (national),2019-01-01,M,monthly,142.0,index
bi_consumer_survey.ieku,0000,Indonesia (national),2019-02-01,M,monthly,141.2,index
bi_consumer_survey.ieku,0000,Indonesia (national),2019-03-01,M,monthly,141.6,index
bi_consumer_survey.ieku,0000,Indonesia (national),2019-04-01,M,monthly,148.7,index
bi_consumer_survey.ieku,0000,Indonesia (national),2019-05-01,M,monthly,146.8,index
bi_consumer_survey.ieku,0000,Indonesia (national),2019-06-01,M,monthly,139.8,index
bi_consumer_survey.ieku,0000,Indonesia (national),2019-07-01,M,monthly,139.1,index
bi_consumer_survey.ieku,0000,Indonesia (national),2019-08-01,M,monthly,138.6,index
bi_consumer_survey.ieku,0000,Indonesia (national),2019-09-01,M,monthly,137.1,index
bi_consumer_survey.ieku,0000,Indonesia (national),2019-10-01,M,monthly,130.8,index
bi_consumer_survey.ieku,0000,Indonesia (national),2019-11-01,M,monthly,139.5,index
bi_consumer_survey.ieku,0000,Indonesia (national),2019-12-01,M,monthly,139.1,index
bi_consumer_survey.ieku,0000,Indonesia (national),2020-01-01,M,monthly,135.2,index
bi_consumer_survey.ieku,0000,Indonesia (national),2020-02-01,M,monthly,134.1,index
bi_consumer_survey.ieku,0000,Indonesia (national),2020-03-01,M,monthly,126.2,index
bi_consumer_survey.ieku,0000,Indonesia (national),2020-04-01,M,monthly,102.3,index
bi_consumer_survey.ieku,0000,Indonesia (national),2020-05-01,M,monthly,95.0,index
bi_consumer_survey.ieku,0000,Indonesia (national),2020-06-01,M,monthly,121.3,index
bi_consumer_survey.ieku,0000,Indonesia (national),2020-07-01,M,monthly,125.3,index
bi_consumer_survey.ieku,0000,Indonesia (national),2020-08-01,M,monthly,115.5,index
bi_consumer_survey.ieku,0000,Indonesia (national),2020-09-01,M,monthly,106.4,index
bi_consumer_survey.ieku,0000,Indonesia (national),2020-10-01,M,monthly,99.6,index
bi_consumer_survey.ieku,0000,Indonesia (national),2020-11-01,M,monthly,122.8,index
bi_consumer_survey.ieku,0000,Indonesia (national),2020-12-01,M,monthly,121.2,index
bi_consumer_survey.ieku,0000,Indonesia (national),2021-01-01,M,monthly,102.8,index
bi_consumer_survey.ieku,0000,Indonesia (national),2021-02-01,M,monthly,102.0,index
bi_consumer_survey.ieku,0000,Indonesia (national),2021-03-01,M,monthly,111.0,index
bi_consumer_survey.ieku,0000,Indonesia (national),2021-04-01,M,monthly,123.2,index
bi_consumer_survey.ieku,0000,Indonesia (national),2021-05-01,M,monthly,120.9,index
bi_consumer_survey.ieku,0000,Indonesia (national),2021-06-01,M,monthly,122.8,index
bi_consumer_survey.ieku,0000,Indonesia (national),2021-07-01,M,monthly,84.4,index
bi_consumer_survey.ieku,0000,Indonesia (national),2021-08-01,M,monthly,87.4,index
bi_consumer_survey.ieku,0000,Indonesia (national),2021-09-01,M,monthly,117.4,index
bi_consumer_survey.ieku,0000,Indonesia (national),2021-10-01,M,monthly,134.7,index
bi_consumer_survey.ieku,0000,Indonesia (national),2021-11-01,M,monthly,140.7,index
bi_consumer_survey.ieku,0000,Indonesia (national),2021-12-01,M,monthly,139.2,index
bi_consumer_survey.ieku,0000,Indonesia (national),2022-01-01,M,monthly,140.4,index
bi_consumer_survey.ieku,0000,Indonesia (national),2022-02-01,M,monthly,127.4,index
bi_consumer_survey.ieku,0000,Indonesia (national),2022-03-01,M,monthly,125.8,index
bi_consumer_survey.ieku,0000,Indonesia (national),2022-04-01,M,monthly,125.0,index
bi_consumer_survey.ieku,0000,Indonesia (national),2022-05-01,M,monthly,142.9,index
bi_consumer_survey.ieku,0000,Indonesia (national),2022-06-01,M,monthly,141.5,index
bi_consumer_survey.ieku,0000,Indonesia (national),2022-07-01,M,monthly,133.5,index
bi_consumer_survey.ieku,0000,Indonesia (national),2022-08-01,M,monthly,138.8,index
bi_consumer_survey.ieku,0000,Indonesia (national),2022-09-01,M,monthly,118.8,index
bi_consumer_survey.ieku,0000,Indonesia (national),2022-10-01,M,monthly,125.8,index
bi_consumer_survey.ieku,0000,Indonesia (national),2022-11-01,M,monthly,125.2,index
bi_consumer_survey.ieku,0000,Indonesia (national),2022-12-01,M,monthly,124.6,index
bi_consumer_survey.ieku,0000,Indonesia (national),2023-01-01,M,monthly,132.5,index
bi_consumer_survey.ieku,0000,Indonesia (national),2023-02-01,M,monthly,128.8,index
bi_consumer_survey.ieku,0000,Indonesia (national),2023-03-01,M,monthly,133.6,index
bi_consumer_survey.ieku,0000,Indonesia (national),2023-04-01,M,monthly,132.1,index
bi_consumer_survey.ieku,0000,Indonesia (national),2023-05-01,M,monthly,139.9,index
bi_consumer_survey.ieku,0000,Indonesia (national),2023-06-01,M,monthly,138.7,index
bi_consumer_survey.ieku,0000,Indonesia (national),2023-07-01,M,monthly,133.6,index
bi_consumer_survey.ieku,0000,Indonesia (national),2023-08-01,M,monthly,137.4,index
bi_consumer_survey.ieku,0000,Indonesia (national),2023-09-01,M,monthly,129.0,index
bi_consumer_survey.ieku,0000,Indonesia (national),2023-10-01,M,monthly,132.8,index
bi_consumer_survey.ieku,0000,Indonesia (national),2023-11-01,M,monthly,133.2,index
bi_consumer_survey.ieku,0000,Indonesia (national),2023-12-01,M,monthly,132.2,index
bi_consumer_survey.ieku,0000,Indonesia (national),2024-01-01,M,monthly,134.9,index
bi_consumer_survey.ieku,0000,Indonesia (national),2024-02-01,M,monthly,130.3,index
bi_consumer_survey.ieku,0000,Indonesia (national),2024-03-01,M,monthly,128.1,index
bi_consumer_survey.ieku,0000,Indonesia (national),2024-04-01,M,monthly,132.6,index
bi_consumer_survey.ieku,0000,Indonesia (national),2024-05-01,M,monthly,131.6,index
bi_consumer_survey.ieku,0000,Indonesia (national),2024-06-01,M,monthly,131.5,index
bi_consumer_survey.ieku,0000,Indonesia (national),2024-07-01,M,monthly,130.5,index
bi_consumer_survey.ieku,0000,Indonesia (national),2024-08-01,M,monthly,132.6,index
bi_consumer_survey.ieku,0000,Indonesia (national),2024-09-01,M,monthly,130.1,index
bi_consumer_survey.ieku,0000,Indonesia (national),2024-10-01,M,monthly,129.2,index
bi_consumer_survey.ieku,0000,Indonesia (national),2024-11-01,M,monthly,136.2,index
bi_consumer_survey.ieku,0000,Indonesia (national),2024-12-01,M,monthly,137.4,index
bi_consumer_survey.ieku,0000,Indonesia (national),2025-01-01,M,monthly,140.7,index
bi_consumer_survey.ieku,0000,Indonesia (national),2025-02-01,M,monthly,138.6,index
bi_consumer_survey.ieku,0000,Indonesia (national),2025-03-01,M,monthly,132.2,index
bi_consumer_survey.ieku,0000,Indonesia (national),2025-04-01,M,monthly,128.5,index
bi_consumer_survey.ieku,0000,Indonesia (national),2025-05-01,M,monthly,127.8,index
bi_consumer_survey.ieku,0000,Indonesia (national),2025-06-01,M,monthly,129.3,index
bi_consumer_survey.ieku,0000,Indonesia (national),2025-07-01,M,monthly,127.5,index
bi_consumer_survey.ieku,0000,Indonesia (national),2025-08-01,M,monthly,128.2,index
bi_consumer_survey.ieku,0000,Indonesia (national),2025-09-01,M,monthly,124.2,index
bi_consumer_survey.ieku,0000,Indonesia (national),2025-10-01,M,monthly,129.6,index
bi_consumer_survey.ieku,0000,Indonesia (national),2025-11-01,M,monthly,133.8,index
bi_consumer_survey.ieku,0000,Indonesia (national),2025-12-01,M,monthly,130.8,index
bi_consumer_survey.ieku,0000,Indonesia (national),2026-01-01,M,monthly,135.3,index
bi_consumer_survey.ieku,0000,Indonesia (national),2026-02-01,M,monthly,130.9,index
bi_consumer_survey.ieku,0000,Indonesia (national),2026-03-01,M,monthly,125.5,index
bi_consumer_survey.ieku,0000,Indonesia (national),2026-04-01,M,monthly,124.1,index
bi_consumer_survey.ieku,0000,Indonesia (national),2026-05-01,M,monthly,124.5,index
bi_consumer_survey.ieku,0000,Indonesia (national),2026-06-01,M,monthly,121.2,index
bi_consumer_survey.ieku,0000,Indonesia (national),2026-07-01,M,monthly,120.4,index
bi_consumer_survey.ieku,0000,Indonesia (national),2026-08-01,M,monthly,122.1,index
bi_consumer_survey.iep,0000,Indonesia (national),2012-01-01,M,monthly,143.7,index
bi_consumer_survey.iep,0000,Indonesia (national),2012-02-01,M,monthly,139.1,index
bi_consumer_survey.iep,0000,Indonesia (national),2012-03-01,M,monthly,133.1,index
bi_consumer_survey.iep,0000,Indonesia (national),2012-04-01,M,monthly,128.1,index
bi_consumer_survey.iep,0000,Indonesia (national),2012-05-01,M,monthly,134.2,index
bi_consumer_survey.iep,0000,Indonesia (national),2012-06-01,M,monthly,137.1,index
bi_consumer_survey.iep,0000,Indonesia (national),2012-07-01,M,monthly,139.6,index
bi_consumer_survey.iep,0000,Indonesia (national),2012-08-01,M,monthly,140.1,index
bi_consumer_survey.iep,0000,Indonesia (national),2012-09-01,M,monthly,139.0,index
bi_consumer_survey.iep,0000,Indonesia (national),2012-10-01,M,monthly,139.5,index
bi_consumer_survey.iep,0000,Indonesia (national),2012-11-01,M,monthly,142.8,index
bi_consumer_survey.iep,0000,Indonesia (national),2012-12-01,M,monthly,140.9,index
bi_consumer_survey.iep,0000,Indonesia (national),2013-01-01,M,monthly,140.7,index
bi_consumer_survey.iep,0000,Indonesia (national),2013-02-01,M,monthly,140.7,index
bi_consumer_survey.iep,0000,Indonesia (national),2013-03-01,M,monthly,141.6,index
bi_consumer_survey.iep,0000,Indonesia (national),2013-04-01,M,monthly,140.3,index
bi_consumer_survey.iep,0000,Indonesia (national),2013-05-01,M,monthly,137.4,index
bi_consumer_survey.iep,0000,Indonesia (national),2013-06-01,M,monthly,141.3,index
bi_consumer_survey.iep,0000,Indonesia (national),2013-07-01,M,monthly,133.9,index
bi_consumer_survey.iep,0000,Indonesia (national),2013-08-01,M,monthly,133.1,index
bi_consumer_survey.iep,0000,Indonesia (national),2013-09-01,M,monthly,133.0,index
bi_consumer_survey.iep,0000,Indonesia (national),2013-10-01,M,monthly,137.6,index
bi_consumer_survey.iep,0000,Indonesia (national),2013-11-01,M,monthly,139.9,index
bi_consumer_survey.iep,0000,Indonesia (national),2013-12-01,M,monthly,137.5,index
bi_consumer_survey.iep,0000,Indonesia (national),2014-01-01,M,monthly,138.9,index
bi_consumer_survey.iep,0000,Indonesia (national),2014-02-01,M,monthly,137.5,index
bi_consumer_survey.iep,0000,Indonesia (national),2014-03-01,M,monthly,138.4,index
bi_consumer_survey.iep,0000,Indonesia (national),2014-04-01,M,monthly,131.5,index
bi_consumer_survey.iep,0000,Indonesia (national),2014-05-01,M,monthly,132.7,index
bi_consumer_survey.iep,0000,Indonesia (national),2014-06-01,M,monthly,134.4,index
bi_consumer_survey.iep,0000,Indonesia (national),2014-07-01,M,monthly,136.5,index
bi_consumer_survey.iep,0000,Indonesia (national),2014-08-01,M,monthly,135.7,index
bi_consumer_survey.iep,0000,Indonesia (national),2014-09-01,M,monthly,135.6,index
bi_consumer_survey.iep,0000,Indonesia (national),2014-10-01,M,monthly,135.4,index
bi_consumer_survey.iep,0000,Indonesia (national),2014-11-01,M,monthly,135.5,index
bi_consumer_survey.iep,0000,Indonesia (national),2014-12-01,M,monthly,133.2,index
bi_consumer_survey.iep,0000,Indonesia (national),2015-01-01,M,monthly,143.4,index
bi_consumer_survey.iep,0000,Indonesia (national),2015-02-01,M,monthly,144.1,index
bi_consumer_survey.iep,0000,Indonesia (national),2015-03-01,M,monthly,141.9,index
bi_consumer_survey.iep,0000,Indonesia (national),2015-04-01,M,monthly,135.1,index
bi_consumer_survey.iep,0000,Indonesia (national),2015-05-01,M,monthly,139.5,index
bi_consumer_survey.iep,0000,Indonesia (national),2015-06-01,M,monthly,138.7,index
bi_consumer_survey.iep,0000,Indonesia (national),2015-07-01,M,monthly,137.7,index
bi_consumer_survey.iep,0000,Indonesia (national),2015-08-01,M,monthly,143.4,index
bi_consumer_survey.iep,0000,Indonesia (national),2015-09-01,M,monthly,128.8,index
bi_consumer_survey.iep,0000,Indonesia (national),2015-10-01,M,monthly,131.0,index
bi_consumer_survey.iep,0000,Indonesia (national),2015-11-01,M,monthly,133.1,index
bi_consumer_survey.iep,0000,Indonesia (national),2015-12-01,M,monthly,139.6,index
bi_consumer_survey.iep,0000,Indonesia (national),2016-01-01,M,monthly,143.0,index
bi_consumer_survey.iep,0000,Indonesia (national),2016-02-01,M,monthly,141.1,index
bi_consumer_survey.iep,0000,Indonesia (national),2016-03-01,M,monthly,138.6,index
bi_consumer_survey.iep,0000,Indonesia (national),2016-04-01,M,monthly,137.7,index
bi_consumer_survey.iep,0000,Indonesia (national),2016-05-01,M,monthly,141.3,index
bi_consumer_survey.iep,0000,Indonesia (national),2016-06-01,M,monthly,138.4,index
bi_consumer_survey.iep,0000,Indonesia (national),2016-07-01,M,monthly,139.2,index
bi_consumer_survey.iep,0000,Indonesia (national),2016-08-01,M,monthly,142.0,index
bi_consumer_survey.iep,0000,Indonesia (national),2016-09-01,M,monthly,138.9,index
bi_consumer_survey.iep,0000,Indonesia (national),2016-10-01,M,monthly,140.5,index
bi_consumer_survey.iep,0000,Indonesia (national),2016-11-01,M,monthly,141.4,index
bi_consumer_survey.iep,0000,Indonesia (national),2016-12-01,M,monthly,141.2,index
bi_consumer_survey.iep,0000,Indonesia (national),2017-01-01,M,monthly,142.9,index
bi_consumer_survey.iep,0000,Indonesia (national),2017-02-01,M,monthly,140.8,index
bi_consumer_survey.iep,0000,Indonesia (national),2017-03-01,M,monthly,144.1,index
bi_consumer_survey.iep,0000,Indonesia (national),2017-04-01,M,monthly,145.4,index
bi_consumer_survey.iep,0000,Indonesia (national),2017-05-01,M,monthly,148.2,index
bi_consumer_survey.iep,0000,Indonesia (national),2017-06-01,M,monthly,141.7,index
bi_consumer_survey.iep,0000,Indonesia (national),2017-07-01,M,monthly,144.6,index
bi_consumer_survey.iep,0000,Indonesia (national),2017-08-01,M,monthly,144.4,index
bi_consumer_survey.iep,0000,Indonesia (national),2017-09-01,M,monthly,146.5,index
bi_consumer_survey.iep,0000,Indonesia (national),2017-10-01,M,monthly,144.9,index
bi_consumer_survey.iep,0000,Indonesia (national),2017-11-01,M,monthly,146.7,index
bi_consumer_survey.iep,0000,Indonesia (national),2017-12-01,M,monthly,149.6,index
bi_consumer_survey.iep,0000,Indonesia (national),2018-01-01,M,monthly,150.8,index
bi_consumer_survey.iep,0000,Indonesia (national),2018-02-01,M,monthly,145.8,index
bi_consumer_survey.iep,0000,Indonesia (national),2018-03-01,M,monthly,145.6,index
bi_consumer_survey.iep,0000,Indonesia (national),2018-04-01,M,monthly,147.2,index
bi_consumer_survey.iep,0000,Indonesia (national),2018-05-01,M,monthly,147.7,index
bi_consumer_survey.iep,0000,Indonesia (national),2018-06-01,M,monthly,148.6,index
bi_consumer_survey.iep,0000,Indonesia (national),2018-07-01,M,monthly,149.2,index
bi_consumer_survey.iep,0000,Indonesia (national),2018-08-01,M,monthly,147.6,index
bi_consumer_survey.iep,0000,Indonesia (national),2018-09-01,M,monthly,148.6,index
bi_consumer_survey.iep,0000,Indonesia (national),2018-10-01,M,monthly,147.9,index
bi_consumer_survey.iep,0000,Indonesia (national),2018-11-01,M,monthly,152.0,index
bi_consumer_survey.iep,0000,Indonesia (national),2018-12-01,M,monthly,158.7,index
bi_consumer_survey.iep,0000,Indonesia (national),2019-01-01,M,monthly,153.1,index
bi_consumer_survey.iep,0000,Indonesia (national),2019-02-01,M,monthly,153.6,index
bi_consumer_survey.iep,0000,Indonesia (national),2019-03-01,M,monthly,151.6,index
bi_consumer_survey.iep,0000,Indonesia (national),2019-04-01,M,monthly,152.8,index
bi_consumer_survey.iep,0000,Indonesia (national),2019-05-01,M,monthly,150.4,index
bi_consumer_survey.iep,0000,Indonesia (national),2019-06-01,M,monthly,146.2,index
bi_consumer_survey.iep,0000,Indonesia (national),2019-07-01,M,monthly,150.2,index
bi_consumer_survey.iep,0000,Indonesia (national),2019-08-01,M,monthly,147.0,index
bi_consumer_survey.iep,0000,Indonesia (national),2019-09-01,M,monthly,148.9,index
bi_consumer_survey.iep,0000,Indonesia (national),2019-10-01,M,monthly,146.4,index
bi_consumer_survey.iep,0000,Indonesia (national),2019-11-01,M,monthly,151.2,index
bi_consumer_survey.iep,0000,Indonesia (national),2019-12-01,M,monthly,152.7,index
bi_consumer_survey.iep,0000,Indonesia (national),2020-01-01,M,monthly,146.0,index
bi_consumer_survey.iep,0000,Indonesia (national),2020-02-01,M,monthly,143.9,index
bi_consumer_survey.iep,0000,Indonesia (national),2020-03-01,M,monthly,138.2,index
bi_consumer_survey.iep,0000,Indonesia (national),2020-04-01,M,monthly,116.1,index
bi_consumer_survey.iep,0000,Indonesia (national),2020-05-01,M,monthly,113.8,index
bi_consumer_survey.iep,0000,Indonesia (national),2020-06-01,M,monthly,126.9,index
bi_consumer_survey.iep,0000,Indonesia (national),2020-07-01,M,monthly,125.4,index
bi_consumer_survey.iep,0000,Indonesia (national),2020-08-01,M,monthly,124.7,index
bi_consumer_survey.iep,0000,Indonesia (national),2020-09-01,M,monthly,122.2,index
bi_consumer_survey.iep,0000,Indonesia (national),2020-10-01,M,monthly,118.7,index
bi_consumer_survey.iep,0000,Indonesia (national),2020-11-01,M,monthly,131.2,index
bi_consumer_survey.iep,0000,Indonesia (national),2020-12-01,M,monthly,130.2,index
bi_consumer_survey.iep,0000,Indonesia (national),2021-01-01,M,monthly,115.8,index
bi_consumer_survey.iep,0000,Indonesia (national),2021-02-01,M,monthly,117.1,index
bi_consumer_survey.iep,0000,Indonesia (national),2021-03-01,M,monthly,121.5,index
bi_consumer_survey.iep,0000,Indonesia (national),2021-04-01,M,monthly,126.7,index
bi_consumer_survey.iep,0000,Indonesia (national),2021-05-01,M,monthly,125.0,index
bi_consumer_survey.iep,0000,Indonesia (national),2021-06-01,M,monthly,129.2,index
bi_consumer_survey.iep,0000,Indonesia (national),2021-07-01,M,monthly,104.3,index
bi_consumer_survey.iep,0000,Indonesia (national),2021-08-01,M,monthly,107.3,index
bi_consumer_survey.iep,0000,Indonesia (national),2021-09-01,M,monthly,122.8,index
bi_consumer_survey.iep,0000,Indonesia (national),2021-10-01,M,monthly,136.7,index
bi_consumer_survey.iep,0000,Indonesia (national),2021-11-01,M,monthly,137.9,index
bi_consumer_survey.iep,0000,Indonesia (national),2021-12-01,M,monthly,137.5,index
bi_consumer_survey.iep,0000,Indonesia (national),2022-01-01,M,monthly,139.6,index
bi_consumer_survey.iep,0000,Indonesia (national),2022-02-01,M,monthly,135.3,index
bi_consumer_survey.iep,0000,Indonesia (national),2022-03-01,M,monthly,132.0,index
bi_consumer_survey.iep,0000,Indonesia (national),2022-04-01,M,monthly,131.5,index
bi_consumer_survey.iep,0000,Indonesia (national),2022-05-01,M,monthly,139.4,index
bi_consumer_survey.iep,0000,Indonesia (national),2022-06-01,M,monthly,140.7,index
bi_consumer_survey.iep,0000,Indonesia (national),2022-07-01,M,monthly,138.3,index
bi_consumer_survey.iep,0000,Indonesia (national),2022-08-01,M,monthly,138.2,index
bi_consumer_survey.iep,0000,Indonesia (national),2022-09-01,M,monthly,131.2,index
bi_consumer_survey.iep,0000,Indonesia (national),2022-10-01,M,monthly,132.3,index
bi_consumer_survey.iep,0000,Indonesia (national),2022-11-01,M,monthly,132.0,index
bi_consumer_survey.iep,0000,Indonesia (national),2022-12-01,M,monthly,133.3,index
bi_consumer_survey.iep,0000,Indonesia (national),2023-01-01,M,monthly,137.9,index
bi_consumer_survey.iep,0000,Indonesia (national),2023-02-01,M,monthly,138.0,index
bi_consumer_survey.iep,0000,Indonesia (national),2023-03-01,M,monthly,135.8,index
bi_consumer_survey.iep,0000,Indonesia (national),2023-04-01,M,monthly,137.9,index
bi_consumer_survey.iep,0000,Indonesia (national),2023-05-01,M,monthly,136.9,index
bi_consumer_survey.iep,0000,Indonesia (national),2023-06-01,M,monthly,138.1,index
bi_consumer_survey.iep,0000,Indonesia (national),2023-07-01,M,monthly,136.4,index
bi_consumer_survey.iep,0000,Indonesia (national),2023-08-01,M,monthly,135.2,index
bi_consumer_survey.iep,0000,Indonesia (national),2023-09-01,M,monthly,135.2,index
bi_consumer_survey.iep,0000,Indonesia (national),2023-10-01,M,monthly,135.7,index
bi_consumer_survey.iep,0000,Indonesia (national),2023-11-01,M,monthly,138.0,index
bi_consumer_survey.iep,0000,Indonesia (national),2023-12-01,M,monthly,139.7,index
bi_consumer_survey.iep,0000,Indonesia (national),2024-01-01,M,monthly,134.8,index
bi_consumer_survey.iep,0000,Indonesia (national),2024-02-01,M,monthly,138.6,index
bi_consumer_survey.iep,0000,Indonesia (national),2024-03-01,M,monthly,139.4,index
bi_consumer_survey.iep,0000,Indonesia (national),2024-04-01,M,monthly,140.6,index
bi_consumer_survey.iep,0000,Indonesia (national),2024-05-01,M,monthly,139.0,index
bi_consumer_survey.iep,0000,Indonesia (national),2024-06-01,M,monthly,138.0,index
bi_consumer_survey.iep,0000,Indonesia (national),2024-07-01,M,monthly,137.7,index
bi_consumer_survey.iep,0000,Indonesia (national),2024-08-01,M,monthly,140.0,index
bi_consumer_survey.iep,0000,Indonesia (national),2024-09-01,M,monthly,138.2,index
bi_consumer_survey.iep,0000,Indonesia (national),2024-10-01,M,monthly,138.4,index
bi_consumer_survey.iep,0000,Indonesia (national),2024-11-01,M,monthly,141.7,index
bi_consumer_survey.iep,0000,Indonesia (national),2024-12-01,M,monthly,143.3,index
bi_consumer_survey.iep,0000,Indonesia (national),2025-01-01,M,monthly,144.8,index
bi_consumer_survey.iep,0000,Indonesia (national),2025-02-01,M,monthly,143.3,index
bi_consumer_survey.iep,0000,Indonesia (national),2025-03-01,M,monthly,137.0,index
bi_consumer_survey.iep,0000,Indonesia (national),2025-04-01,M,monthly,137.5,index
bi_consumer_survey.iep,0000,Indonesia (national),2025-05-01,M,monthly,135.4,index
bi_consumer_survey.iep,0000,Indonesia (national),2025-06-01,M,monthly,133.2,index
bi_consumer_survey.iep,0000,Indonesia (national),2025-07-01,M,monthly,136.4,index
bi_consumer_survey.iep,0000,Indonesia (national),2025-08-01,M,monthly,136.7,index
bi_consumer_survey.iep,0000,Indonesia (national),2025-09-01,M,monthly,134.3,index
bi_consumer_survey.iep,0000,Indonesia (national),2025-10-01,M,monthly,138.4,index
bi_consumer_survey.iep,0000,Indonesia (national),2025-11-01,M,monthly,140.6,index
bi_consumer_survey.iep,0000,Indonesia (national),2025-12-01,M,monthly,140.8,index
bi_consumer_survey.iep,0000,Indonesia (national),2026-01-01,M,monthly,146.0,index
bi_consumer_survey.iep,0000,Indonesia (national),2026-02-01,M,monthly,140.7,index
bi_consumer_survey.iep,0000,Indonesia (national),2026-03-01,M,monthly,137.7,index
bi_consumer_survey.iep,0000,Indonesia (national),2026-04-01,M,monthly,136.9,index
bi_consumer_survey.iep,0000,Indonesia (national),2026-05-01,M,monthly,136.5,index
bi_consumer_survey.iep,0000,Indonesia (national),2026-06-01,M,monthly,133.6,index
bi_consumer_survey.iep,0000,Indonesia (national),2026-07-01,M,monthly,133.6,index
bi_consumer_survey.iep,0000,Indonesia (national),2026-08-01,M,monthly,134.9,index
bi_consumer_survey.ike,0000,Indonesia (national),2012-01-01,M,monthly,110.9,index
bi_consumer_survey.ike,0000,Indonesia (national),2012-02-01,M,monthly,103.5,index
bi_consumer_survey.ike,0000,Indonesia (national),2012-03-01,M,monthly,102.4,index
bi_consumer_survey.ike,0000,Indonesia (national),2012-04-01,M,monthly,97.6,index
bi_consumer_survey.ike,0000,Indonesia (national),2012-05-01,M,monthly,103.8,index
bi_consumer_survey.ike,0000,Indonesia (national),2012-06-01,M,monthly,107.6,index
bi_consumer_survey.ike,0000,Indonesia (national),2012-07-01,M,monthly,105.0,index
bi_consumer_survey.ike,0000,Indonesia (national),2012-08-01,M,monthly,107.1,index
bi_consumer_survey.ike,0000,Indonesia (national),2012-09-01,M,monthly,110.2,index
bi_consumer_survey.ike,0000,Indonesia (national),2012-10-01,M,monthly,111.8,index
bi_consumer_survey.ike,0000,Indonesia (national),2012-11-01,M,monthly,113.0,index
bi_consumer_survey.ike,0000,Indonesia (national),2012-12-01,M,monthly,110.2,index
bi_consumer_survey.ike,0000,Indonesia (national),2013-01-01,M,monthly,108.3,index
bi_consumer_survey.ike,0000,Indonesia (national),2013-02-01,M,monthly,109.7,index
bi_consumer_survey.ike,0000,Indonesia (national),2013-03-01,M,monthly,109.3,index
bi_consumer_survey.ike,0000,Indonesia (national),2013-04-01,M,monthly,105.6,index
bi_consumer_survey.ike,0000,Indonesia (national),2013-05-01,M,monthly,108.4,index
bi_consumer_survey.ike,0000,Indonesia (national),2013-06-01,M,monthly,112.1,index
bi_consumer_survey.ike,0000,Indonesia (national),2013-07-01,M,monthly,105.8,index
bi_consumer_survey.ike,0000,Indonesia (national),2013-08-01,M,monthly,104.8,index
bi_consumer_survey.ike,0000,Indonesia (national),2013-09-01,M,monthly,105.7,index
bi_consumer_survey.ike,0000,Indonesia (national),2013-10-01,M,monthly,105.3,index
bi_consumer_survey.ike,0000,Indonesia (national),2013-11-01,M,monthly,107.2,index
bi_consumer_survey.ike,0000,Indonesia (national),2013-12-01,M,monthly,111.6,index
bi_consumer_survey.ike,0000,Indonesia (national),2014-01-01,M,monthly,110.9,index
bi_consumer_survey.ike,0000,Indonesia (national),2014-02-01,M,monthly,111.7,index
bi_consumer_survey.ike,0000,Indonesia (national),2014-03-01,M,monthly,112.5,index
bi_consumer_survey.ike,0000,Indonesia (national),2014-04-01,M,monthly,108.9,index
bi_consumer_survey.ike,0000,Indonesia (national),2014-05-01,M,monthly,112.2,index
bi_consumer_survey.ike,0000,Indonesia (national),2014-06-01,M,monthly,111.1,index
bi_consumer_survey.ike,0000,Indonesia (national),2014-07-01,M,monthly,113.9,index
bi_consumer_survey.ike,0000,Indonesia (national),2014-08-01,M,monthly,115.6,index
bi_consumer_survey.ike,0000,Indonesia (national),2014-09-01,M,monthly,115.8,index
bi_consumer_survey.ike,0000,Indonesia (national),2014-10-01,M,monthly,113.3,index
bi_consumer_survey.ike,0000,Indonesia (national),2014-11-01,M,monthly,114.1,index
bi_consumer_survey.ike,0000,Indonesia (national),2014-12-01,M,monthly,110.2,index
bi_consumer_survey.ike,0000,Indonesia (national),2015-01-01,M,monthly,109.7,index
bi_consumer_survey.ike,0000,Indonesia (national),2015-02-01,M,monthly,110.3,index
bi_consumer_survey.ike,0000,Indonesia (national),2015-03-01,M,monthly,107.5,index
bi_consumer_survey.ike,0000,Indonesia (national),2015-04-01,M,monthly,98.9,index
bi_consumer_survey.ike,0000,Indonesia (national),2015-05-01,M,monthly,102.6,index
bi_consumer_survey.ike,0000,Indonesia (national),2015-06-01,M,monthly,100.3,index
bi_consumer_survey.ike,0000,Indonesia (national),2015-07-01,M,monthly,98.8,index
bi_consumer_survey.ike,0000,Indonesia (national),2015-08-01,M,monthly,101.2,index
bi_consumer_survey.ike,0000,Indonesia (national),2015-09-01,M,monthly,87.8,index
bi_consumer_survey.ike,0000,Indonesia (national),2015-10-01,M,monthly,87.5,index
bi_consumer_survey.ike,0000,Indonesia (national),2015-11-01,M,monthly,92.6,index
bi_consumer_survey.ike,0000,Indonesia (national),2015-12-01,M,monthly,94.0,index
bi_consumer_survey.ike,0000,Indonesia (national),2016-01-01,M,monthly,99.9,index
bi_consumer_survey.ike,0000,Indonesia (national),2016-02-01,M,monthly,98.7,index
bi_consumer_survey.ike,0000,Indonesia (national),2016-03-01,M,monthly,96.6,index
bi_consumer_survey.ike,0000,Indonesia (national),2016-04-01,M,monthly,94.7,index
bi_consumer_survey.ike,0000,Indonesia (national),2016-05-01,M,monthly,96.5,index
bi_consumer_survey.ike,0000,Indonesia (national),2016-06-01,M,monthly,99.9,index
bi_consumer_survey.ike,0000,Indonesia (national),2016-07-01,M,monthly,101.2,index
bi_consumer_survey.ike,0000,Indonesia (national),2016-08-01,M,monthly,97.2,index
bi_consumer_survey.ike,0000,Indonesia (national),2016-09-01,M,monthly,96.0,index
bi_consumer_survey.ike,0000,Indonesia (national),2016-10-01,M,monthly,103.2,index
bi_consumer_survey.ike,0000,Indonesia (national),2016-11-01,M,monthly,102.8,index
bi_consumer_survey.ike,0000,Indonesia (national),2016-12-01,M,monthly,102.9,index
bi_consumer_survey.ike,0000,Indonesia (national),2017-01-01,M,monthly,104.2,index
bi_consumer_survey.ike,0000,Indonesia (national),2017-02-01,M,monthly,105.2,index
bi_consumer_survey.ike,0000,Indonesia (national),2017-03-01,M,monthly,108.7,index
bi_consumer_survey.ike,0000,Indonesia (national),2017-04-01,M,monthly,112.1,index
bi_consumer_survey.ike,0000,Indonesia (national),2017-05-01,M,monthly,115.0,index
bi_consumer_survey.ike,0000,Indonesia (national),2017-06-01,M,monthly,113.7,index
bi_consumer_survey.ike,0000,Indonesia (national),2017-07-01,M,monthly,113.2,index
bi_consumer_survey.ike,0000,Indonesia (national),2017-08-01,M,monthly,110.6,index
bi_consumer_survey.ike,0000,Indonesia (national),2017-09-01,M,monthly,110.3,index
bi_consumer_survey.ike,0000,Indonesia (national),2017-10-01,M,monthly,107.6,index
bi_consumer_survey.ike,0000,Indonesia (national),2017-11-01,M,monthly,109.5,index
bi_consumer_survey.ike,0000,Indonesia (national),2017-12-01,M,monthly,115.1,index
bi_consumer_survey.ike,0000,Indonesia (national),2018-01-01,M,monthly,114.8,index
bi_consumer_survey.ike,0000,Indonesia (national),2018-02-01,M,monthly,112.2,index
bi_consumer_survey.ike,0000,Indonesia (national),2018-03-01,M,monthly,110.2,index
bi_consumer_survey.ike,0000,Indonesia (national),2018-04-01,M,monthly,110.2,index
bi_consumer_survey.ike,0000,Indonesia (national),2018-05-01,M,monthly,116.1,index
bi_consumer_survey.ike,0000,Indonesia (national),2018-06-01,M,monthly,120.8,index
bi_consumer_survey.ike,0000,Indonesia (national),2018-07-01,M,monthly,115.0,index
bi_consumer_survey.ike,0000,Indonesia (national),2018-08-01,M,monthly,109.2,index
bi_consumer_survey.ike,0000,Indonesia (national),2018-09-01,M,monthly,110.2,index
bi_consumer_survey.ike,0000,Indonesia (national),2018-10-01,M,monthly,106.2,index
bi_consumer_survey.ike,0000,Indonesia (national),2018-11-01,M,monthly,109.1,index
bi_consumer_survey.ike,0000,Indonesia (national),2018-12-01,M,monthly,111.9,index
bi_consumer_survey.ike,0000,Indonesia (national),2019-01-01,M,monthly,110.3,index
bi_consumer_survey.ike,0000,Indonesia (national),2019-02-01,M,monthly,109.4,index
bi_consumer_survey.ike,0000,Indonesia (national),2019-03-01,M,monthly,108.9,index
bi_consumer_survey.ike,0000,Indonesia (national),2019-04-01,M,monthly,111.4,index
bi_consumer_survey.ike,0000,Indonesia (national),2019-05-01,M,monthly,113.5,index
bi_consumer_survey.ike,0000,Indonesia (national),2019-06-01,M,monthly,114.7,index
bi_consumer_survey.ike,0000,Indonesia (national),2019-07-01,M,monthly,111.2,index
bi_consumer_survey.ike,0000,Indonesia (national),2019-08-01,M,monthly,110.3,index
bi_consumer_survey.ike,0000,Indonesia (national),2019-09-01,M,monthly,107.5,index
bi_consumer_survey.ike,0000,Indonesia (national),2019-10-01,M,monthly,104.8,index
bi_consumer_survey.ike,0000,Indonesia (national),2019-11-01,M,monthly,109.3,index
bi_consumer_survey.ike,0000,Indonesia (national),2019-12-01,M,monthly,113.1,index
bi_consumer_survey.ike,0000,Indonesia (national),2020-01-01,M,monthly,109.6,index
bi_consumer_survey.ike,0000,Indonesia (national),2020-02-01,M,monthly,105.5,index
bi_consumer_survey.ike,0000,Indonesia (national),2020-03-01,M,monthly,103.3,index
bi_consumer_survey.ike,0000,Indonesia (national),2020-04-01,M,monthly,62.8,index
bi_consumer_survey.ike,0000,Indonesia (national),2020-05-01,M,monthly,50.7,index
bi_consumer_survey.ike,0000,Indonesia (national),2020-06-01,M,monthly,45.8,index
bi_consumer_survey.ike,0000,Indonesia (national),2020-07-01,M,monthly,50.7,index
bi_consumer_survey.ike,0000,Indonesia (national),2020-08-01,M,monthly,55.6,index
bi_consumer_survey.ike,0000,Indonesia (national),2020-09-01,M,monthly,54.1,index
bi_consumer_survey.ike,0000,Indonesia (national),2020-10-01,M,monthly,51.5,index
bi_consumer_survey.ike,0000,Indonesia (national),2020-11-01,M,monthly,60.1,index
bi_consumer_survey.ike,0000,Indonesia (national),2020-12-01,M,monthly,68.6,index
bi_consumer_survey.ike,0000,Indonesia (national),2021-01-01,M,monthly,63.0,index
bi_consumer_survey.ike,0000,Indonesia (national),2021-02-01,M,monthly,65.1,index
bi_consumer_survey.ike,0000,Indonesia (national),2021-03-01,M,monthly,72.6,index
bi_consumer_survey.ike,0000,Indonesia (national),2021-04-01,M,monthly,80.3,index
bi_consumer_survey.ike,0000,Indonesia (national),2021-05-01,M,monthly,86.8,index
bi_consumer_survey.ike,0000,Indonesia (national),2021-06-01,M,monthly,90.3,index
bi_consumer_survey.ike,0000,Indonesia (national),2021-07-01,M,monthly,67.1,index
bi_consumer_survey.ike,0000,Indonesia (national),2021-08-01,M,monthly,59.4,index
bi_consumer_survey.ike,0000,Indonesia (national),2021-09-01,M,monthly,72.7,index
bi_consumer_survey.ike,0000,Indonesia (national),2021-10-01,M,monthly,91.8,index
bi_consumer_survey.ike,0000,Indonesia (national),2021-11-01,M,monthly,99.2,index
bi_consumer_survey.ike,0000,Indonesia (national),2021-12-01,M,monthly,99.9,index
bi_consumer_survey.ike,0000,Indonesia (national),2022-01-01,M,monthly,100.9,index
bi_consumer_survey.ike,0000,Indonesia (national),2022-02-01,M,monthly,95.5,index
bi_consumer_survey.ike,0000,Indonesia (national),2022-03-01,M,monthly,93.9,index
bi_consumer_survey.ike,0000,Indonesia (national),2022-04-01,M,monthly,98.9,index
bi_consumer_survey.ike,0000,Indonesia (national),2022-05-01,M,monthly,116.4,index
bi_consumer_survey.ike,0000,Indonesia (national),2022-06-01,M,monthly,114.5,index
bi_consumer_survey.ike,0000,Indonesia (national),2022-07-01,M,monthly,110.9,index
bi_consumer_survey.ike,0000,Indonesia (national),2022-08-01,M,monthly,111.7,index
bi_consumer_survey.ike,0000,Indonesia (national),2022-09-01,M,monthly,108.3,index
bi_consumer_survey.ike,0000,Indonesia (national),2022-10-01,M,monthly,112.3,index
bi_consumer_survey.ike,0000,Indonesia (national),2022-11-01,M,monthly,110.3,index
bi_consumer_survey.ike,0000,Indonesia (national),2022-12-01,M,monthly,112.4,index
bi_consumer_survey.ike,0000,Indonesia (national),2023-01-01,M,monthly,112.1,index
bi_consumer_survey.ike,0000,Indonesia (national),2023-02-01,M,monthly,112.4,index
bi_consumer_survey.ike,0000,Indonesia (national),2023-03-01,M,monthly,113.1,index
bi_consumer_survey.ike,0000,Indonesia (national),2023-04-01,M,monthly,116.6,index
bi_consumer_survey.ike,0000,Indonesia (national),2023-05-01,M,monthly,118.9,index
bi_consumer_survey.ike,0000,Indonesia (national),2023-06-01,M,monthly,116.8,index
bi_consumer_survey.ike,0000,Indonesia (national),2023-07-01,M,monthly,113.8,index
bi_consumer_survey.ike,0000,Indonesia (national),2023-08-01,M,monthly,115.5,index
bi_consumer_survey.ike,0000,Indonesia (national),2023-09-01,M,monthly,112.2,index
bi_consumer_survey.ike,0000,Indonesia (national),2023-10-01,M,monthly,114.4,index
bi_consumer_survey.ike,0000,Indonesia (national),2023-11-01,M,monthly,113.0,index
bi_consumer_survey.ike,0000,Indonesia (national),2023-12-01,M,monthly,113.6,index
bi_consumer_survey.ike,0000,Indonesia (national),2024-01-01,M,monthly,115.6,index
bi_consumer_survey.ike,0000,Indonesia (national),2024-02-01,M,monthly,110.9,index
bi_consumer_survey.ike,0000,Indonesia (national),2024-03-01,M,monthly,113.8,index
bi_consumer_survey.ike,0000,Indonesia (national),2024-04-01,M,monthly,119.4,index
bi_consumer_survey.ike,0000,Indonesia (national),2024-05-01,M,monthly,115.4,index
bi_consumer_survey.ike,0000,Indonesia (national),2024-06-01,M,monthly,112.9,index
bi_consumer_survey.ike,0000,Indonesia (national),2024-07-01,M,monthly,113.5,index
bi_consumer_survey.ike,0000,Indonesia (national),2024-08-01,M,monthly,114.0,index
bi_consumer_survey.ike,0000,Indonesia (national),2024-09-01,M,monthly,113.9,index
bi_consumer_survey.ike,0000,Indonesia (national),2024-10-01,M,monthly,109.9,index
bi_consumer_survey.ike,0000,Indonesia (national),2024-11-01,M,monthly,113.5,index
bi_consumer_survey.ike,0000,Indonesia (national),2024-12-01,M,monthly,116.0,index
bi_consumer_survey.ike,0000,Indonesia (national),2025-01-01,M,monthly,113.5,index
bi_consumer_survey.ike,0000,Indonesia (national),2025-02-01,M,monthly,114.2,index
bi_consumer_survey.ike,0000,Indonesia (national),2025-03-01,M,monthly,110.6,index
bi_consumer_survey.ike,0000,Indonesia (national),2025-04-01,M,monthly,113.7,index
bi_consumer_survey.ike,0000,Indonesia (national),2025-05-01,M,monthly,106.0,index
bi_consumer_survey.ike,0000,Indonesia (national),2025-06-01,M,monthly,106.7,index
bi_consumer_survey.ike,0000,Indonesia (national),2025-07-01,M,monthly,106.6,index
bi_consumer_survey.ike,0000,Indonesia (national),2025-08-01,M,monthly,105.1,index
bi_consumer_survey.ike,0000,Indonesia (national),2025-09-01,M,monthly,102.7,index
bi_consumer_survey.ike,0000,Indonesia (national),2025-10-01,M,monthly,109.1,index
bi_consumer_survey.ike,0000,Indonesia (national),2025-11-01,M,monthly,111.5,index
bi_consumer_survey.ike,0000,Indonesia (national),2025-12-01,M,monthly,111.4,index
bi_consumer_survey.ike,0000,Indonesia (national),2026-01-01,M,monthly,115.1,index
bi_consumer_survey.ike,0000,Indonesia (national),2026-02-01,M,monthly,115.9,index
bi_consumer_survey.ike,0000,Indonesia (national),2026-03-01,M,monthly,115.4,index
bi_consumer_survey.ike,0000,Indonesia (national),2026-04-01,M,monthly,116.5,index
bi_consumer_survey.ike,0000,Indonesia (national),2026-05-01,M,monthly,112.2,index
bi_consumer_survey.ike,0000,Indonesia (national),2026-06-01,M,monthly,109.2,index
bi_consumer_survey.ike,0000,Indonesia (national),2026-07-01,M,monthly,107.9,index
bi_consumer_survey.ike,0000,Indonesia (national),2026-08-01,M,monthly,109.4,index
bi_consumer_survey.ikk,0000,Indonesia (national),2012-01-01,M,monthly,119.2,index
bi_consumer_survey.ikk,0000,Indonesia (national),2012-02-01,M,monthly,111.7,index
bi_consumer_survey.ikk,0000,Indonesia (national),2012-03-01,M,monthly,107.3,index
bi_consumer_survey.ikk,0000,Indonesia (national),2012-04-01,M,monthly,102.5,index
bi_consumer_survey.ikk,0000,Indonesia (national),2012-05-01,M,monthly,109.0,index
bi_consumer_survey.ikk,0000,Indonesia (national),2012-06-01,M,monthly,114.4,index
bi_consumer_survey.ikk,0000,Indonesia (national),2012-07-01,M,monthly,113.5,index
bi_consumer_survey.ikk,0000,Indonesia (national),2012-08-01,M,monthly,115.7,index
bi_consumer_survey.ikk,0000,Indonesia (national),2012-09-01,M,monthly,117.7,index
bi_consumer_survey.ikk,0000,Indonesia (national),2012-10-01,M,monthly,119.5,index
bi_consumer_survey.ikk,0000,Indonesia (national),2012-11-01,M,monthly,120.1,index
bi_consumer_survey.ikk,0000,Indonesia (national),2012-12-01,M,monthly,116.4,index
bi_consumer_survey.ikk,0000,Indonesia (national),2013-01-01,M,monthly,116.2,index
bi_consumer_survey.ikk,0000,Indonesia (national),2013-02-01,M,monthly,116.8,index
bi_consumer_survey.ikk,0000,Indonesia (national),2013-03-01,M,monthly,116.8,index
bi_consumer_survey.ikk,0000,Indonesia (national),2013-04-01,M,monthly,113.4,index
bi_consumer_survey.ikk,0000,Indonesia (national),2013-05-01,M,monthly,112.8,index
bi_consumer_survey.ikk,0000,Indonesia (national),2013-06-01,M,monthly,117.1,index
bi_consumer_survey.ikk,0000,Indonesia (national),2013-07-01,M,monthly,108.6,index
bi_consumer_survey.ikk,0000,Indonesia (national),2013-08-01,M,monthly,107.8,index
bi_consumer_survey.ikk,0000,Indonesia (national),2013-09-01,M,monthly,107.1,index
bi_consumer_survey.ikk,0000,Indonesia (national),2013-10-01,M,monthly,109.5,index
bi_consumer_survey.ikk,0000,Indonesia (national),2013-11-01,M,monthly,114.3,index
bi_consumer_survey.ikk,0000,Indonesia (national),2013-12-01,M,monthly,116.5,index
bi_consumer_survey.ikk,0000,Indonesia (national),2014-01-01,M,monthly,116.7,index
bi_consumer_survey.ikk,0000,Indonesia (national),2014-02-01,M,monthly,116.2,index
bi_consumer_survey.ikk,0000,Indonesia (national),2014-03-01,M,monthly,118.2,index
bi_consumer_survey.ikk,0000,Indonesia (national),2014-04-01,M,monthly,113.9,index
bi_consumer_survey.ikk,0000,Indonesia (national),2014-05-01,M,monthly,116.9,index
bi_consumer_survey.ikk,0000,Indonesia (national),2014-06-01,M,monthly,116.3,index
bi_consumer_survey.ikk,0000,Indonesia (national),2014-07-01,M,monthly,119.8,index
bi_consumer_survey.ikk,0000,Indonesia (national),2014-08-01,M,monthly,120.2,index
bi_consumer_survey.ikk,0000,Indonesia (national),2014-09-01,M,monthly,119.8,index
bi_consumer_survey.ikk,0000,Indonesia (national),2014-10-01,M,monthly,120.6,index
bi_consumer_survey.ikk,0000,Indonesia (national),2014-11-01,M,monthly,120.1,index
bi_consumer_survey.ikk,0000,Indonesia (national),2014-12-01,M,monthly,116.5,index
bi_consumer_survey.ikk,0000,Indonesia (national),2015-01-01,M,monthly,120.2,index
bi_consumer_survey.ikk,0000,Indonesia (national),2015-02-01,M,monthly,120.2,index
bi_consumer_survey.ikk,0000,Indonesia (national),2015-03-01,M,monthly,116.9,index
bi_consumer_survey.ikk,0000,Indonesia (national),2015-04-01,M,monthly,107.4,index
bi_consumer_survey.ikk,0000,Indonesia (national),2015-05-01,M,monthly,112.8,index
bi_consumer_survey.ikk,0000,Indonesia (national),2015-06-01,M,monthly,111.3,index
bi_consumer_survey.ikk,0000,Indonesia (national),2015-07-01,M,monthly,109.9,index
bi_consumer_survey.ikk,0000,Indonesia (national),2015-08-01,M,monthly,112.6,index
bi_consumer_survey.ikk,0000,Indonesia (national),2015-09-01,M,monthly,97.5,index
bi_consumer_survey.ikk,0000,Indonesia (national),2015-10-01,M,monthly,99.3,index
bi_consumer_survey.ikk,0000,Indonesia (national),2015-11-01,M,monthly,103.7,index
bi_consumer_survey.ikk,0000,Indonesia (national),2015-12-01,M,monthly,107.5,index
bi_consumer_survey.ikk,0000,Indonesia (national),2016-01-01,M,monthly,112.6,index
bi_consumer_survey.ikk,0000,Indonesia (national),2016-02-01,M,monthly,110.0,index
bi_consumer_survey.ikk,0000,Indonesia (national),2016-03-01,M,monthly,109.8,index
bi_consumer_survey.ikk,0000,Indonesia (national),2016-04-01,M,monthly,109.0,index
bi_consumer_survey.ikk,0000,Indonesia (national),2016-05-01,M,monthly,112.1,index
bi_consumer_survey.ikk,0000,Indonesia (national),2016-06-01,M,monthly,113.7,index
bi_consumer_survey.ikk,0000,Indonesia (national),2016-07-01,M,monthly,114.2,index
bi_consumer_survey.ikk,0000,Indonesia (national),2016-08-01,M,monthly,113.3,index
bi_consumer_survey.ikk,0000,Indonesia (national),2016-09-01,M,monthly,110.0,index
bi_consumer_survey.ikk,0000,Indonesia (national),2016-10-01,M,monthly,116.8,index
bi_consumer_survey.ikk,0000,Indonesia (national),2016-11-01,M,monthly,115.9,index
bi_consumer_survey.ikk,0000,Indonesia (national),2016-12-01,M,monthly,115.4,index
bi_consumer_survey.ikk,0000,Indonesia (national),2017-01-01,M,monthly,115.3,index
bi_consumer_survey.ikk,0000,Indonesia (national),2017-02-01,M,monthly,117.1,index
bi_consumer_survey.ikk,0000,Indonesia (national),2017-03-01,M,monthly,121.5,index
bi_consumer_survey.ikk,0000,Indonesia (national),2017-04-01,M,monthly,123.7,index
bi_consumer_survey.ikk,0000,Indonesia (national),2017-05-01,M,monthly,125.9,index
bi_consumer_survey.ikk,0000,Indonesia (national),2017-06-01,M,monthly,122.4,index
bi_consumer_survey.ikk,0000,Indonesia (national),2017-07-01,M,monthly,123.4,index
bi_consumer_survey.ikk,0000,Indonesia (national),2017-08-01,M,monthly,121.9,index
bi_consumer_survey.ikk,0000,Indonesia (national),2017-09-01,M,monthly,123.8,index
bi_consumer_survey.ikk,0000,Indonesia (national),2017-10-01,M,monthly,120.7,index
bi_consumer_survey.ikk,0000,Indonesia (national),2017-11-01,M,monthly,122.1,index
bi_consumer_survey.ikk,0000,Indonesia (national),2017-12-01,M,monthly,126.4,index
bi_consumer_survey.ikk,0000,Indonesia (national),2018-01-01,M,monthly,126.1,index
bi_consumer_survey.ikk,0000,Indonesia (national),2018-02-01,M,monthly,122.5,index
bi_consumer_survey.ikk,0000,Indonesia (national),2018-03-01,M,monthly,121.6,index
bi_consumer_survey.ikk,0000,Indonesia (national),2018-04-01,M,monthly,122.2,index
bi_consumer_survey.ikk,0000,Indonesia (national),2018-05-01,M,monthly,125.1,index
bi_consumer_survey.ikk,0000,Indonesia (national),2018-06-01,M,monthly,128.1,index
bi_consumer_survey.ikk,0000,Indonesia (national),2018-07-01,M,monthly,124.8,index
bi_consumer_survey.ikk,0000,Indonesia (national),2018-08-01,M,monthly,121.6,index
bi_consumer_survey.ikk,0000,Indonesia (national),2018-09-01,M,monthly,122.4,index
bi_consumer_survey.ikk,0000,Indonesia (national),2018-10-01,M,monthly,119.2,index
bi_consumer_survey.ikk,0000,Indonesia (national),2018-11-01,M,monthly,122.7,index
bi_consumer_survey.ikk,0000,Indonesia (national),2018-12-01,M,monthly,127.0,index
bi_consumer_survey.ikk,0000,Indonesia (national),2019-01-01,M,monthly,125.5,index
bi_consumer_survey.ikk,0000,Indonesia (national),2019-02-01,M,monthly,125.1,index
bi_consumer_survey.ikk,0000,Indonesia (national),2019-03-01,M,monthly,124.5,index
bi_consumer_survey.ikk,0000,Indonesia (national),2019-04-01,M,monthly,128.1,index
bi_consumer_survey.ikk,0000,Indonesia (national),2019-05-01,M,monthly,128.2,index
bi_consumer_survey.ikk,0000,Indonesia (national),2019-06-01,M,monthly,126.4,index
bi_consumer_survey.ikk,0000,Indonesia (national),2019-07-01,M,monthly,124.8,index
bi_consumer_survey.ikk,0000,Indonesia (national),2019-08-01,M,monthly,123.1,index
bi_consumer_survey.ikk,0000,Indonesia (national),2019-09-01,M,monthly,121.8,index
bi_consumer_survey.ikk,0000,Indonesia (national),2019-10-01,M,monthly,118.4,index
bi_consumer_survey.ikk,0000,Indonesia (national),2019-11-01,M,monthly,124.2,index
bi_consumer_survey.ikk,0000,Indonesia (national),2019-12-01,M,monthly,126.4,index
bi_consumer_survey.ikk,0000,Indonesia (national),2020-01-01,M,monthly,121.7,index
bi_consumer_survey.ikk,0000,Indonesia (national),2020-02-01,M,monthly,117.7,index
bi_consumer_survey.ikk,0000,Indonesia (national),2020-03-01,M,monthly,113.8,index
bi_consumer_survey.ikk,0000,Indonesia (national),2020-04-01,M,monthly,84.8,index
bi_consumer_survey.ikk,0000,Indonesia (national),2020-05-01,M,monthly,77.8,index
bi_consumer_survey.ikk,0000,Indonesia (national),2020-06-01,M,monthly,83.8,index
bi_consumer_survey.ikk,0000,Indonesia (national),2020-07-01,M,monthly,86.2,index
bi_consumer_survey.ikk,0000,Indonesia (national),2020-08-01,M,monthly,86.9,index
bi_consumer_survey.ikk,0000,Indonesia (national),2020-09-01,M,monthly,83.4,index
bi_consumer_survey.ikk,0000,Indonesia (national),2020-10-01,M,monthly,79.0,index
bi_consumer_survey.ikk,0000,Indonesia (national),2020-11-01,M,monthly,92.0,index
bi_consumer_survey.ikk,0000,Indonesia (national),2020-12-01,M,monthly,96.5,index
bi_consumer_survey.ikk,0000,Indonesia (national),2021-01-01,M,monthly,84.9,index
bi_consumer_survey.ikk,0000,Indonesia (national),2021-02-01,M,monthly,85.8,index
bi_consumer_survey.ikk,0000,Indonesia (national),2021-03-01,M,monthly,93.4,index
bi_consumer_survey.ikk,0000,Indonesia (national),2021-04-01,M,monthly,101.5,index
bi_consumer_survey.ikk,0000,Indonesia (national),2021-05-01,M,monthly,104.4,index
bi_consumer_survey.ikk,0000,Indonesia (national),2021-06-01,M,monthly,107.4,index
bi_consumer_survey.ikk,0000,Indonesia (national),2021-07-01,M,monthly,80.2,index
bi_consumer_survey.ikk,0000,Indonesia (national),2021-08-01,M,monthly,77.3,index
bi_consumer_survey.ikk,0000,Indonesia (national),2021-09-01,M,monthly,95.5,index
bi_consumer_survey.ikk,0000,Indonesia (national),2021-10-01,M,monthly,113.4,index
bi_consumer_survey.ikk,0000,Indonesia (national),2021-11-01,M,monthly,118.5,index
bi_consumer_survey.ikk,0000,Indonesia (national),2021-12-01,M,monthly,118.3,index
bi_consumer_survey.ikk,0000,Indonesia (national),2022-01-01,M,monthly,119.6,index
bi_consumer_survey.ikk,0000,Indonesia (national),2022-02-01,M,monthly,113.1,index
bi_consumer_survey.ikk,0000,Indonesia (national),2022-03-01,M,monthly,111.0,index
bi_consumer_survey.ikk,0000,Indonesia (national),2022-04-01,M,monthly,113.1,index
bi_consumer_survey.ikk,0000,Indonesia (national),2022-05-01,M,monthly,128.9,index
bi_consumer_survey.ikk,0000,Indonesia (national),2022-06-01,M,monthly,128.2,index
bi_consumer_survey.ikk,0000,Indonesia (national),2022-07-01,M,monthly,123.2,index
bi_consumer_survey.ikk,0000,Indonesia (national),2022-08-01,M,monthly,124.7,index
bi_consumer_survey.ikk,0000,Indonesia (national),2022-09-01,M,monthly,117.2,index
bi_consumer_survey.ikk,0000,Indonesia (national),2022-10-01,M,monthly,120.3,index
bi_consumer_survey.ikk,0000,Indonesia (national),2022-11-01,M,monthly,119.1,index
bi_consumer_survey.ikk,0000,Indonesia (national),2022-12-01,M,monthly,119.9,index
bi_consumer_survey.ikk,0000,Indonesia (national),2023-01-01,M,monthly,123.0,index
bi_consumer_survey.ikk,0000,Indonesia (national),2023-02-01,M,monthly,122.4,index
bi_consumer_survey.ikk,0000,Indonesia (national),2023-03-01,M,monthly,123.3,index
bi_consumer_survey.ikk,0000,Indonesia (national),2023-04-01,M,monthly,126.1,index
bi_consumer_survey.ikk,0000,Indonesia (national),2023-05-01,M,monthly,128.3,index
bi_consumer_survey.ikk,0000,Indonesia (national),2023-06-01,M,monthly,127.1,index
bi_consumer_survey.ikk,0000,Indonesia (national),2023-07-01,M,monthly,123.5,index
bi_consumer_survey.ikk,0000,Indonesia (national),2023-08-01,M,monthly,125.2,index
bi_consumer_survey.ikk,0000,Indonesia (national),2023-09-01,M,monthly,121.7,index
bi_consumer_survey.ikk,0000,Indonesia (national),2023-10-01,M,monthly,124.3,index
bi_consumer_survey.ikk,0000,Indonesia (national),2023-11-01,M,monthly,123.6,index
bi_consumer_survey.ikk,0000,Indonesia (national),2023-12-01,M,monthly,123.8,index
bi_consumer_survey.ikk,0000,Indonesia (national),2024-01-01,M,monthly,125.0,index
bi_consumer_survey.ikk,0000,Indonesia (national),2024-02-01,M,monthly,123.1,index
bi_consumer_survey.ikk,0000,Indonesia (national),2024-03-01,M,monthly,123.8,index
bi_consumer_survey.ikk,0000,Indonesia (national),2024-04-01,M,monthly,127.7,index
bi_consumer_survey.ikk,0000,Indonesia (national),2024-05-01,M,monthly,125.2,index
bi_consumer_survey.ikk,0000,Indonesia (national),2024-06-01,M,monthly,123.3,index
bi_consumer_survey.ikk,0000,Indonesia (national),2024-07-01,M,monthly,123.4,index
bi_consumer_survey.ikk,0000,Indonesia (national),2024-08-01,M,monthly,124.4,index
bi_consumer_survey.ikk,0000,Indonesia (national),2024-09-01,M,monthly,123.5,index
bi_consumer_survey.ikk,0000,Indonesia (national),2024-10-01,M,monthly,121.1,index
bi_consumer_survey.ikk,0000,Indonesia (national),2024-11-01,M,monthly,125.9,index
bi_consumer_survey.ikk,0000,Indonesia (national),2024-12-01,M,monthly,127.7,index
bi_consumer_survey.ikk,0000,Indonesia (national),2025-01-01,M,monthly,127.2,index
bi_consumer_survey.ikk,0000,Indonesia (national),2025-02-01,M,monthly,126.4,index
bi_consumer_survey.ikk,0000,Indonesia (national),2025-03-01,M,monthly,121.1,index
bi_consumer_survey.ikk,0000,Indonesia (national),2025-04-01,M,monthly,121.7,index
bi_consumer_survey.ikk,0000,Indonesia (national),2025-05-01,M,monthly,117.5,index
bi_consumer_survey.ikk,0000,Indonesia (national),2025-06-01,M,monthly,117.8,index
bi_consumer_survey.ikk,0000,Indonesia (national),2025-07-01,M,monthly,118.1,index
bi_consumer_survey.ikk,0000,Indonesia (national),2025-08-01,M,monthly,117.2,index
bi_consumer_survey.ikk,0000,Indonesia (national),2025-09-01,M,monthly,115.0,index
bi_consumer_survey.ikk,0000,Indonesia (national),2025-10-01,M,monthly,121.2,index
bi_consumer_survey.ikk,0000,Indonesia (national),2025-11-01,M,monthly,124.0,index
bi_consumer_survey.ikk,0000,Indonesia (national),2025-12-01,M,monthly,123.5,index
bi_consumer_survey.ikk,0000,Indonesia (national),2026-01-01,M,monthly,127.0,index
bi_consumer_survey.ikk,0000,Indonesia (national),2026-02-01,M,monthly,125.2,index
bi_consumer_survey.ikk,0000,Indonesia (national),2026-03-01,M,monthly,122.9,index
bi_consumer_survey.ikk,0000,Indonesia (national),2026-04-01,M,monthly,123.0,index
bi_consumer_survey.ikk,0000,Indonesia (national),2026-05-01,M,monthly,120.9,index
bi_consumer_survey.ikk,0000,Indonesia (national),2026-06-01,M,monthly,117.8,index
bi_consumer_survey.ikk,0000,Indonesia (national),2026-07-01,M,monthly,116.8,index
bi_consumer_survey.ikk,0000,Indonesia (national),2026-08-01,M,monthly,118.5,index
bi_consumer_survey.iklk,0000,Indonesia (national),2012-01-01,M,monthly,97.7,index
bi_consumer_survey.iklk,0000,Indonesia (national),2012-02-01,M,monthly,87.6,index
bi_consumer_survey.iklk,0000,Indonesia (national),2012-03-01,M,monthly,82.9,index
bi_consumer_survey.iklk,0000,Indonesia (national),2012-04-01,M,monthly,82.0,index
bi_consumer_survey.iklk,0000,Indonesia (national),2012-05-01,M,monthly,84.0,index
bi_consumer_survey.iklk,0000,Indonesia (national),2012-06-01,M,monthly,91.9,index
bi_consumer_survey.iklk,0000,Indonesia (national),2012-07-01,M,monthly,87.6,index
bi_consumer_survey.iklk,0000,Indonesia (national),2012-08-01,M,monthly,92.4,index
bi_consumer_survey.iklk,0000,Indonesia (national),2012-09-01,M,monthly,95.7,index
bi_consumer_survey.iklk,0000,Indonesia (national),2012-10-01,M,monthly,99.2,index
bi_consumer_survey.iklk,0000,Indonesia (national),2012-11-01,M,monthly,95.7,index
bi_consumer_survey.iklk,0000,Indonesia (national),2012-12-01,M,monthly,94.1,index
bi_consumer_survey.iklk,0000,Indonesia (national),2013-01-01,M,monthly,96.2,index
bi_consumer_survey.iklk,0000,Indonesia (national),2013-02-01,M,monthly,94.4,index
bi_consumer_survey.iklk,0000,Indonesia (national),2013-03-01,M,monthly,93.4,index
bi_consumer_survey.iklk,0000,Indonesia (national),2013-04-01,M,monthly,90.6,index
bi_consumer_survey.iklk,0000,Indonesia (national),2013-05-01,M,monthly,91.7,index
bi_consumer_survey.iklk,0000,Indonesia (national),2013-06-01,M,monthly,97.4,index
bi_consumer_survey.iklk,0000,Indonesia (national),2013-07-01,M,monthly,89.0,index
bi_consumer_survey.iklk,0000,Indonesia (national),2013-08-01,M,monthly,83.8,index
bi_consumer_survey.iklk,0000,Indonesia (national),2013-09-01,M,monthly,84.5,index
bi_consumer_survey.iklk,0000,Indonesia (national),2013-10-01,M,monthly,86.8,index
bi_consumer_survey.iklk,0000,Indonesia (national),2013-11-01,M,monthly,90.2,index
bi_consumer_survey.iklk,0000,Indonesia (national),2013-12-01,M,monthly,98.5,index
bi_consumer_survey.iklk,0000,Indonesia (national),2014-01-01,M,monthly,93.8,index
bi_consumer_survey.iklk,0000,Indonesia (national),2014-02-01,M,monthly,95.3,index
bi_consumer_survey.iklk,0000,Indonesia (national),2014-03-01,M,monthly,97.6,index
bi_consumer_survey.iklk,0000,Indonesia (national),2014-04-01,M,monthly,93.0,index
bi_consumer_survey.iklk,0000,Indonesia (national),2014-05-01,M,monthly,98.9,index
bi_consumer_survey.iklk,0000,Indonesia (national),2014-06-01,M,monthly,96.7,index
bi_consumer_survey.iklk,0000,Indonesia (national),2014-07-01,M,monthly,97.5,index
bi_consumer_survey.iklk,0000,Indonesia (national),2014-08-01,M,monthly,103.2,index
bi_consumer_survey.iklk,0000,Indonesia (national),2014-09-01,M,monthly,104.3,index
bi_consumer_survey.iklk,0000,Indonesia (national),2014-10-01,M,monthly,99.5,index
bi_consumer_survey.iklk,0000,Indonesia (national),2014-11-01,M,monthly,103.2,index
bi_consumer_survey.iklk,0000,Indonesia (national),2014-12-01,M,monthly,100.5,index
bi_consumer_survey.iklk,0000,Indonesia (national),2015-01-01,M,monthly,96.5,index
bi_consumer_survey.iklk,0000,Indonesia (national),2015-02-01,M,monthly,95.6,index
bi_consumer_survey.iklk,0000,Indonesia (national),2015-03-01,M,monthly,93.5,index
bi_consumer_survey.iklk,0000,Indonesia (national),2015-04-01,M,monthly,84.3,index
bi_consumer_survey.iklk,0000,Indonesia (national),2015-05-01,M,monthly,88.5,index
bi_consumer_survey.iklk,0000,Indonesia (national),2015-06-01,M,monthly,86.1,index
bi_consumer_survey.iklk,0000,Indonesia (national),2015-07-01,M,monthly,84.9,index
bi_consumer_survey.iklk,0000,Indonesia (national),2015-08-01,M,monthly,85.0,index
bi_consumer_survey.iklk,0000,Indonesia (national),2015-09-01,M,monthly,68.6,index
bi_consumer_survey.iklk,0000,Indonesia (national),2015-10-01,M,monthly,66.8,index
bi_consumer_survey.iklk,0000,Indonesia (national),2015-11-01,M,monthly,76.8,index
bi_consumer_survey.iklk,0000,Indonesia (national),2015-12-01,M,monthly,78.5,index
bi_consumer_survey.iklk,0000,Indonesia (national),2016-01-01,M,monthly,88.0,index
bi_consumer_survey.iklk,0000,Indonesia (national),2016-02-01,M,monthly,81.9,index
bi_consumer_survey.iklk,0000,Indonesia (national),2016-03-01,M,monthly,79.3,index
bi_consumer_survey.iklk,0000,Indonesia (national),2016-04-01,M,monthly,80.0,index
bi_consumer_survey.iklk,0000,Indonesia (national),2016-05-01,M,monthly,80.7,index
bi_consumer_survey.iklk,0000,Indonesia (national),2016-06-01,M,monthly,87.0,index
bi_consumer_survey.iklk,0000,Indonesia (national),2016-07-01,M,monthly,85.8,index
bi_consumer_survey.iklk,0000,Indonesia (national),2016-08-01,M,monthly,79.0,index
bi_consumer_survey.iklk,0000,Indonesia (national),2016-09-01,M,monthly,79.5,index
bi_consumer_survey.iklk,0000,Indonesia (national),2016-10-01,M,monthly,89.0,index
bi_consumer_survey.iklk,0000,Indonesia (national),2016-11-01,M,monthly,87.8,index
bi_consumer_survey.iklk,0000,Indonesia (national),2016-12-01,M,monthly,88.6,index
bi_consumer_survey.iklk,0000,Indonesia (national),2017-01-01,M,monthly,88.8,index
bi_consumer_survey.iklk,0000,Indonesia (national),2017-02-01,M,monthly,90.5,index
bi_consumer_survey.iklk,0000,Indonesia (national),2017-03-01,M,monthly,95.1,index
bi_consumer_survey.iklk,0000,Indonesia (national),2017-04-01,M,monthly,98.8,index
bi_consumer_survey.iklk,0000,Indonesia (national),2017-05-01,M,monthly,104.9,index
bi_consumer_survey.iklk,0000,Indonesia (national),2017-06-01,M,monthly,96.6,index
bi_consumer_survey.iklk,0000,Indonesia (national),2017-07-01,M,monthly,98.3,index
bi_consumer_survey.iklk,0000,Indonesia (national),2017-08-01,M,monthly,99.8,index
bi_consumer_survey.iklk,0000,Indonesia (national),2017-09-01,M,monthly,104.0,index
bi_consumer_survey.iklk,0000,Indonesia (national),2017-10-01,M,monthly,98.2,index
bi_consumer_survey.iklk,0000,Indonesia (national),2017-11-01,M,monthly,95.8,index
bi_consumer_survey.iklk,0000,Indonesia (national),2017-12-01,M,monthly,102.0,index
bi_consumer_survey.iklk,0000,Indonesia (national),2018-01-01,M,monthly,100.7,index
bi_consumer_survey.iklk,0000,Indonesia (national),2018-02-01,M,monthly,100.0,index
bi_consumer_survey.iklk,0000,Indonesia (national),2018-03-01,M,monthly,96.1,index
bi_consumer_survey.iklk,0000,Indonesia (national),2018-04-01,M,monthly,95.5,index
bi_consumer_survey.iklk,0000,Indonesia (national),2018-05-01,M,monthly,94.6,index
bi_consumer_survey.iklk,0000,Indonesia (national),2018-06-01,M,monthly,97.4,index
bi_consumer_survey.iklk,0000,Indonesia (national),2018-07-01,M,monthly,96.8,index
bi_consumer_survey.iklk,0000,Indonesia (national),2018-08-01,M,monthly,93.9,index
bi_consumer_survey.iklk,0000,Indonesia (national),2018-09-01,M,monthly,98.6,index
bi_consumer_survey.iklk,0000,Indonesia (national),2018-10-01,M,monthly,91.9,index
bi_consumer_survey.iklk,0000,Indonesia (national),2018-11-01,M,monthly,97.3,index
bi_consumer_survey.iklk,0000,Indonesia (national),2018-12-01,M,monthly,94.7,index
bi_consumer_survey.iklk,0000,Indonesia (national),2019-01-01,M,monthly,96.8,index
bi_consumer_survey.iklk,0000,Indonesia (national),2019-02-01,M,monthly,95.6,index
bi_consumer_survey.iklk,0000,Indonesia (national),2019-03-01,M,monthly,95.2,index
bi_consumer_survey.iklk,0000,Indonesia (national),2019-04-01,M,monthly,95.4,index
bi_consumer_survey.iklk,0000,Indonesia (national),2019-05-01,M,monthly,98.7,index
bi_consumer_survey.iklk,0000,Indonesia (national),2019-06-01,M,monthly,101.0,index
bi_consumer_survey.iklk,0000,Indonesia (national),2019-07-01,M,monthly,96.6,index
bi_consumer_survey.iklk,0000,Indonesia (national),2019-08-01,M,monthly,98.5,index
bi_consumer_survey.iklk,0000,Indonesia (national),2019-09-01,M,monthly,91.9,index
bi_consumer_survey.iklk,0000,Indonesia (national),2019-10-01,M,monthly,89.4,index
bi_consumer_survey.iklk,0000,Indonesia (national),2019-11-01,M,monthly,94.5,index
bi_consumer_survey.iklk,0000,Indonesia (national),2019-12-01,M,monthly,101.1,index
bi_consumer_survey.iklk,0000,Indonesia (national),2020-01-01,M,monthly,97.6,index
bi_consumer_survey.iklk,0000,Indonesia (national),2020-02-01,M,monthly,90.1,index
bi_consumer_survey.iklk,0000,Indonesia (national),2020-03-01,M,monthly,86.0,index
bi_consumer_survey.iklk,0000,Indonesia (national),2020-04-01,M,monthly,41.2,index
bi_consumer_survey.iklk,0000,Indonesia (national),2020-05-01,M,monthly,28.2,index
bi_consumer_survey.iklk,0000,Indonesia (national),2020-06-01,M,monthly,24.5,index
bi_consumer_survey.iklk,0000,Indonesia (national),2020-07-01,M,monthly,30.4,index
bi_consumer_survey.iklk,0000,Indonesia (national),2020-08-01,M,monthly,35.2,index
bi_consumer_survey.iklk,0000,Indonesia (national),2020-09-01,M,monthly,35.3,index
bi_consumer_survey.iklk,0000,Indonesia (national),2020-10-01,M,monthly,32.3,index
bi_consumer_survey.iklk,0000,Indonesia (national),2020-11-01,M,monthly,42.4,index
bi_consumer_survey.iklk,0000,Indonesia (national),2020-12-01,M,monthly,53.5,index
bi_consumer_survey.iklk,0000,Indonesia (national),2021-01-01,M,monthly,43.2,index
bi_consumer_survey.iklk,0000,Indonesia (national),2021-02-01,M,monthly,47.8,index
bi_consumer_survey.iklk,0000,Indonesia (national),2021-03-01,M,monthly,59.6,index
bi_consumer_survey.iklk,0000,Indonesia (national),2021-04-01,M,monthly,68.0,index
bi_consumer_survey.iklk,0000,Indonesia (national),2021-05-01,M,monthly,77.4,index
bi_consumer_survey.iklk,0000,Indonesia (national),2021-06-01,M,monthly,80.4,index
bi_consumer_survey.iklk,0000,Indonesia (national),2021-07-01,M,monthly,50.1,index
bi_consumer_survey.iklk,0000,Indonesia (national),2021-08-01,M,monthly,40.3,index
bi_consumer_survey.iklk,0000,Indonesia (national),2021-09-01,M,monthly,61.3,index
bi_consumer_survey.iklk,0000,Indonesia (national),2021-10-01,M,monthly,86.6,index
bi_consumer_survey.iklk,0000,Indonesia (national),2021-11-01,M,monthly,96.3,index
bi_consumer_survey.iklk,0000,Indonesia (national),2021-12-01,M,monthly,98.1,index
bi_consumer_survey.iklk,0000,Indonesia (national),2022-01-01,M,monthly,96.5,index
bi_consumer_survey.iklk,0000,Indonesia (national),2022-02-01,M,monthly,89.9,index
bi_consumer_survey.iklk,0000,Indonesia (national),2022-03-01,M,monthly,87.7,index
bi_consumer_survey.iklk,0000,Indonesia (national),2022-04-01,M,monthly,95.9,index
bi_consumer_survey.iklk,0000,Indonesia (national),2022-05-01,M,monthly,113.7,index
bi_consumer_survey.iklk,0000,Indonesia (national),2022-06-01,M,monthly,115.6,index
bi_consumer_survey.iklk,0000,Indonesia (national),2022-07-01,M,monthly,111.9,index
bi_consumer_survey.iklk,0000,Indonesia (national),2022-08-01,M,monthly,112.2,index
bi_consumer_survey.iklk,0000,Indonesia (national),2022-09-01,M,monthly,107.9,index
bi_consumer_survey.iklk,0000,Indonesia (national),2022-10-01,M,monthly,111.3,index
bi_consumer_survey.iklk,0000,Indonesia (national),2022-11-01,M,monthly,109.5,index
bi_consumer_survey.iklk,0000,Indonesia (national),2022-12-01,M,monthly,110.9,index
bi_consumer_survey.iklk,0000,Indonesia (national),2023-01-01,M,monthly,112.1,index
bi_consumer_survey.iklk,0000,Indonesia (national),2023-02-01,M,monthly,113.8,index
bi_consumer_survey.iklk,0000,Indonesia (national),2023-03-01,M,monthly,113.9,index
bi_consumer_survey.iklk,0000,Indonesia (national),2023-04-01,M,monthly,118.1,index
bi_consumer_survey.iklk,0000,Indonesia (national),2023-05-01,M,monthly,121.1,index
bi_consumer_survey.iklk,0000,Indonesia (national),2023-06-01,M,monthly,117.6,index
bi_consumer_survey.iklk,0000,Indonesia (national),2023-07-01,M,monthly,113.0,index
bi_consumer_survey.iklk,0000,Indonesia (national),2023-08-01,M,monthly,113.8,index
bi_consumer_survey.iklk,0000,Indonesia (national),2023-09-01,M,monthly,109.6,index
bi_consumer_survey.iklk,0000,Indonesia (national),2023-10-01,M,monthly,117.5,index
bi_consumer_survey.iklk,0000,Indonesia (national),2023-11-01,M,monthly,113.2,index
bi_consumer_survey.iklk,0000,Indonesia (national),2023-12-01,M,monthly,112.7,index
bi_consumer_survey.iklk,0000,Indonesia (national),2024-01-01,M,monthly,118.4,index
bi_consumer_survey.iklk,0000,Indonesia (national),2024-02-01,M,monthly,110.1,index
bi_consumer_survey.iklk,0000,Indonesia (national),2024-03-01,M,monthly,111.9,index
bi_consumer_survey.iklk,0000,Indonesia (national),2024-04-01,M,monthly,117.6,index
bi_consumer_survey.iklk,0000,Indonesia (national),2024-05-01,M,monthly,113.6,index
bi_consumer_survey.iklk,0000,Indonesia (national),2024-06-01,M,monthly,106.8,index
bi_consumer_survey.iklk,0000,Indonesia (national),2024-07-01,M,monthly,107.7,index
bi_consumer_survey.iklk,0000,Indonesia (national),2024-08-01,M,monthly,107.6,index
bi_consumer_survey.iklk,0000,Indonesia (national),2024-09-01,M,monthly,108.2,index
bi_consumer_survey.iklk,0000,Indonesia (national),2024-10-01,M,monthly,104.7,index
bi_consumer_survey.iklk,0000,Indonesia (national),2024-11-01,M,monthly,110.1,index
bi_consumer_survey.iklk,0000,Indonesia (national),2024-12-01,M,monthly,112.2,index
bi_consumer_survey.iklk,0000,Indonesia (national),2025-01-01,M,monthly,107.7,index
bi_consumer_survey.iklk,0000,Indonesia (national),2025-02-01,M,monthly,106.2,index
bi_consumer_survey.iklk,0000,Indonesia (national),2025-03-01,M,monthly,100.3,index
bi_consumer_survey.iklk,0000,Indonesia (national),2025-04-01,M,monthly,101.6,index
bi_consumer_survey.iklk,0000,Indonesia (national),2025-05-01,M,monthly,95.7,index
bi_consumer_survey.iklk,0000,Indonesia (national),2025-06-01,M,monthly,94.1,index
bi_consumer_survey.iklk,0000,Indonesia (national),2025-07-01,M,monthly,95.3,index
bi_consumer_survey.iklk,0000,Indonesia (national),2025-08-01,M,monthly,93.2,index
bi_consumer_survey.iklk,0000,Indonesia (national),2025-09-01,M,monthly,92.0,index
bi_consumer_survey.iklk,0000,Indonesia (national),2025-10-01,M,monthly,102.6,index
bi_consumer_survey.iklk,0000,Indonesia (national),2025-11-01,M,monthly,103.7,index
bi_consumer_survey.iklk,0000,Indonesia (national),2025-12-01,M,monthly,106.5,index
bi_consumer_survey.iklk,0000,Indonesia (national),2026-01-01,M,monthly,109.9,index
bi_consumer_survey.iklk,0000,Indonesia (national),2026-02-01,M,monthly,110.7,index
bi_consumer_survey.iklk,0000,Indonesia (national),2026-03-01,M,monthly,107.8,index
bi_consumer_survey.iklk,0000,Indonesia (national),2026-04-01,M,monthly,108.8,index
bi_consumer_survey.iklk,0000,Indonesia (national),2026-05-01,M,monthly,105.0,index
bi_consumer_survey.iklk,0000,Indonesia (national),2026-06-01,M,monthly,101.8,index
bi_consumer_survey.iklk,0000,Indonesia (national),2026-07-01,M,monthly,101.1,index
bi_consumer_survey.iklk,0000,Indonesia (national),2026-08-01,M,monthly,104.1,index
bi_consumer_survey.ipsi,0000,Indonesia (national),2012-01-01,M,monthly,129.7,index
bi_consumer_survey.ipsi,0000,Indonesia (national),2012-02-01,M,monthly,124.6,index
bi_consumer_survey.ipsi,0000,Indonesia (national),2012-03-01,M,monthly,124.0,index
bi_consumer_survey.ipsi,0000,Indonesia (national),2012-04-01,M,monthly,117.9,index
bi_consumer_survey.ipsi,0000,Indonesia (national),2012-05-01,M,monthly,125.8,index
bi_consumer_survey.ipsi,0000,Indonesia (national),2012-06-01,M,monthly,126.8,index
bi_consumer_survey.ipsi,0000,Indonesia (national),2012-07-01,M,monthly,126.0,index
bi_consumer_survey.ipsi,0000,Indonesia (national),2012-08-01,M,monthly,127.1,index
bi_consumer_survey.ipsi,0000,Indonesia (national),2012-09-01,M,monthly,128.2,index
bi_consumer_survey.ipsi,0000,Indonesia (national),2012-10-01,M,monthly,127.7,index
bi_consumer_survey.ipsi,0000,Indonesia (national),2012-11-01,M,monthly,128.4,index
bi_consumer_survey.ipsi,0000,Indonesia (national),2012-12-01,M,monthly,125.5,index
bi_consumer_survey.ipsi,0000,Indonesia (national),2013-01-01,M,monthly,125.2,index
bi_consumer_survey.ipsi,0000,Indonesia (national),2013-02-01,M,monthly,126.5,index
bi_consumer_survey.ipsi,0000,Indonesia (national),2013-03-01,M,monthly,126.3,index
bi_consumer_survey.ipsi,0000,Indonesia (national),2013-04-01,M,monthly,125.7,index
bi_consumer_survey.ipsi,0000,Indonesia (national),2013-05-01,M,monthly,130.3,index
bi_consumer_survey.ipsi,0000,Indonesia (national),2013-06-01,M,monthly,129.4,index
bi_consumer_survey.ipsi,0000,Indonesia (national),2013-07-01,M,monthly,121.8,index
bi_consumer_survey.ipsi,0000,Indonesia (national),2013-08-01,M,monthly,125.1,index
bi_consumer_survey.ipsi,0000,Indonesia (national),2013-09-01,M,monthly,127.9,index
bi_consumer_survey.ipsi,0000,Indonesia (national),2013-10-01,M,monthly,126.1,index
bi_consumer_survey.ipsi,0000,Indonesia (national),2013-11-01,M,monthly,125.9,index
bi_consumer_survey.ipsi,0000,Indonesia (national),2013-12-01,M,monthly,127.7,index
bi_consumer_survey.ipsi,0000,Indonesia (national),2014-01-01,M,monthly,128.9,index
bi_consumer_survey.ipsi,0000,Indonesia (national),2014-02-01,M,monthly,128.6,index
bi_consumer_survey.ipsi,0000,Indonesia (national),2014-03-01,M,monthly,129.6,index
bi_consumer_survey.ipsi,0000,Indonesia (national),2014-04-01,M,monthly,127.0,index
bi_consumer_survey.ipsi,0000,Indonesia (national),2014-05-01,M,monthly,128.1,index
bi_consumer_survey.ipsi,0000,Indonesia (national),2014-06-01,M,monthly,127.8,index
bi_consumer_survey.ipsi,0000,Indonesia (national),2014-07-01,M,monthly,131.7,index
bi_consumer_survey.ipsi,0000,Indonesia (national),2014-08-01,M,monthly,132.9,index
bi_consumer_survey.ipsi,0000,Indonesia (national),2014-09-01,M,monthly,130.6,index
bi_consumer_survey.ipsi,0000,Indonesia (national),2014-10-01,M,monthly,129.1,index
bi_consumer_survey.ipsi,0000,Indonesia (national),2014-11-01,M,monthly,128.1,index
bi_consumer_survey.ipsi,0000,Indonesia (national),2014-12-01,M,monthly,123.8,index
bi_consumer_survey.ipsi,0000,Indonesia (national),2015-01-01,M,monthly,124.5,index
bi_consumer_survey.ipsi,0000,Indonesia (national),2015-02-01,M,monthly,124.5,index
bi_consumer_survey.ipsi,0000,Indonesia (national),2015-03-01,M,monthly,124.8,index
bi_consumer_survey.ipsi,0000,Indonesia (national),2015-04-01,M,monthly,118.2,index
bi_consumer_survey.ipsi,0000,Indonesia (national),2015-05-01,M,monthly,120.9,index
bi_consumer_survey.ipsi,0000,Indonesia (national),2015-06-01,M,monthly,120.5,index
bi_consumer_survey.ipsi,0000,Indonesia (national),2015-07-01,M,monthly,114.6,index
bi_consumer_survey.ipsi,0000,Indonesia (national),2015-08-01,M,monthly,121.6,index
bi_consumer_survey.ipsi,0000,Indonesia (national),2015-09-01,M,monthly,108.1,index
bi_consumer_survey.ipsi,0000,Indonesia (national),2015-10-01,M,monthly,106.7,index
bi_consumer_survey.ipsi,0000,Indonesia (national),2015-11-01,M,monthly,109.3,index
bi_consumer_survey.ipsi,0000,Indonesia (national),2015-12-01,M,monthly,112.3,index
bi_consumer_survey.ipsi,0000,Indonesia (national),2016-01-01,M,monthly,117.7,index
bi_consumer_survey.ipsi,0000,Indonesia (national),2016-02-01,M,monthly,120.0,index
bi_consumer_survey.ipsi,0000,Indonesia (national),2016-03-01,M,monthly,115.5,index
bi_consumer_survey.ipsi,0000,Indonesia (national),2016-04-01,M,monthly,110.9,index
bi_consumer_survey.ipsi,0000,Indonesia (national),2016-05-01,M,monthly,114.8,index
bi_consumer_survey.ipsi,0000,Indonesia (national),2016-06-01,M,monthly,116.2,index
bi_consumer_survey.ipsi,0000,Indonesia (national),2016-07-01,M,monthly,119.5,index
bi_consumer_survey.ipsi,0000,Indonesia (national),2016-08-01,M,monthly,117.4,index
bi_consumer_survey.ipsi,0000,Indonesia (national),2016-09-01,M,monthly,116.5,index
bi_consumer_survey.ipsi,0000,Indonesia (national),2016-10-01,M,monthly,119.1,index
bi_consumer_survey.ipsi,0000,Indonesia (national),2016-11-01,M,monthly,117.0,index
bi_consumer_survey.ipsi,0000,Indonesia (national),2016-12-01,M,monthly,117.9,index
bi_consumer_survey.ipsi,0000,Indonesia (national),2017-01-01,M,monthly,118.5,index
bi_consumer_survey.ipsi,0000,Indonesia (national),2017-02-01,M,monthly,118.2,index
bi_consumer_survey.ipsi,0000,Indonesia (national),2017-03-01,M,monthly,120.6,index
bi_consumer_survey.ipsi,0000,Indonesia (national),2017-04-01,M,monthly,124.0,index
bi_consumer_survey.ipsi,0000,Indonesia (national),2017-05-01,M,monthly,124.0,index
bi_consumer_survey.ipsi,0000,Indonesia (national),2017-06-01,M,monthly,127.0,index
bi_consumer_survey.ipsi,0000,Indonesia (national),2017-07-01,M,monthly,126.9,index
bi_consumer_survey.ipsi,0000,Indonesia (national),2017-08-01,M,monthly,121.3,index
bi_consumer_survey.ipsi,0000,Indonesia (national),2017-09-01,M,monthly,114.6,index
bi_consumer_survey.ipsi,0000,Indonesia (national),2017-10-01,M,monthly,114.5,index
bi_consumer_survey.ipsi,0000,Indonesia (national),2017-11-01,M,monthly,120.3,index
bi_consumer_survey.ipsi,0000,Indonesia (national),2017-12-01,M,monthly,120.0,index
bi_consumer_survey.ipsi,0000,Indonesia (national),2018-01-01,M,monthly,124.3,index
bi_consumer_survey.ipsi,0000,Indonesia (national),2018-02-01,M,monthly,121.1,index
bi_consumer_survey.ipsi,0000,Indonesia (national),2018-03-01,M,monthly,120.7,index
bi_consumer_survey.ipsi,0000,Indonesia (national),2018-04-01,M,monthly,121.2,index
bi_consumer_survey.ipsi,0000,Indonesia (national),2018-05-01,M,monthly,130.8,index
bi_consumer_survey.ipsi,0000,Indonesia (national),2018-06-01,M,monthly,136.1,index
bi_consumer_survey.ipsi,0000,Indonesia (national),2018-07-01,M,monthly,127.3,index
bi_consumer_survey.ipsi,0000,Indonesia (national),2018-08-01,M,monthly,120.2,index
bi_consumer_survey.ipsi,0000,Indonesia (national),2018-09-01,M,monthly,118.2,index
bi_consumer_survey.ipsi,0000,Indonesia (national),2018-10-01,M,monthly,115.7,index
bi_consumer_survey.ipsi,0000,Indonesia (national),2018-11-01,M,monthly,117.9,index
bi_consumer_survey.ipsi,0000,Indonesia (national),2018-12-01,M,monthly,123.3,index
bi_consumer_survey.ipsi,0000,Indonesia (national),2019-01-01,M,monthly,121.1,index
bi_consumer_survey.ipsi,0000,Indonesia (national),2019-02-01,M,monthly,120.1,index
bi_consumer_survey.ipsi,0000,Indonesia (national),2019-03-01,M,monthly,121.4,index
bi_consumer_survey.ipsi,0000,Indonesia (national),2019-04-01,M,monthly,124.8,index
bi_consumer_survey.ipsi,0000,Indonesia (national),2019-05-01,M,monthly,126.2,index
bi_consumer_survey.ipsi,0000,Indonesia (national),2019-06-01,M,monthly,126.5,index
bi_consumer_survey.ipsi,0000,Indonesia (national),2019-07-01,M,monthly,123.3,index
bi_consumer_survey.ipsi,0000,Indonesia (national),2019-08-01,M,monthly,118.4,index
bi_consumer_survey.ipsi,0000,Indonesia (national),2019-09-01,M,monthly,118.9,index
bi_consumer_survey.ipsi,0000,Indonesia (national),2019-10-01,M,monthly,115.1,index
bi_consumer_survey.ipsi,0000,Indonesia (national),2019-11-01,M,monthly,119.6,index
bi_consumer_survey.ipsi,0000,Indonesia (national),2019-12-01,M,monthly,120.7,index
bi_consumer_survey.ipsi,0000,Indonesia (national),2020-01-01,M,monthly,117.5,index
bi_consumer_survey.ipsi,0000,Indonesia (national),2020-02-01,M,monthly,114.0,index
bi_consumer_survey.ipsi,0000,Indonesia (national),2020-03-01,M,monthly,114.0,index
bi_consumer_survey.ipsi,0000,Indonesia (national),2020-04-01,M,monthly,63.5,index
bi_consumer_survey.ipsi,0000,Indonesia (national),2020-05-01,M,monthly,50.8,index
bi_consumer_survey.ipsi,0000,Indonesia (national),2020-06-01,M,monthly,46.8,index
bi_consumer_survey.ipsi,0000,Indonesia (national),2020-07-01,M,monthly,53.1,index
bi_consumer_survey.ipsi,0000,Indonesia (national),2020-08-01,M,monthly,59.8,index
bi_consumer_survey.ipsi,0000,Indonesia (national),2020-09-01,M,monthly,57.6,index
bi_consumer_survey.ipsi,0000,Indonesia (national),2020-10-01,M,monthly,52.9,index
bi_consumer_survey.ipsi,0000,Indonesia (national),2020-11-01,M,monthly,64.8,index
bi_consumer_survey.ipsi,0000,Indonesia (national),2020-12-01,M,monthly,73.6,index
bi_consumer_survey.ipsi,0000,Indonesia (national),2021-01-01,M,monthly,69.3,index
bi_consumer_survey.ipsi,0000,Indonesia (national),2021-02-01,M,monthly,70.8,index
bi_consumer_survey.ipsi,0000,Indonesia (national),2021-03-01,M,monthly,78.2,index
bi_consumer_survey.ipsi,0000,Indonesia (national),2021-04-01,M,monthly,88.4,index
bi_consumer_survey.ipsi,0000,Indonesia (national),2021-05-01,M,monthly,95.3,index
bi_consumer_survey.ipsi,0000,Indonesia (national),2021-06-01,M,monthly,99.5,index
bi_consumer_survey.ipsi,0000,Indonesia (national),2021-07-01,M,monthly,74.1,index
bi_consumer_survey.ipsi,0000,Indonesia (national),2021-08-01,M,monthly,63.4,index
bi_consumer_survey.ipsi,0000,Indonesia (national),2021-09-01,M,monthly,76.7,index
bi_consumer_survey.ipsi,0000,Indonesia (national),2021-10-01,M,monthly,100.5,index
bi_consumer_survey.ipsi,0000,Indonesia (national),2021-11-01,M,monthly,108.3,index
bi_consumer_survey.ipsi,0000,Indonesia (national),2021-12-01,M,monthly,109.6,index
bi_consumer_survey.ipsi,0000,Indonesia (national),2022-01-01,M,monthly,111.9,index
bi_consumer_survey.ipsi,0000,Indonesia (national),2022-02-01,M,monthly,102.5,index
bi_consumer_survey.ipsi,0000,Indonesia (national),2022-03-01,M,monthly,101.7,index
bi_consumer_survey.ipsi,0000,Indonesia (national),2022-04-01,M,monthly,106.2,index
bi_consumer_survey.ipsi,0000,Indonesia (national),2022-05-01,M,monthly,125.3,index
bi_consumer_survey.ipsi,0000,Indonesia (national),2022-06-01,M,monthly,123.2,index
bi_consumer_survey.ipsi,0000,Indonesia (national),2022-07-01,M,monthly,118.2,index
bi_consumer_survey.ipsi,0000,Indonesia (national),2022-08-01,M,monthly,119.8,index
bi_consumer_survey.ipsi,0000,Indonesia (national),2022-09-01,M,monthly,114.5,index
bi_consumer_survey.ipsi,0000,Indonesia (national),2022-10-01,M,monthly,118.7,index
bi_consumer_survey.ipsi,0000,Indonesia (national),2022-11-01,M,monthly,116.4,index
bi_consumer_survey.ipsi,0000,Indonesia (national),2022-12-01,M,monthly,120.3,index
bi_consumer_survey.ipsi,0000,Indonesia (national),2023-01-01,M,monthly,117.7,index
bi_consumer_survey.ipsi,0000,Indonesia (national),2023-02-01,M,monthly,118.5,index
bi_consumer_survey.ipsi,0000,Indonesia (national),2023-03-01,M,monthly,120.4,index
bi_consumer_survey.ipsi,0000,Indonesia (national),2023-04-01,M,monthly,123.9,index
bi_consumer_survey.ipsi,0000,Indonesia (national),2023-05-01,M,monthly,125.4,index
bi_consumer_survey.ipsi,0000,Indonesia (national),2023-06-01,M,monthly,125.1,index
bi_consumer_survey.ipsi,0000,Indonesia (national),2023-07-01,M,monthly,119.7,index
bi_consumer_survey.ipsi,0000,Indonesia (national),2023-08-01,M,monthly,121.0,index
bi_consumer_survey.ipsi,0000,Indonesia (national),2023-09-01,M,monthly,117.6,index
bi_consumer_survey.ipsi,0000,Indonesia (national),2023-10-01,M,monthly,116.4,index
bi_consumer_survey.ipsi,0000,Indonesia (national),2023-11-01,M,monthly,115.6,index
bi_consumer_survey.ipsi,0000,Indonesia (national),2023-12-01,M,monthly,115.2,index
bi_consumer_survey.ipsi,0000,Indonesia (national),2024-01-01,M,monthly,116.5,index
bi_consumer_survey.ipsi,0000,Indonesia (national),2024-02-01,M,monthly,112.1,index
bi_consumer_survey.ipsi,0000,Indonesia (national),2024-03-01,M,monthly,118.1,index
bi_consumer_survey.ipsi,0000,Indonesia (national),2024-04-01,M,monthly,124.2,index
bi_consumer_survey.ipsi,0000,Indonesia (national),2024-05-01,M,monthly,119.9,index
bi_consumer_survey.ipsi,0000,Indonesia (national),2024-06-01,M,monthly,120.8,index
bi_consumer_survey.ipsi,0000,Indonesia (national),2024-07-01,M,monthly,121.4,index
bi_consumer_survey.ipsi,0000,Indonesia (national),2024-08-01,M,monthly,122.9,index
bi_consumer_survey.ipsi,0000,Indonesia (national),2024-09-01,M,monthly,122.4,index
bi_consumer_survey.ipsi,0000,Indonesia (national),2024-10-01,M,monthly,117.9,index
bi_consumer_survey.ipsi,0000,Indonesia (national),2024-11-01,M,monthly,121.9,index
bi_consumer_survey.ipsi,0000,Indonesia (national),2024-12-01,M,monthly,123.9,index
bi_consumer_survey.ipsi,0000,Indonesia (national),2025-01-01,M,monthly,122.6,index
bi_consumer_survey.ipsi,0000,Indonesia (national),2025-02-01,M,monthly,122.7,index
bi_consumer_survey.ipsi,0000,Indonesia (national),2025-03-01,M,monthly,121.3,index
bi_consumer_survey.ipsi,0000,Indonesia (national),2025-04-01,M,monthly,125.4,index
bi_consumer_survey.ipsi,0000,Indonesia (national),2025-05-01,M,monthly,118.1,index
bi_consumer_survey.ipsi,0000,Indonesia (national),2025-06-01,M,monthly,120.2,index
bi_consumer_survey.ipsi,0000,Indonesia (national),2025-07-01,M,monthly,117.8,index
bi_consumer_survey.ipsi,0000,Indonesia (national),2025-08-01,M,monthly,116.9,index
bi_consumer_survey.ipsi,0000,Indonesia (national),2025-09-01,M,monthly,112.9,index
bi_consumer_survey.ipsi,0000,Indonesia (national),2025-10-01,M,monthly,117.1,index
bi_consumer_survey.ipsi,0000,Indonesia (national),2025-11-01,M,monthly,121.5,index
bi_consumer_survey.ipsi,0000,Indonesia (national),2025-12-01,M,monthly,120.2,index
bi_consumer_survey.ipsi,0000,Indonesia (national),2026-01-01,M,monthly,123.7,index
bi_consumer_survey.ipsi,0000,Indonesia (national),2026-02-01,M,monthly,125.0,index
bi_consumer_survey.ipsi,0000,Indonesia (national),2026-03-01,M,monthly,129.2,index
bi_consumer_survey.ipsi,0000,Indonesia (national),2026-04-01,M,monthly,128.1,index
bi_consumer_survey.ipsi,0000,Indonesia (national),2026-05-01,M,monthly,123.2,index
bi_consumer_survey.ipsi,0000,Indonesia (national),2026-06-01,M,monthly,119.8,index
bi_consumer_survey.ipsi,0000,Indonesia (national),2026-07-01,M,monthly,118.5,index
bi_consumer_survey.ipsi,0000,Indonesia (national),2026-08-01,M,monthly,118.0,index
bi_consumer_survey.price_expectation_12m,0000,Indonesia (national),2012-01-01,M,monthly,186.4,index
bi_consumer_survey.price_expectation_12m,0000,Indonesia (national),2012-02-01,M,monthly,187.6,index
bi_consumer_survey.price_expectation_12m,0000,Indonesia (national),2012-03-01,M,monthly,187.2,index
bi_consumer_survey.price_expectation_12m,0000,Indonesia (national),2012-04-01,M,monthly,187.9,index
bi_consumer_survey.price_expectation_12m,0000,Indonesia (national),2012-05-01,M,monthly,186.4,index
bi_consumer_survey.price_expectation_12m,0000,Indonesia (national),2012-06-01,M,monthly,188.1,index
bi_consumer_survey.price_expectation_12m,0000,Indonesia (national),2012-07-01,M,monthly,186.6,index
bi_consumer_survey.price_expectation_12m,0000,Indonesia (national),2012-08-01,M,monthly,184.4,index
bi_consumer_survey.price_expectation_12m,0000,Indonesia (national),2012-09-01,M,monthly,183.3,index
bi_consumer_survey.price_expectation_12m,0000,Indonesia (national),2012-10-01,M,monthly,184.1,index
bi_consumer_survey.price_expectation_12m,0000,Indonesia (national),2012-11-01,M,monthly,186.4,index
bi_consumer_survey.price_expectation_12m,0000,Indonesia (national),2012-12-01,M,monthly,189.4,index
bi_consumer_survey.price_expectation_12m,0000,Indonesia (national),2013-01-01,M,monthly,187.4,index
bi_consumer_survey.price_expectation_12m,0000,Indonesia (national),2013-02-01,M,monthly,185.5,index
bi_consumer_survey.price_expectation_12m,0000,Indonesia (national),2013-03-01,M,monthly,185.9,index
bi_consumer_survey.price_expectation_12m,0000,Indonesia (national),2013-04-01,M,monthly,182.9,index
bi_consumer_survey.price_expectation_12m,0000,Indonesia (national),2013-05-01,M,monthly,186.6,index
bi_consumer_survey.price_expectation_12m,0000,Indonesia (national),2013-06-01,M,monthly,184.8,index
bi_consumer_survey.price_expectation_12m,0000,Indonesia (national),2013-07-01,M,monthly,179.7,index
bi_consumer_survey.price_expectation_12m,0000,Indonesia (national),2013-08-01,M,monthly,172.6,index
bi_consumer_survey.price_expectation_12m,0000,Indonesia (national),2013-09-01,M,monthly,177.0,index
bi_consumer_survey.price_expectation_12m,0000,Indonesia (national),2013-10-01,M,monthly,180.1,index
bi_consumer_survey.price_expectation_12m,0000,Indonesia (national),2013-11-01,M,monthly,182.5,index
bi_consumer_survey.price_expectation_12m,0000,Indonesia (national),2013-12-01,M,monthly,180.2,index
bi_consumer_survey.price_expectation_12m,0000,Indonesia (national),2014-01-01,M,monthly,182.2,index
bi_consumer_survey.price_expectation_12m,0000,Indonesia (national),2014-02-01,M,monthly,181.6,index
bi_consumer_survey.price_expectation_12m,0000,Indonesia (national),2014-03-01,M,monthly,185.1,index
bi_consumer_survey.price_expectation_12m,0000,Indonesia (national),2014-04-01,M,monthly,178.1,index
bi_consumer_survey.price_expectation_12m,0000,Indonesia (national),2014-05-01,M,monthly,180.4,index
bi_consumer_survey.price_expectation_12m,0000,Indonesia (national),2014-06-01,M,monthly,179.2,index
bi_consumer_survey.price_expectation_12m,0000,Indonesia (national),2014-07-01,M,monthly,176.3,index
bi_consumer_survey.price_expectation_12m,0000,Indonesia (national),2014-08-01,M,monthly,173.1,index
bi_consumer_survey.price_expectation_12m,0000,Indonesia (national),2014-09-01,M,monthly,177.6,index
bi_consumer_survey.price_expectation_12m,0000,Indonesia (national),2014-10-01,M,monthly,177.2,index
bi_consumer_survey.price_expectation_12m,0000,Indonesia (national),2014-11-01,M,monthly,183.2,index
bi_consumer_survey.price_expectation_12m,0000,Indonesia (national),2014-12-01,M,monthly,178.4,index
bi_consumer_survey.price_expectation_12m,0000,Indonesia (national),2015-01-01,M,monthly,169.4,index
bi_consumer_survey.price_expectation_12m,0000,Indonesia (national),2015-02-01,M,monthly,169.1,index
bi_consumer_survey.price_expectation_12m,0000,Indonesia (national),2015-03-01,M,monthly,173.2,index
bi_consumer_survey.price_expectation_12m,0000,Indonesia (national),2015-04-01,M,monthly,177.0,index
bi_consumer_survey.price_expectation_12m,0000,Indonesia (national),2015-05-01,M,monthly,177.0,index
bi_consumer_survey.price_expectation_12m,0000,Indonesia (national),2015-06-01,M,monthly,175.9,index
bi_consumer_survey.price_expectation_12m,0000,Indonesia (national),2015-07-01,M,monthly,171.1,index
bi_consumer_survey.price_expectation_12m,0000,Indonesia (national),2015-08-01,M,monthly,171.4,index
bi_consumer_survey.price_expectation_12m,0000,Indonesia (national),2015-09-01,M,monthly,168.1,index
bi_consumer_survey.price_expectation_12m,0000,Indonesia (national),2015-10-01,M,monthly,164.0,index
bi_consumer_survey.price_expectation_12m,0000,Indonesia (national),2015-11-01,M,monthly,169.0,index
bi_consumer_survey.price_expectation_12m,0000,Indonesia (national),2015-12-01,M,monthly,176.2,index
bi_consumer_survey.price_expectation_12m,0000,Indonesia (national),2016-01-01,M,monthly,168.3,index
bi_consumer_survey.price_expectation_12m,0000,Indonesia (national),2016-02-01,M,monthly,173.3,index
bi_consumer_survey.price_expectation_12m,0000,Indonesia (national),2016-03-01,M,monthly,171.5,index
bi_consumer_survey.price_expectation_12m,0000,Indonesia (national),2016-04-01,M,monthly,165.4,index
bi_consumer_survey.price_expectation_12m,0000,Indonesia (national),2016-05-01,M,monthly,168.1,index
bi_consumer_survey.price_expectation_12m,0000,Indonesia (national),2016-06-01,M,monthly,165.5,index
bi_consumer_survey.price_expectation_12m,0000,Indonesia (national),2016-07-01,M,monthly,164.1,index
bi_consumer_survey.price_expectation_12m,0000,Indonesia (national),2016-08-01,M,monthly,165.0,index
bi_consumer_survey.price_expectation_12m,0000,Indonesia (national),2016-09-01,M,monthly,174.0,index
bi_consumer_survey.price_expectation_12m,0000,Indonesia (national),2016-10-01,M,monthly,170.3,index
bi_consumer_survey.price_expectation_12m,0000,Indonesia (national),2016-11-01,M,monthly,167.1,index
bi_consumer_survey.price_expectation_12m,0000,Indonesia (national),2016-12-01,M,monthly,169.0,index
bi_consumer_survey.price_expectation_12m,0000,Indonesia (national),2017-01-01,M,monthly,174.8,index
bi_consumer_survey.price_expectation_12m,0000,Indonesia (national),2017-02-01,M,monthly,176.1,index
bi_consumer_survey.price_expectation_12m,0000,Indonesia (national),2017-03-01,M,monthly,174.5,index
bi_consumer_survey.price_expectation_12m,0000,Indonesia (national),2017-04-01,M,monthly,178.1,index
bi_consumer_survey.price_expectation_12m,0000,Indonesia (national),2017-05-01,M,monthly,176.4,index
bi_consumer_survey.price_expectation_12m,0000,Indonesia (national),2017-06-01,M,monthly,176.0,index
bi_consumer_survey.price_expectation_12m,0000,Indonesia (national),2017-07-01,M,monthly,177.1,index
bi_consumer_survey.price_expectation_12m,0000,Indonesia (national),2017-08-01,M,monthly,175.8,index
bi_consumer_survey.price_expectation_12m,0000,Indonesia (national),2017-09-01,M,monthly,173.6,index
bi_consumer_survey.price_expectation_12m,0000,Indonesia (national),2017-10-01,M,monthly,175.5,index
bi_consumer_survey.price_expectation_12m,0000,Indonesia (national),2017-11-01,M,monthly,176.0,index
bi_consumer_survey.price_expectation_12m,0000,Indonesia (national),2017-12-01,M,monthly,178.6,index
bi_consumer_survey.price_expectation_12m,0000,Indonesia (national),2018-01-01,M,monthly,180.1,index
bi_consumer_survey.price_expectation_12m,0000,Indonesia (national),2018-02-01,M,monthly,178.2,index
bi_consumer_survey.price_expectation_12m,0000,Indonesia (national),2018-03-01,M,monthly,180.0,index
bi_consumer_survey.price_expectation_12m,0000,Indonesia (national),2018-04-01,M,monthly,179.7,index
bi_consumer_survey.price_expectation_12m,0000,Indonesia (national),2018-05-01,M,monthly,180.2,index
bi_consumer_survey.price_expectation_12m,0000,Indonesia (national),2018-06-01,M,monthly,178.0,index
bi_consumer_survey.price_expectation_12m,0000,Indonesia (national),2018-07-01,M,monthly,178.1,index
bi_consumer_survey.price_expectation_12m,0000,Indonesia (national),2018-08-01,M,monthly,177.4,index
bi_consumer_survey.price_expectation_12m,0000,Indonesia (national),2018-09-01,M,monthly,175.4,index
bi_consumer_survey.price_expectation_12m,0000,Indonesia (national),2018-10-01,M,monthly,169.1,index
bi_consumer_survey.price_expectation_12m,0000,Indonesia (national),2018-11-01,M,monthly,173.0,index
bi_consumer_survey.price_expectation_12m,0000,Indonesia (national),2018-12-01,M,monthly,176.3,index
bi_consumer_survey.price_expectation_12m,0000,Indonesia (national),2019-01-01,M,monthly,171.5,index
bi_consumer_survey.price_expectation_12m,0000,Indonesia (national),2019-02-01,M,monthly,171.6,index
bi_consumer_survey.price_expectation_12m,0000,Indonesia (national),2019-03-01,M,monthly,169.2,index
bi_consumer_survey.price_expectation_12m,0000,Indonesia (national),2019-04-01,M,monthly,166.4,index
bi_consumer_survey.price_expectation_12m,0000,Indonesia (national),2019-05-01,M,monthly,169.3,index
bi_consumer_survey.price_expectation_12m,0000,Indonesia (national),2019-06-01,M,monthly,176.0,index
bi_consumer_survey.price_expectation_12m,0000,Indonesia (national),2019-07-01,M,monthly,178.7,index
bi_consumer_survey.price_expectation_12m,0000,Indonesia (national),2019-08-01,M,monthly,178.2,index
bi_consumer_survey.price_expectation_12m,0000,Indonesia (national),2019-09-01,M,monthly,179.6,index
bi_consumer_survey.price_expectation_12m,0000,Indonesia (national),2019-10-01,M,monthly,177.0,index
bi_consumer_survey.price_expectation_12m,0000,Indonesia (national),2019-11-01,M,monthly,175.8,index
bi_consumer_survey.price_expectation_12m,0000,Indonesia (national),2019-12-01,M,monthly,179.1,index
bi_consumer_survey.price_expectation_12m,0000,Indonesia (national),2020-01-01,M,monthly,183.9,index
bi_consumer_survey.price_expectation_12m,0000,Indonesia (national),2020-02-01,M,monthly,184.9,index
bi_consumer_survey.price_expectation_12m,0000,Indonesia (national),2020-03-01,M,monthly,185.6,index
bi_consumer_survey.price_expectation_3m,0000,Indonesia (national),2012-01-01,M,monthly,170.4,index
bi_consumer_survey.price_expectation_3m,0000,Indonesia (national),2012-02-01,M,monthly,172.0,index
bi_consumer_survey.price_expectation_3m,0000,Indonesia (national),2012-03-01,M,monthly,186.0,index
bi_consumer_survey.price_expectation_3m,0000,Indonesia (national),2012-04-01,M,monthly,178.1,index
bi_consumer_survey.price_expectation_3m,0000,Indonesia (national),2012-05-01,M,monthly,183.4,index
bi_consumer_survey.price_expectation_3m,0000,Indonesia (national),2012-06-01,M,monthly,183.4,index
bi_consumer_survey.price_expectation_3m,0000,Indonesia (national),2012-07-01,M,monthly,182.5,index
bi_consumer_survey.price_expectation_3m,0000,Indonesia (national),2012-08-01,M,monthly,168.0,index
bi_consumer_survey.price_expectation_3m,0000,Indonesia (national),2012-09-01,M,monthly,172.0,index
bi_consumer_survey.price_expectation_3m,0000,Indonesia (national),2012-10-01,M,monthly,173.7,index
bi_consumer_survey.price_expectation_3m,0000,Indonesia (national),2012-11-01,M,monthly,175.1,index
bi_consumer_survey.price_expectation_3m,0000,Indonesia (national),2012-12-01,M,monthly,178.8,index
bi_consumer_survey.price_expectation_3m,0000,Indonesia (national),2013-01-01,M,monthly,174.1,index
bi_consumer_survey.price_expectation_3m,0000,Indonesia (national),2013-02-01,M,monthly,168.2,index
bi_consumer_survey.price_expectation_3m,0000,Indonesia (national),2013-03-01,M,monthly,171.7,index
bi_consumer_survey.price_expectation_3m,0000,Indonesia (national),2013-04-01,M,monthly,174.8,index
bi_consumer_survey.price_expectation_3m,0000,Indonesia (national),2013-05-01,M,monthly,189.6,index
bi_consumer_survey.price_expectation_3m,0000,Indonesia (national),2013-06-01,M,monthly,187.2,index
bi_consumer_survey.price_expectation_3m,0000,Indonesia (national),2013-07-01,M,monthly,175.4,index
bi_consumer_survey.price_expectation_3m,0000,Indonesia (national),2013-08-01,M,monthly,166.0,index
bi_consumer_survey.price_expectation_3m,0000,Indonesia (national),2013-09-01,M,monthly,171.5,index
bi_consumer_survey.price_expectation_3m,0000,Indonesia (national),2013-10-01,M,monthly,170.6,index
bi_consumer_survey.price_expectation_3m,0000,Indonesia (national),2013-11-01,M,monthly,172.8,index
bi_consumer_survey.price_expectation_3m,0000,Indonesia (national),2013-12-01,M,monthly,170.7,index
bi_consumer_survey.price_expectation_3m,0000,Indonesia (national),2014-01-01,M,monthly,173.9,index
bi_consumer_survey.price_expectation_3m,0000,Indonesia (national),2014-02-01,M,monthly,170.7,index
bi_consumer_survey.price_expectation_3m,0000,Indonesia (national),2014-03-01,M,monthly,175.2,index
bi_consumer_survey.price_expectation_3m,0000,Indonesia (national),2014-04-01,M,monthly,176.3,index
bi_consumer_survey.price_expectation_3m,0000,Indonesia (national),2014-05-01,M,monthly,182.0,index
bi_consumer_survey.price_expectation_3m,0000,Indonesia (national),2014-06-01,M,monthly,163.2,index
bi_consumer_survey.price_expectation_3m,0000,Indonesia (national),2014-07-01,M,monthly,156.0,index
bi_consumer_survey.price_expectation_3m,0000,Indonesia (national),2014-08-01,M,monthly,157.3,index
bi_consumer_survey.price_expectation_3m,0000,Indonesia (national),2014-09-01,M,monthly,177.2,index
bi_consumer_survey.price_expectation_3m,0000,Indonesia (national),2014-10-01,M,monthly,174.1,index
bi_consumer_survey.price_expectation_3m,0000,Indonesia (national),2014-11-01,M,monthly,184.7,index
bi_consumer_survey.price_expectation_3m,0000,Indonesia (national),2014-12-01,M,monthly,172.5,index
bi_consumer_survey.price_expectation_3m,0000,Indonesia (national),2015-01-01,M,monthly,150.6,index
bi_consumer_survey.price_expectation_3m,0000,Indonesia (national),2015-02-01,M,monthly,142.5,index
bi_consumer_survey.price_expectation_3m,0000,Indonesia (national),2015-03-01,M,monthly,168.8,index
bi_consumer_survey.price_expectation_3m,0000,Indonesia (national),2015-04-01,M,monthly,179.8,index
bi_consumer_survey.price_expectation_3m,0000,Indonesia (national),2015-05-01,M,monthly,173.9,index
bi_consumer_survey.price_expectation_3m,0000,Indonesia (national),2015-06-01,M,monthly,162.0,index
bi_consumer_survey.price_expectation_3m,0000,Indonesia (national),2015-07-01,M,monthly,144.4,index
bi_consumer_survey.price_expectation_3m,0000,Indonesia (national),2015-08-01,M,monthly,155.0,index
bi_consumer_survey.price_expectation_3m,0000,Indonesia (national),2015-09-01,M,monthly,164.5,index
bi_consumer_survey.price_expectation_3m,0000,Indonesia (national),2015-10-01,M,monthly,151.7,index
bi_consumer_survey.price_expectation_3m,0000,Indonesia (national),2015-11-01,M,monthly,152.3,index
bi_consumer_survey.price_expectation_3m,0000,Indonesia (national),2015-12-01,M,monthly,160.6,index
bi_consumer_survey.price_expectation_3m,0000,Indonesia (national),2016-01-01,M,monthly,158.1,index
bi_consumer_survey.price_expectation_3m,0000,Indonesia (national),2016-02-01,M,monthly,164.4,index
bi_consumer_survey.price_expectation_3m,0000,Indonesia (national),2016-03-01,M,monthly,171.4,index
bi_consumer_survey.price_expectation_3m,0000,Indonesia (national),2016-04-01,M,monthly,174.0,index
bi_consumer_survey.price_expectation_3m,0000,Indonesia (national),2016-05-01,M,monthly,171.3,index
bi_consumer_survey.price_expectation_3m,0000,Indonesia (national),2016-06-01,M,monthly,156.4,index
bi_consumer_survey.price_expectation_3m,0000,Indonesia (national),2016-07-01,M,monthly,143.7,index
bi_consumer_survey.price_expectation_3m,0000,Indonesia (national),2016-08-01,M,monthly,151.1,index
bi_consumer_survey.price_expectation_3m,0000,Indonesia (national),2016-09-01,M,monthly,168.7,index
bi_consumer_survey.price_expectation_3m,0000,Indonesia (national),2016-10-01,M,monthly,165.6,index
bi_consumer_survey.price_expectation_3m,0000,Indonesia (national),2016-11-01,M,monthly,164.9,index
bi_consumer_survey.price_expectation_3m,0000,Indonesia (national),2016-12-01,M,monthly,162.8,index
bi_consumer_survey.price_expectation_3m,0000,Indonesia (national),2017-01-01,M,monthly,171.8,index
bi_consumer_survey.price_expectation_3m,0000,Indonesia (national),2017-02-01,M,monthly,170.8,index
bi_consumer_survey.price_expectation_3m,0000,Indonesia (national),2017-03-01,M,monthly,171.7,index
bi_consumer_survey.price_expectation_3m,0000,Indonesia (national),2017-04-01,M,monthly,176.5,index
bi_consumer_survey.price_expectation_3m,0000,Indonesia (national),2017-05-01,M,monthly,177.0,index
bi_consumer_survey.price_expectation_3m,0000,Indonesia (national),2017-06-01,M,monthly,163.9,index
bi_consumer_survey.price_expectation_3m,0000,Indonesia (national),2017-07-01,M,monthly,164.8,index
bi_consumer_survey.price_expectation_3m,0000,Indonesia (national),2017-08-01,M,monthly,165.5,index
bi_consumer_survey.price_expectation_3m,0000,Indonesia (national),2017-09-01,M,monthly,169.3,index
bi_consumer_survey.price_expectation_3m,0000,Indonesia (national),2017-10-01,M,monthly,170.0,index
bi_consumer_survey.price_expectation_3m,0000,Indonesia (national),2017-11-01,M,monthly,170.9,index
bi_consumer_survey.price_expectation_3m,0000,Indonesia (national),2017-12-01,M,monthly,173.2,index
bi_consumer_survey.price_expectation_3m,0000,Indonesia (national),2018-01-01,M,monthly,171.1,index
bi_consumer_survey.price_expectation_3m,0000,Indonesia (national),2018-02-01,M,monthly,175.3,index
bi_consumer_survey.price_expectation_3m,0000,Indonesia (national),2018-03-01,M,monthly,184.4,index
bi_consumer_survey.price_expectation_3m,0000,Indonesia (national),2018-04-01,M,monthly,183.6,index
bi_consumer_survey.price_expectation_3m,0000,Indonesia (national),2018-05-01,M,monthly,180.0,index
bi_consumer_survey.price_expectation_3m,0000,Indonesia (national),2018-06-01,M,monthly,171.0,index
bi_consumer_survey.price_expectation_3m,0000,Indonesia (national),2018-07-01,M,monthly,172.7,index
bi_consumer_survey.price_expectation_3m,0000,Indonesia (national),2018-08-01,M,monthly,172.6,index
bi_consumer_survey.price_expectation_3m,0000,Indonesia (national),2018-09-01,M,monthly,177.1,index
bi_consumer_survey.price_expectation_3m,0000,Indonesia (national),2018-10-01,M,monthly,176.4,index
bi_consumer_survey.price_expectation_3m,0000,Indonesia (national),2018-11-01,M,monthly,174.1,index
bi_consumer_survey.price_expectation_3m,0000,Indonesia (national),2018-12-01,M,monthly,175.2,index
bi_consumer_survey.price_expectation_3m,0000,Indonesia (national),2019-01-01,M,monthly,166.7,index
bi_consumer_survey.price_expectation_3m,0000,Indonesia (national),2019-02-01,M,monthly,169.0,index
bi_consumer_survey.price_expectation_3m,0000,Indonesia (national),2019-03-01,M,monthly,173.4,index
bi_consumer_survey.price_expectation_3m,0000,Indonesia (national),2019-04-01,M,monthly,163.6,index
bi_consumer_survey.price_expectation_3m,0000,Indonesia (national),2019-05-01,M,monthly,167.6,index
bi_consumer_survey.price_expectation_3m,0000,Indonesia (national),2019-06-01,M,monthly,156.6,index
bi_consumer_survey.price_expectation_3m,0000,Indonesia (national),2019-07-01,M,monthly,166.1,index
bi_consumer_survey.price_expectation_3m,0000,Indonesia (national),2019-08-01,M,monthly,165.5,index
bi_consumer_survey.price_expectation_3m,0000,Indonesia (national),2019-09-01,M,monthly,175.3,index
bi_consumer_survey.price_expectation_3m,0000,Indonesia (national),2019-10-01,M,monthly,176.2,index
bi_consumer_survey.price_expectation_3m,0000,Indonesia (national),2019-11-01,M,monthly,173.0,index
bi_consumer_survey.price_expectation_3m,0000,Indonesia (national),2019-12-01,M,monthly,174.6,index
bi_consumer_survey.price_expectation_6m,0000,Indonesia (national),2012-01-01,M,monthly,181.3,index
bi_consumer_survey.price_expectation_6m,0000,Indonesia (national),2012-02-01,M,monthly,184.4,index
bi_consumer_survey.price_expectation_6m,0000,Indonesia (national),2012-03-01,M,monthly,187.7,index
bi_consumer_survey.price_expectation_6m,0000,Indonesia (national),2012-04-01,M,monthly,185.6,index
bi_consumer_survey.price_expectation_6m,0000,Indonesia (national),2012-05-01,M,monthly,180.9,index
bi_consumer_survey.price_expectation_6m,0000,Indonesia (national),2012-06-01,M,monthly,184.2,index
bi_consumer_survey.price_expectation_6m,0000,Indonesia (national),2012-07-01,M,monthly,186.5,index
bi_consumer_survey.price_expectation_6m,0000,Indonesia (national),2012-08-01,M,monthly,174.5,index
bi_consumer_survey.price_expectation_6m,0000,Indonesia (national),2012-09-01,M,monthly,175.8,index
bi_consumer_survey.price_expectation_6m,0000,Indonesia (national),2012-10-01,M,monthly,178.0,index
bi_consumer_survey.price_expectation_6m,0000,Indonesia (national),2012-11-01,M,monthly,179.9,index
bi_consumer_survey.price_expectation_6m,0000,Indonesia (national),2012-12-01,M,monthly,184.8,index
bi_consumer_survey.price_expectation_6m,0000,Indonesia (national),2013-01-01,M,monthly,182.5,index
bi_consumer_survey.price_expectation_6m,0000,Indonesia (national),2013-02-01,M,monthly,183.4,index
bi_consumer_survey.price_expectation_6m,0000,Indonesia (national),2013-03-01,M,monthly,181.2,index
bi_consumer_survey.price_expectation_6m,0000,Indonesia (national),2013-04-01,M,monthly,175.8,index
bi_consumer_survey.price_expectation_6m,0000,Indonesia (national),2013-05-01,M,monthly,185.8,index
bi_consumer_survey.price_expectation_6m,0000,Indonesia (national),2013-06-01,M,monthly,186.3,index
bi_consumer_survey.price_expectation_6m,0000,Indonesia (national),2013-07-01,M,monthly,177.0,index
bi_consumer_survey.price_expectation_6m,0000,Indonesia (national),2013-08-01,M,monthly,171.2,index
bi_consumer_survey.price_expectation_6m,0000,Indonesia (national),2013-09-01,M,monthly,173.8,index
bi_consumer_survey.price_expectation_6m,0000,Indonesia (national),2013-10-01,M,monthly,175.4,index
bi_consumer_survey.price_expectation_6m,0000,Indonesia (national),2013-11-01,M,monthly,175.9,index
bi_consumer_survey.price_expectation_6m,0000,Indonesia (national),2013-12-01,M,monthly,179.5,index
bi_consumer_survey.price_expectation_6m,0000,Indonesia (national),2014-01-01,M,monthly,180.3,index
bi_consumer_survey.price_expectation_6m,0000,Indonesia (national),2014-02-01,M,monthly,177.5,index
bi_consumer_survey.price_expectation_6m,0000,Indonesia (national),2014-03-01,M,monthly,178.6,index
bi_consumer_survey.price_expectation_6m,0000,Indonesia (national),2014-04-01,M,monthly,175.2,index
bi_consumer_survey.price_expectation_6m,0000,Indonesia (national),2014-05-01,M,monthly,178.3,index
bi_consumer_survey.price_expectation_6m,0000,Indonesia (national),2014-06-01,M,monthly,181.6,index
bi_consumer_survey.price_expectation_6m,0000,Indonesia (national),2014-07-01,M,monthly,170.2,index
bi_consumer_survey.price_expectation_6m,0000,Indonesia (national),2014-08-01,M,monthly,171.3,index
bi_consumer_survey.price_expectation_6m,0000,Indonesia (national),2014-09-01,M,monthly,175.8,index
bi_consumer_survey.price_expectation_6m,0000,Indonesia (national),2014-10-01,M,monthly,177.6,index
bi_consumer_survey.price_expectation_6m,0000,Indonesia (national),2014-11-01,M,monthly,183.5,index
bi_consumer_survey.price_expectation_6m,0000,Indonesia (national),2014-12-01,M,monthly,173.5,index
bi_consumer_survey.price_expectation_6m,0000,Indonesia (national),2015-01-01,M,monthly,171.3,index
bi_consumer_survey.price_expectation_6m,0000,Indonesia (national),2015-02-01,M,monthly,162.7,index
bi_consumer_survey.price_expectation_6m,0000,Indonesia (national),2015-03-01,M,monthly,167.8,index
bi_consumer_survey.price_expectation_6m,0000,Indonesia (national),2015-04-01,M,monthly,173.8,index
bi_consumer_survey.price_expectation_6m,0000,Indonesia (national),2015-05-01,M,monthly,171.3,index
bi_consumer_survey.price_expectation_6m,0000,Indonesia (national),2015-06-01,M,monthly,172.9,index
bi_consumer_survey.price_expectation_6m,0000,Indonesia (national),2015-07-01,M,monthly,162.1,index
bi_consumer_survey.price_expectation_6m,0000,Indonesia (national),2015-08-01,M,monthly,163.6,index
bi_consumer_survey.price_expectation_6m,0000,Indonesia (national),2015-09-01,M,monthly,162.8,index
bi_consumer_survey.price_expectation_6m,0000,Indonesia (national),2015-10-01,M,monthly,157.4,index
bi_consumer_survey.price_expectation_6m,0000,Indonesia (national),2015-11-01,M,monthly,160.5,index
bi_consumer_survey.price_expectation_6m,0000,Indonesia (national),2015-12-01,M,monthly,173.8,index
bi_consumer_survey.price_expectation_6m,0000,Indonesia (national),2016-01-01,M,monthly,169.2,index
bi_consumer_survey.price_expectation_6m,0000,Indonesia (national),2016-02-01,M,monthly,170.7,index
bi_consumer_survey.price_expectation_6m,0000,Indonesia (national),2016-03-01,M,monthly,164.2,index
bi_consumer_survey.price_expectation_6m,0000,Indonesia (national),2016-04-01,M,monthly,157.7,index
bi_consumer_survey.price_expectation_6m,0000,Indonesia (national),2016-05-01,M,monthly,164.9,index
bi_consumer_survey.price_expectation_6m,0000,Indonesia (national),2016-06-01,M,monthly,162.1,index
bi_consumer_survey.price_expectation_6m,0000,Indonesia (national),2016-07-01,M,monthly,155.2,index
bi_consumer_survey.price_expectation_6m,0000,Indonesia (national),2016-08-01,M,monthly,158.9,index
bi_consumer_survey.price_expectation_6m,0000,Indonesia (national),2016-09-01,M,monthly,161.7,index
bi_consumer_survey.price_expectation_6m,0000,Indonesia (national),2016-10-01,M,monthly,158.3,index
bi_consumer_survey.price_expectation_6m,0000,Indonesia (national),2016-11-01,M,monthly,163.5,index
bi_consumer_survey.price_expectation_6m,0000,Indonesia (national),2016-12-01,M,monthly,171.6,index
bi_consumer_survey.price_expectation_6m,0000,Indonesia (national),2017-01-01,M,monthly,176.0,index
bi_consumer_survey.price_expectation_6m,0000,Indonesia (national),2017-02-01,M,monthly,174.8,index
bi_consumer_survey.price_expectation_6m,0000,Indonesia (national),2017-03-01,M,monthly,166.1,index
bi_consumer_survey.price_expectation_6m,0000,Indonesia (national),2017-04-01,M,monthly,169.0,index
bi_consumer_survey.price_expectation_6m,0000,Indonesia (national),2017-05-01,M,monthly,166.5,index
bi_consumer_survey.price_expectation_6m,0000,Indonesia (national),2017-06-01,M,monthly,167.5,index
bi_consumer_survey.price_expectation_6m,0000,Indonesia (national),2017-07-01,M,monthly,171.5,index
bi_consumer_survey.price_expectation_6m,0000,Indonesia (national),2017-08-01,M,monthly,173.3,index
bi_consumer_survey.price_expectation_6m,0000,Indonesia (national),2017-09-01,M,monthly,169.1,index
bi_consumer_survey.price_expectation_6m,0000,Indonesia (national),2017-10-01,M,monthly,172.2,index
bi_consumer_survey.price_expectation_6m,0000,Indonesia (national),2017-11-01,M,monthly,171.4,index
bi_consumer_survey.price_expectation_6m,0000,Indonesia (national),2017-12-01,M,monthly,178.4,index
bi_consumer_survey.price_expectation_6m,0000,Indonesia (national),2018-01-01,M,monthly,180.0,index
bi_consumer_survey.price_expectation_6m,0000,Indonesia (national),2018-02-01,M,monthly,169.6,index
bi_consumer_survey.price_expectation_6m,0000,Indonesia (national),2018-03-01,M,monthly,165.0,index
bi_consumer_survey.price_expectation_6m,0000,Indonesia (national),2018-04-01,M,monthly,166.8,index
bi_consumer_survey.price_expectation_6m,0000,Indonesia (national),2018-05-01,M,monthly,166.8,index
bi_consumer_survey.price_expectation_6m,0000,Indonesia (national),2018-06-01,M,monthly,173.2,index
bi_consumer_survey.price_expectation_6m,0000,Indonesia (national),2018-07-01,M,monthly,178.3,index
bi_consumer_survey.price_expectation_6m,0000,Indonesia (national),2018-08-01,M,monthly,176.3,index
bi_consumer_survey.price_expectation_6m,0000,Indonesia (national),2018-09-01,M,monthly,173.0,index
bi_consumer_survey.price_expectation_6m,0000,Indonesia (national),2018-10-01,M,monthly,170.4,index
bi_consumer_survey.price_expectation_6m,0000,Indonesia (national),2018-11-01,M,monthly,175.1,index
bi_consumer_survey.price_expectation_6m,0000,Indonesia (national),2018-12-01,M,monthly,176.7,index
bi_consumer_survey.price_expectation_6m,0000,Indonesia (national),2019-01-01,M,monthly,170.7,index
bi_consumer_survey.price_expectation_6m,0000,Indonesia (national),2019-02-01,M,monthly,162.9,index
bi_consumer_survey.price_expectation_6m,0000,Indonesia (national),2019-03-01,M,monthly,156.3,index
bi_consumer_survey.price_expectation_6m,0000,Indonesia (national),2019-04-01,M,monthly,155.8,index
bi_consumer_survey.price_expectation_6m,0000,Indonesia (national),2019-05-01,M,monthly,158.9,index
bi_consumer_survey.price_expectation_6m,0000,Indonesia (national),2019-06-01,M,monthly,170.3,index
bi_consumer_survey.price_expectation_6m,0000,Indonesia (national),2019-07-01,M,monthly,174.9,index
bi_consumer_survey.price_expectation_6m,0000,Indonesia (national),2019-08-01,M,monthly,170.0,index
bi_consumer_survey.price_expectation_6m,0000,Indonesia (national),2019-09-01,M,monthly,170.6,index
bi_consumer_survey.price_expectation_6m,0000,Indonesia (national),2019-10-01,M,monthly,174.1,index
bi_consumer_survey.price_expectation_6m,0000,Indonesia (national),2019-11-01,M,monthly,176.0,index
bi_consumer_survey.price_expectation_6m,0000,Indonesia (national),2019-12-01,M,monthly,179.3,index
