series_id,geo_id,geo_name,ref_date,ref_period,frequency,value,unit
bi_seki.deposits_by_owner.cooperatives,0000,Indonesia (national),2025-01-01,M,monthly,14981.6047,IDR billion
bi_seki.deposits_by_owner.cooperatives,0000,Indonesia (national),2025-02-01,M,monthly,17287.8572,IDR billion
bi_seki.deposits_by_owner.cooperatives,0000,Indonesia (national),2025-03-01,M,monthly,13667.4152,IDR billion
bi_seki.deposits_by_owner.cooperatives,0000,Indonesia (national),2025-04-01,M,monthly,13459.6742,IDR billion
bi_seki.deposits_by_owner.cooperatives,0000,Indonesia (national),2025-05-01,M,monthly,13507.5038,IDR billion
bi_seki.deposits_by_owner.cooperatives,0000,Indonesia (national),2025-06-01,M,monthly,15944.5056,IDR billion
bi_seki.deposits_by_owner.cooperatives,0000,Indonesia (national),2025-07-01,M,monthly,14305.472,IDR billion
bi_seki.deposits_by_owner.cooperatives,0000,Indonesia (national),2025-08-01,M,monthly,14365.6619,IDR billion
bi_seki.deposits_by_owner.cooperatives,0000,Indonesia (national),2025-09-01,M,monthly,14835.2858,IDR billion
bi_seki.deposits_by_owner.cooperatives,0000,Indonesia (national),2025-10-01,M,monthly,15617.3136,IDR billion
bi_seki.deposits_by_owner.cooperatives,0000,Indonesia (national),2025-11-01,M,monthly,15504.6821,IDR billion
bi_seki.deposits_by_owner.cooperatives,0000,Indonesia (national),2025-12-01,M,monthly,17105.2583,IDR billion
bi_seki.deposits_by_owner.cooperatives,0000,Indonesia (national),2026-01-01,M,monthly,16258.2724,IDR billion
bi_seki.deposits_by_owner.cooperatives,0000,Indonesia (national),2026-02-01,M,monthly,16015.3634,IDR billion
bi_seki.deposits_by_owner.cooperatives,0000,Indonesia (national),2026-03-01,M,monthly,16200.3515,IDR billion
bi_seki.deposits_by_owner.cooperatives,0000,Indonesia (national),2026-04-01,M,monthly,15540.6459,IDR billion
bi_seki.deposits_by_owner.cooperatives,0000,Indonesia (national),2026-05-01,M,monthly,20437.0083,IDR billion
bi_seki.deposits_by_owner.cooperatives,0000,Indonesia (national),2026-06-01,M,monthly,16398.973,IDR billion
bi_seki.deposits_by_owner.cooperatives,0000,Indonesia (national),2026-07-01,M,monthly,16533.5125,IDR billion
bi_seki.deposits_by_owner.foundations_and_social_bodies,0000,Indonesia (national),2025-01-01,M,monthly,233594.5577,IDR billion
bi_seki.deposits_by_owner.foundations_and_social_bodies,0000,Indonesia (national),2025-02-01,M,monthly,234840.8322,IDR billion
bi_seki.deposits_by_owner.foundations_and_social_bodies,0000,Indonesia (national),2025-03-01,M,monthly,227799.3744,IDR billion
bi_seki.deposits_by_owner.foundations_and_social_bodies,0000,Indonesia (national),2025-04-01,M,monthly,231810.8357,IDR billion
bi_seki.deposits_by_owner.foundations_and_social_bodies,0000,Indonesia (national),2025-05-01,M,monthly,231750.7463,IDR billion
bi_seki.deposits_by_owner.foundations_and_social_bodies,0000,Indonesia (national),2025-06-01,M,monthly,239493.2303,IDR billion
bi_seki.deposits_by_owner.foundations_and_social_bodies,0000,Indonesia (national),2025-07-01,M,monthly,238083.5477,IDR billion
bi_seki.deposits_by_owner.foundations_and_social_bodies,0000,Indonesia (national),2025-08-01,M,monthly,254526.4432,IDR billion
bi_seki.deposits_by_owner.foundations_and_social_bodies,0000,Indonesia (national),2025-09-01,M,monthly,254894.554,IDR billion
bi_seki.deposits_by_owner.foundations_and_social_bodies,0000,Indonesia (national),2025-10-01,M,monthly,243756.9753,IDR billion
bi_seki.deposits_by_owner.foundations_and_social_bodies,0000,Indonesia (national),2025-11-01,M,monthly,237422.404,IDR billion
bi_seki.deposits_by_owner.foundations_and_social_bodies,0000,Indonesia (national),2025-12-01,M,monthly,235051.4884,IDR billion
bi_seki.deposits_by_owner.foundations_and_social_bodies,0000,Indonesia (national),2026-01-01,M,monthly,257378.3072,IDR billion
bi_seki.deposits_by_owner.foundations_and_social_bodies,0000,Indonesia (national),2026-02-01,M,monthly,249036.1146,IDR billion
bi_seki.deposits_by_owner.foundations_and_social_bodies,0000,Indonesia (national),2026-03-01,M,monthly,254563.1802,IDR billion
bi_seki.deposits_by_owner.foundations_and_social_bodies,0000,Indonesia (national),2026-04-01,M,monthly,249552.4256,IDR billion
bi_seki.deposits_by_owner.foundations_and_social_bodies,0000,Indonesia (national),2026-05-01,M,monthly,249502.5154,IDR billion
bi_seki.deposits_by_owner.foundations_and_social_bodies,0000,Indonesia (national),2026-06-01,M,monthly,263373.7394,IDR billion
bi_seki.deposits_by_owner.foundations_and_social_bodies,0000,Indonesia (national),2026-07-01,M,monthly,275680.0813,IDR billion
bi_seki.deposits_by_owner.households,0000,Indonesia (national),2025-01-01,M,monthly,4012324.268,IDR billion
bi_seki.deposits_by_owner.households,0000,Indonesia (national),2025-02-01,M,monthly,4034853.9622,IDR billion
bi_seki.deposits_by_owner.households,0000,Indonesia (national),2025-03-01,M,monthly,4115851.6643,IDR billion
bi_seki.deposits_by_owner.households,0000,Indonesia (national),2025-04-01,M,monthly,4082517.7843,IDR billion
bi_seki.deposits_by_owner.households,0000,Indonesia (national),2025-05-01,M,monthly,4059527.0649,IDR billion
bi_seki.deposits_by_owner.households,0000,Indonesia (national),2025-06-01,M,monthly,4122818.8854,IDR billion
bi_seki.deposits_by_owner.households,0000,Indonesia (national),2025-07-01,M,monthly,4127987.3443,IDR billion
bi_seki.deposits_by_owner.households,0000,Indonesia (national),2025-08-01,M,monthly,4087382.4734,IDR billion
bi_seki.deposits_by_owner.households,0000,Indonesia (national),2025-09-01,M,monthly,4112878.3767,IDR billion
bi_seki.deposits_by_owner.households,0000,Indonesia (national),2025-10-01,M,monthly,4115851.1364,IDR billion
bi_seki.deposits_by_owner.households,0000,Indonesia (national),2025-11-01,M,monthly,4132795.0067,IDR billion
bi_seki.deposits_by_owner.households,0000,Indonesia (national),2025-12-01,M,monthly,4189256.8435,IDR billion
bi_seki.deposits_by_owner.households,0000,Indonesia (national),2026-01-01,M,monthly,4142144.5614,IDR billion
bi_seki.deposits_by_owner.households,0000,Indonesia (national),2026-02-01,M,monthly,4131298.7725,IDR billion
bi_seki.deposits_by_owner.households,0000,Indonesia (national),2026-03-01,M,monthly,4215718.9854,IDR billion
bi_seki.deposits_by_owner.households,0000,Indonesia (national),2026-04-01,M,monthly,4209483.2118,IDR billion
bi_seki.deposits_by_owner.households,0000,Indonesia (national),2026-05-01,M,monthly,4203153.4272,IDR billion
bi_seki.deposits_by_owner.households,0000,Indonesia (national),2026-06-01,M,monthly,4236599.6332,IDR billion
bi_seki.deposits_by_owner.households,0000,Indonesia (national),2026-07-01,M,monthly,4242035.7437,IDR billion
bi_seki.deposits_by_owner.local_government,0000,Indonesia (national),2025-01-01,M,monthly,150729.3813,IDR billion
bi_seki.deposits_by_owner.local_government,0000,Indonesia (national),2025-02-01,M,monthly,166109.1215,IDR billion
bi_seki.deposits_by_owner.local_government,0000,Indonesia (national),2025-03-01,M,monthly,157364.5841,IDR billion
bi_seki.deposits_by_owner.local_government,0000,Indonesia (national),2025-04-01,M,monthly,192477.8534,IDR billion
bi_seki.deposits_by_owner.local_government,0000,Indonesia (national),2025-05-01,M,monthly,216976.8227,IDR billion
bi_seki.deposits_by_owner.local_government,0000,Indonesia (national),2025-06-01,M,monthly,209350.5567,IDR billion
bi_seki.deposits_by_owner.local_government,0000,Indonesia (national),2025-07-01,M,monthly,228278.8886,IDR billion
bi_seki.deposits_by_owner.local_government,0000,Indonesia (national),2025-08-01,M,monthly,254566.7863,IDR billion
bi_seki.deposits_by_owner.local_government,0000,Indonesia (national),2025-09-01,M,monthly,265107.5904,IDR billion
bi_seki.deposits_by_owner.local_government,0000,Indonesia (national),2025-10-01,M,monthly,255229.689,IDR billion
bi_seki.deposits_by_owner.local_government,0000,Indonesia (national),2025-11-01,M,monthly,233421.4369,IDR billion
bi_seki.deposits_by_owner.local_government,0000,Indonesia (national),2025-12-01,M,monthly,102183.7352,IDR billion
bi_seki.deposits_by_owner.local_government,0000,Indonesia (national),2026-01-01,M,monthly,167204.3819,IDR billion
bi_seki.deposits_by_owner.local_government,0000,Indonesia (national),2026-02-01,M,monthly,186194.7603,IDR billion
bi_seki.deposits_by_owner.local_government,0000,Indonesia (national),2026-03-01,M,monthly,172886.0876,IDR billion
bi_seki.deposits_by_owner.local_government,0000,Indonesia (national),2026-04-01,M,monthly,190707.2305,IDR billion
bi_seki.deposits_by_owner.local_government,0000,Indonesia (national),2026-05-01,M,monthly,208701.8455,IDR billion
bi_seki.deposits_by_owner.local_government,0000,Indonesia (national),2026-06-01,M,monthly,242564.4936,IDR billion
bi_seki.deposits_by_owner.local_government,0000,Indonesia (national),2026-07-01,M,monthly,218395.8089,IDR billion
bi_seki.deposits_by_owner.other_financial_institutions,0000,Indonesia (national),2025-01-01,M,monthly,652734.2159,IDR billion
bi_seki.deposits_by_owner.other_financial_institutions,0000,Indonesia (national),2025-02-01,M,monthly,695202.6538,IDR billion
bi_seki.deposits_by_owner.other_financial_institutions,0000,Indonesia (national),2025-03-01,M,monthly,687985.7104,IDR billion
bi_seki.deposits_by_owner.other_financial_institutions,0000,Indonesia (national),2025-04-01,M,monthly,676389.3341,IDR billion
bi_seki.deposits_by_owner.other_financial_institutions,0000,Indonesia (national),2025-05-01,M,monthly,680431.4002,IDR billion
bi_seki.deposits_by_owner.other_financial_institutions,0000,Indonesia (national),2025-06-01,M,monthly,723167.3798,IDR billion
bi_seki.deposits_by_owner.other_financial_institutions,0000,Indonesia (national),2025-07-01,M,monthly,729404.5556,IDR billion
bi_seki.deposits_by_owner.other_financial_institutions,0000,Indonesia (national),2025-08-01,M,monthly,793386.6473,IDR billion
bi_seki.deposits_by_owner.other_financial_institutions,0000,Indonesia (national),2025-09-01,M,monthly,762721.9232,IDR billion
bi_seki.deposits_by_owner.other_financial_institutions,0000,Indonesia (national),2025-10-01,M,monthly,781565.2158,IDR billion
bi_seki.deposits_by_owner.other_financial_institutions,0000,Indonesia (national),2025-11-01,M,monthly,780900.8301,IDR billion
bi_seki.deposits_by_owner.other_financial_institutions,0000,Indonesia (national),2025-12-01,M,monthly,818192.2724,IDR billion
bi_seki.deposits_by_owner.other_financial_institutions,0000,Indonesia (national),2026-01-01,M,monthly,814599.9368,IDR billion
bi_seki.deposits_by_owner.other_financial_institutions,0000,Indonesia (national),2026-02-01,M,monthly,786183.5718,IDR billion
bi_seki.deposits_by_owner.other_financial_institutions,0000,Indonesia (national),2026-03-01,M,monthly,845505.1162,IDR billion
bi_seki.deposits_by_owner.other_financial_institutions,0000,Indonesia (national),2026-04-01,M,monthly,850893.1509,IDR billion
bi_seki.deposits_by_owner.other_financial_institutions,0000,Indonesia (national),2026-05-01,M,monthly,892448.6166,IDR billion
bi_seki.deposits_by_owner.other_financial_institutions,0000,Indonesia (national),2026-06-01,M,monthly,857655.2769,IDR billion
bi_seki.deposits_by_owner.other_financial_institutions,0000,Indonesia (national),2026-07-01,M,monthly,855407.3137,IDR billion
bi_seki.deposits_by_owner.other_private_sector,0000,Indonesia (national),2025-01-01,M,monthly,4265794.5872,IDR billion
bi_seki.deposits_by_owner.other_private_sector,0000,Indonesia (national),2025-02-01,M,monthly,4291841.9425,IDR billion
bi_seki.deposits_by_owner.other_private_sector,0000,Indonesia (national),2025-03-01,M,monthly,4362150.3258,IDR billion
bi_seki.deposits_by_owner.other_private_sector,0000,Indonesia (national),2025-04-01,M,monthly,4332583.0106,IDR billion
bi_seki.deposits_by_owner.other_private_sector,0000,Indonesia (national),2025-05-01,M,monthly,4309515.0932,IDR billion
bi_seki.deposits_by_owner.other_private_sector,0000,Indonesia (national),2025-06-01,M,monthly,4382882.5659,IDR billion
bi_seki.deposits_by_owner.other_private_sector,0000,Indonesia (national),2025-07-01,M,monthly,4384999.2034,IDR billion
bi_seki.deposits_by_owner.other_private_sector,0000,Indonesia (national),2025-08-01,M,monthly,4360936.1277,IDR billion
bi_seki.deposits_by_owner.other_private_sector,0000,Indonesia (national),2025-09-01,M,monthly,4387108.8263,IDR billion
bi_seki.deposits_by_owner.other_private_sector,0000,Indonesia (national),2025-10-01,M,monthly,4379872.5798,IDR billion
bi_seki.deposits_by_owner.other_private_sector,0000,Indonesia (national),2025-11-01,M,monthly,4390640.6397,IDR billion
bi_seki.deposits_by_owner.other_private_sector,0000,Indonesia (national),2025-12-01,M,monthly,4445952.2138,IDR billion
bi_seki.deposits_by_owner.other_private_sector,0000,Indonesia (national),2026-01-01,M,monthly,4419547.427,IDR billion
bi_seki.deposits_by_owner.other_private_sector,0000,Indonesia (national),2026-02-01,M,monthly,4400381.8242,IDR billion
bi_seki.deposits_by_owner.other_private_sector,0000,Indonesia (national),2026-03-01,M,monthly,4491029.235,IDR billion
bi_seki.deposits_by_owner.other_private_sector,0000,Indonesia (national),2026-04-01,M,monthly,4479154.8165,IDR billion
bi_seki.deposits_by_owner.other_private_sector,0000,Indonesia (national),2026-05-01,M,monthly,4477656.2534,IDR billion
bi_seki.deposits_by_owner.other_private_sector,0000,Indonesia (national),2026-06-01,M,monthly,4520726.3426,IDR billion
bi_seki.deposits_by_owner.other_private_sector,0000,Indonesia (national),2026-07-01,M,monthly,4538931.5837,IDR billion
bi_seki.deposits_by_owner.private_nonfinancial_business,0000,Indonesia (national),2025-01-01,M,monthly,3092781.973,IDR billion
bi_seki.deposits_by_owner.private_nonfinancial_business,0000,Indonesia (national),2025-02-01,M,monthly,3123128.6743,IDR billion
bi_seki.deposits_by_owner.private_nonfinancial_business,0000,Indonesia (national),2025-03-01,M,monthly,3137567.9431,IDR billion
bi_seki.deposits_by_owner.private_nonfinancial_business,0000,Indonesia (national),2025-04-01,M,monthly,3174909.126,IDR billion
bi_seki.deposits_by_owner.private_nonfinancial_business,0000,Indonesia (national),2025-05-01,M,monthly,3183819.6522,IDR billion
bi_seki.deposits_by_owner.private_nonfinancial_business,0000,Indonesia (national),2025-06-01,M,monthly,3293847.4422,IDR billion
bi_seki.deposits_by_owner.private_nonfinancial_business,0000,Indonesia (national),2025-07-01,M,monthly,3245930.1222,IDR billion
bi_seki.deposits_by_owner.private_nonfinancial_business,0000,Indonesia (national),2025-08-01,M,monthly,3274585.8045,IDR billion
bi_seki.deposits_by_owner.private_nonfinancial_business,0000,Indonesia (national),2025-09-01,M,monthly,3337563.7681,IDR billion
bi_seki.deposits_by_owner.private_nonfinancial_business,0000,Indonesia (national),2025-10-01,M,monthly,3354160.585,IDR billion
bi_seki.deposits_by_owner.private_nonfinancial_business,0000,Indonesia (national),2025-11-01,M,monthly,3439273.2903,IDR billion
bi_seki.deposits_by_owner.private_nonfinancial_business,0000,Indonesia (national),2025-12-01,M,monthly,3624160.585,IDR billion
bi_seki.deposits_by_owner.private_nonfinancial_business,0000,Indonesia (national),2026-01-01,M,monthly,3609781.3972,IDR billion
bi_seki.deposits_by_owner.private_nonfinancial_business,0000,Indonesia (national),2026-02-01,M,monthly,3618153.7003,IDR billion
bi_seki.deposits_by_owner.private_nonfinancial_business,0000,Indonesia (national),2026-03-01,M,monthly,3701258.3239,IDR billion
bi_seki.deposits_by_owner.private_nonfinancial_business,0000,Indonesia (national),2026-04-01,M,monthly,3618734.0796,IDR billion
bi_seki.deposits_by_owner.private_nonfinancial_business,0000,Indonesia (national),2026-05-01,M,monthly,3683353.3729,IDR billion
bi_seki.deposits_by_owner.private_nonfinancial_business,0000,Indonesia (national),2026-06-01,M,monthly,3666921.1352,IDR billion
bi_seki.deposits_by_owner.private_nonfinancial_business,0000,Indonesia (national),2026-07-01,M,monthly,3658779.6168,IDR billion
bi_seki.deposits_by_owner.state_nonfinancial_business,0000,Indonesia (national),2025-01-01,M,monthly,401246.2294,IDR billion
bi_seki.deposits_by_owner.state_nonfinancial_business,0000,Indonesia (national),2025-02-01,M,monthly,374964.8783,IDR billion
bi_seki.deposits_by_owner.state_nonfinancial_business,0000,Indonesia (national),2025-03-01,M,monthly,378905.448,IDR billion
bi_seki.deposits_by_owner.state_nonfinancial_business,0000,Indonesia (national),2025-04-01,M,monthly,361331.2396,IDR billion
bi_seki.deposits_by_owner.state_nonfinancial_business,0000,Indonesia (national),2025-05-01,M,monthly,360703.5268,IDR billion
bi_seki.deposits_by_owner.state_nonfinancial_business,0000,Indonesia (national),2025-06-01,M,monthly,379113.3076,IDR billion
bi_seki.deposits_by_owner.state_nonfinancial_business,0000,Indonesia (national),2025-07-01,M,monthly,388089.0466,IDR billion
bi_seki.deposits_by_owner.state_nonfinancial_business,0000,Indonesia (national),2025-08-01,M,monthly,352802.8888,IDR billion
bi_seki.deposits_by_owner.state_nonfinancial_business,0000,Indonesia (national),2025-09-01,M,monthly,392008.663,IDR billion
bi_seki.deposits_by_owner.state_nonfinancial_business,0000,Indonesia (national),2025-10-01,M,monthly,383477.3296,IDR billion
bi_seki.deposits_by_owner.state_nonfinancial_business,0000,Indonesia (national),2025-11-01,M,monthly,374831.1443,IDR billion
bi_seki.deposits_by_owner.state_nonfinancial_business,0000,Indonesia (national),2025-12-01,M,monthly,478735.4176,IDR billion
bi_seki.deposits_by_owner.state_nonfinancial_business,0000,Indonesia (national),2026-01-01,M,monthly,476054.3517,IDR billion
bi_seki.deposits_by_owner.state_nonfinancial_business,0000,Indonesia (national),2026-02-01,M,monthly,456120.6274,IDR billion
bi_seki.deposits_by_owner.state_nonfinancial_business,0000,Indonesia (national),2026-03-01,M,monthly,448080.9483,IDR billion
bi_seki.deposits_by_owner.state_nonfinancial_business,0000,Indonesia (national),2026-04-01,M,monthly,427483.4578,IDR billion
bi_seki.deposits_by_owner.state_nonfinancial_business,0000,Indonesia (national),2026-05-01,M,monthly,437265.5299,IDR billion
bi_seki.deposits_by_owner.state_nonfinancial_business,0000,Indonesia (national),2026-06-01,M,monthly,428973.2214,IDR billion
bi_seki.deposits_by_owner.state_nonfinancial_business,0000,Indonesia (national),2026-07-01,M,monthly,395383.0916,IDR billion
bi_seki.deposits_by_owner.total,0000,Indonesia (national),2025-01-01,M,monthly,8563286.3868,IDR billion
bi_seki.deposits_by_owner.total,0000,Indonesia (national),2025-02-01,M,monthly,8651247.2704,IDR billion
bi_seki.deposits_by_owner.total,0000,Indonesia (national),2025-03-01,M,monthly,8723974.0114,IDR billion
bi_seki.deposits_by_owner.total,0000,Indonesia (national),2025-04-01,M,monthly,8737690.5637,IDR billion
bi_seki.deposits_by_owner.total,0000,Indonesia (national),2025-05-01,M,monthly,8751446.4951,IDR billion
bi_seki.deposits_by_owner.total,0000,Indonesia (national),2025-06-01,M,monthly,8988361.2522,IDR billion
bi_seki.deposits_by_owner.total,0000,Indonesia (national),2025-07-01,M,monthly,8976701.8164,IDR billion
bi_seki.deposits_by_owner.total,0000,Indonesia (national),2025-08-01,M,monthly,9036278.2546,IDR billion
bi_seki.deposits_by_owner.total,0000,Indonesia (national),2025-09-01,M,monthly,9144510.771,IDR billion
bi_seki.deposits_by_owner.total,0000,Indonesia (national),2025-10-01,M,monthly,9154305.3992,IDR billion
bi_seki.deposits_by_owner.total,0000,Indonesia (national),2025-11-01,M,monthly,9219067.3413,IDR billion
bi_seki.deposits_by_owner.total,0000,Indonesia (national),2025-12-01,M,monthly,9469224.224,IDR billion
bi_seki.deposits_by_owner.total,0000,Indonesia (national),2026-01-01,M,monthly,9487187.4946,IDR billion
bi_seki.deposits_by_owner.total,0000,Indonesia (national),2026-02-01,M,monthly,9447034.484,IDR billion
bi_seki.deposits_by_owner.total,0000,Indonesia (national),2026-03-01,M,monthly,9658759.711,IDR billion
bi_seki.deposits_by_owner.total,0000,Indonesia (national),2026-04-01,M,monthly,9566972.7353,IDR billion
bi_seki.deposits_by_owner.total,0000,Indonesia (national),2026-05-01,M,monthly,9699425.6183,IDR billion
bi_seki.deposits_by_owner.total,0000,Indonesia (national),2026-06-01,M,monthly,9716840.4697,IDR billion
bi_seki.deposits_by_owner.total,0000,Indonesia (national),2026-07-01,M,monthly,9666897.4147,IDR billion
bi_seki.gdp_expenditure_constant.gdp,0000,Indonesia (national),2010-01-01,Q,quarterly,1642356.3,IDR billion
bi_seki.gdp_expenditure_constant.gdp,0000,Indonesia (national),2010-04-01,Q,quarterly,1709132.0,IDR billion
bi_seki.gdp_expenditure_constant.gdp,0000,Indonesia (national),2010-07-01,Q,quarterly,1775109.9,IDR billion
bi_seki.gdp_expenditure_constant.gdp,0000,Indonesia (national),2010-10-01,Q,quarterly,1737534.9,IDR billion
bi_seki.gdp_expenditure_constant.gdp,0000,Indonesia (national),2011-01-01,Q,quarterly,1748731.2,IDR billion
bi_seki.gdp_expenditure_constant.gdp,0000,Indonesia (national),2011-04-01,Q,quarterly,1816268.2,IDR billion
bi_seki.gdp_expenditure_constant.gdp,0000,Indonesia (national),2011-07-01,Q,quarterly,1881849.7,IDR billion
bi_seki.gdp_expenditure_constant.gdp,0000,Indonesia (national),2011-10-01,Q,quarterly,1840786.2,IDR billion
bi_seki.gdp_expenditure_constant.gdp,0000,Indonesia (national),2012-01-01,Q,quarterly,1855580.2,IDR billion
bi_seki.gdp_expenditure_constant.gdp,0000,Indonesia (national),2012-04-01,Q,quarterly,1929018.7,IDR billion
bi_seki.gdp_expenditure_constant.gdp,0000,Indonesia (national),2012-07-01,Q,quarterly,1993632.3,IDR billion
bi_seki.gdp_expenditure_constant.gdp,0000,Indonesia (national),2012-10-01,Q,quarterly,1948852.2,IDR billion
bi_seki.gdp_expenditure_constant.gdp,0000,Indonesia (national),2013-01-01,Q,quarterly,1958395.5,IDR billion
bi_seki.gdp_expenditure_constant.gdp,0000,Indonesia (national),2013-04-01,Q,quarterly,2036816.6,IDR billion
bi_seki.gdp_expenditure_constant.gdp,0000,Indonesia (national),2013-07-01,Q,quarterly,2103598.1,IDR billion
bi_seki.gdp_expenditure_constant.gdp,0000,Indonesia (national),2013-10-01,Q,quarterly,2057687.6,IDR billion
bi_seki.gdp_expenditure_constant.gdp,0000,Indonesia (national),2014-01-01,Q,quarterly,2058584.9,IDR billion
bi_seki.gdp_expenditure_constant.gdp,0000,Indonesia (national),2014-04-01,Q,quarterly,2137385.6,IDR billion
bi_seki.gdp_expenditure_constant.gdp,0000,Indonesia (national),2014-07-01,Q,quarterly,2207343.6,IDR billion
bi_seki.gdp_expenditure_constant.gdp,0000,Indonesia (national),2014-10-01,Q,quarterly,2161552.5,IDR billion
bi_seki.gdp_expenditure_constant.gdp,0000,Indonesia (national),2015-01-01,Q,quarterly,2158040.0,IDR billion
bi_seki.gdp_expenditure_constant.gdp,0000,Indonesia (national),2015-04-01,Q,quarterly,2238704.4,IDR billion
bi_seki.gdp_expenditure_constant.gdp,0000,Indonesia (national),2015-07-01,Q,quarterly,2312843.5,IDR billion
bi_seki.gdp_expenditure_constant.gdp,0000,Indonesia (national),2015-10-01,Q,quarterly,2272929.2,IDR billion
bi_seki.gdp_expenditure_constant.gdp,0000,Indonesia (national),2016-01-01,Q,quarterly,2264721.0,IDR billion
bi_seki.gdp_expenditure_constant.gdp,0000,Indonesia (national),2016-04-01,Q,quarterly,2355445.0,IDR billion
bi_seki.gdp_expenditure_constant.gdp,0000,Indonesia (national),2016-07-01,Q,quarterly,2429260.6,IDR billion
bi_seki.gdp_expenditure_constant.gdp,0000,Indonesia (national),2016-10-01,Q,quarterly,2385186.8,IDR billion
bi_seki.gdp_expenditure_constant.gdp,0000,Indonesia (national),2017-01-01,Q,quarterly,2378146.4,IDR billion
bi_seki.gdp_expenditure_constant.gdp,0000,Indonesia (national),2017-04-01,Q,quarterly,2473512.9,IDR billion
bi_seki.gdp_expenditure_constant.gdp,0000,Indonesia (national),2017-07-01,Q,quarterly,2552296.9,IDR billion
bi_seki.gdp_expenditure_constant.gdp,0000,Indonesia (national),2017-10-01,Q,quarterly,2508971.9,IDR billion
bi_seki.gdp_expenditure_constant.gdp,0000,Indonesia (national),2018-01-01,Q,quarterly,2498697.5,IDR billion
bi_seki.gdp_expenditure_constant.gdp,0000,Indonesia (national),2018-04-01,Q,quarterly,2603852.6,IDR billion
bi_seki.gdp_expenditure_constant.gdp,0000,Indonesia (national),2018-07-01,Q,quarterly,2684332.2,IDR billion
bi_seki.gdp_expenditure_constant.gdp,0000,Indonesia (national),2018-10-01,Q,quarterly,2638969.6,IDR billion
bi_seki.gdp_expenditure_constant.gdp,0000,Indonesia (national),2019-01-01,Q,quarterly,2625180.5,IDR billion
bi_seki.gdp_expenditure_constant.gdp,0000,Indonesia (national),2019-04-01,Q,quarterly,2735414.1,IDR billion
bi_seki.gdp_expenditure_constant.gdp,0000,Indonesia (national),2019-07-01,Q,quarterly,2818812.7,IDR billion
bi_seki.gdp_expenditure_constant.gdp,0000,Indonesia (national),2019-10-01,Q,quarterly,2769748.1,IDR billion
bi_seki.gdp_expenditure_constant.gdp,0000,Indonesia (national),2020-01-01,Q,quarterly,2703027.1,IDR billion
bi_seki.gdp_expenditure_constant.gdp,0000,Indonesia (national),2020-04-01,Q,quarterly,2589769.2,IDR billion
bi_seki.gdp_expenditure_constant.gdp,0000,Indonesia (national),2020-07-01,Q,quarterly,2720481.3,IDR billion
bi_seki.gdp_expenditure_constant.gdp,0000,Indonesia (national),2020-10-01,Q,quarterly,2709721.7,IDR billion
bi_seki.gdp_expenditure_constant.gdp,0000,Indonesia (national),2021-01-01,Q,quarterly,2684445.5,IDR billion
bi_seki.gdp_expenditure_constant.gdp,0000,Indonesia (national),2021-04-01,Q,quarterly,2773065.2,IDR billion
bi_seki.gdp_expenditure_constant.gdp,0000,Indonesia (national),2021-07-01,Q,quarterly,2816492.1,IDR billion
bi_seki.gdp_expenditure_constant.gdp,0000,Indonesia (national),2021-10-01,Q,quarterly,2846056.9,IDR billion
bi_seki.gdp_expenditure_constant.gdp,0000,Indonesia (national),2022-01-01,Q,quarterly,2819332.7,IDR billion
bi_seki.gdp_expenditure_constant.gdp,0000,Indonesia (national),2022-04-01,Q,quarterly,2924441.4,IDR billion
bi_seki.gdp_expenditure_constant.gdp,0000,Indonesia (national),2022-07-01,Q,quarterly,2977924.9,IDR billion
bi_seki.gdp_expenditure_constant.gdp,0000,Indonesia (national),2022-10-01,Q,quarterly,2988548.9,IDR billion
bi_seki.gdp_expenditure_constant.gdp,0000,Indonesia (national),2023-01-01,Q,quarterly,2961539.6,IDR billion
bi_seki.gdp_expenditure_constant.gdp,0000,Indonesia (national),2023-04-01,Q,quarterly,3075776.6,IDR billion
bi_seki.gdp_expenditure_constant.gdp,0000,Indonesia (national),2023-07-01,Q,quarterly,3124992.9,IDR billion
bi_seki.gdp_expenditure_constant.gdp,0000,Indonesia (national),2023-10-01,Q,quarterly,3139084.5,IDR billion
bi_seki.gdp_expenditure_constant.gdp,0000,Indonesia (national),2024-01-01,Q,quarterly,3113039.9,IDR billion
bi_seki.gdp_expenditure_constant.gdp,0000,Indonesia (national),2024-04-01,Q,quarterly,3230990.3,IDR billion
bi_seki.gdp_expenditure_constant.gdp,0000,Indonesia (national),2024-07-01,Q,quarterly,3279509.8,IDR billion
bi_seki.gdp_expenditure_constant.gdp,0000,Indonesia (national),2024-10-01,Q,quarterly,3296741.7,IDR billion
bi_seki.gdp_expenditure_constant.gdp,0000,Indonesia (national),2025-01-01,Q,quarterly,3264589.8,IDR billion
bi_seki.gdp_expenditure_constant.gdp,0000,Indonesia (national),2025-04-01,Q,quarterly,3396575.4,IDR billion
bi_seki.gdp_expenditure_constant.gdp,0000,Indonesia (national),2025-07-01,Q,quarterly,3444898.3,IDR billion
bi_seki.gdp_expenditure_constant.gdp,0000,Indonesia (national),2025-10-01,Q,quarterly,3474461.2,IDR billion
bi_seki.gdp_expenditure_constant.gdp,0000,Indonesia (national),2026-01-01,Q,quarterly,3447672.4,IDR billion
bi_seki.gdp_expenditure_constant.gdp,0000,Indonesia (national),2026-04-01,Q,quarterly,3576209.3,IDR billion
bi_seki.gdp_expenditure_constant.government_consumption,0000,Indonesia (national),2010-01-01,Q,quarterly,101960.02,IDR billion
bi_seki.gdp_expenditure_constant.government_consumption,0000,Indonesia (national),2010-04-01,Q,quarterly,135089.77,IDR billion
bi_seki.gdp_expenditure_constant.government_consumption,0000,Indonesia (national),2010-07-01,Q,quarterly,154802.67,IDR billion
bi_seki.gdp_expenditure_constant.government_consumption,0000,Indonesia (national),2010-10-01,Q,quarterly,226325.53,IDR billion
bi_seki.gdp_expenditure_constant.government_consumption,0000,Indonesia (national),2011-01-01,Q,quarterly,110554.7,IDR billion
bi_seki.gdp_expenditure_constant.government_consumption,0000,Indonesia (national),2011-04-01,Q,quarterly,145606.7,IDR billion
bi_seki.gdp_expenditure_constant.government_consumption,0000,Indonesia (national),2011-07-01,Q,quarterly,162056.68,IDR billion
bi_seki.gdp_expenditure_constant.government_consumption,0000,Indonesia (national),2011-10-01,Q,quarterly,234073.61,IDR billion
bi_seki.gdp_expenditure_constant.government_consumption,0000,Indonesia (national),2012-01-01,Q,quarterly,119114.28,IDR billion
bi_seki.gdp_expenditure_constant.government_consumption,0000,Indonesia (national),2012-04-01,Q,quarterly,170034.9,IDR billion
bi_seki.gdp_expenditure_constant.government_consumption,0000,Indonesia (national),2012-07-01,Q,quarterly,158887.37,IDR billion
bi_seki.gdp_expenditure_constant.government_consumption,0000,Indonesia (national),2012-10-01,Q,quarterly,233782.45,IDR billion
bi_seki.gdp_expenditure_constant.government_consumption,0000,Indonesia (national),2013-01-01,Q,quarterly,122652.0,IDR billion
bi_seki.gdp_expenditure_constant.government_consumption,0000,Indonesia (national),2013-04-01,Q,quarterly,175299.71,IDR billion
bi_seki.gdp_expenditure_constant.government_consumption,0000,Indonesia (national),2013-07-01,Q,quarterly,178021.36,IDR billion
bi_seki.gdp_expenditure_constant.government_consumption,0000,Indonesia (national),2013-10-01,Q,quarterly,251839.01,IDR billion
bi_seki.gdp_expenditure_constant.government_consumption,0000,Indonesia (national),2014-01-01,Q,quarterly,130084.23,IDR billion
bi_seki.gdp_expenditure_constant.government_consumption,0000,Indonesia (national),2014-04-01,Q,quarterly,172068.01,IDR billion
bi_seki.gdp_expenditure_constant.government_consumption,0000,Indonesia (national),2014-07-01,Q,quarterly,180099.59,IDR billion
bi_seki.gdp_expenditure_constant.government_consumption,0000,Indonesia (national),2014-10-01,Q,quarterly,254031.28,IDR billion
bi_seki.gdp_expenditure_constant.government_consumption,0000,Indonesia (national),2015-01-01,Q,quarterly,133876.55,IDR billion
bi_seki.gdp_expenditure_constant.government_consumption,0000,Indonesia (national),2015-04-01,Q,quarterly,176584.36,IDR billion
bi_seki.gdp_expenditure_constant.government_consumption,0000,Indonesia (national),2015-07-01,Q,quarterly,192869.49,IDR billion
bi_seki.gdp_expenditure_constant.government_consumption,0000,Indonesia (national),2015-10-01,Q,quarterly,272067.59,IDR billion
bi_seki.gdp_expenditure_constant.government_consumption,0000,Indonesia (national),2016-01-01,Q,quarterly,138468.21,IDR billion
bi_seki.gdp_expenditure_constant.government_consumption,0000,Indonesia (national),2016-04-01,Q,quarterly,187555.5,IDR billion
bi_seki.gdp_expenditure_constant.government_consumption,0000,Indonesia (national),2016-07-01,Q,quarterly,187162.02,IDR billion
bi_seki.gdp_expenditure_constant.government_consumption,0000,Indonesia (national),2016-10-01,Q,quarterly,261118.79,IDR billion
bi_seki.gdp_expenditure_constant.government_consumption,0000,Indonesia (national),2017-01-01,Q,quarterly,142182.68,IDR billion
bi_seki.gdp_expenditure_constant.government_consumption,0000,Indonesia (national),2017-04-01,Q,quarterly,183934.52,IDR billion
bi_seki.gdp_expenditure_constant.government_consumption,0000,Indonesia (national),2017-07-01,Q,quarterly,193619.44,IDR billion
bi_seki.gdp_expenditure_constant.government_consumption,0000,Indonesia (national),2017-10-01,Q,quarterly,271019.76,IDR billion
bi_seki.gdp_expenditure_constant.government_consumption,0000,Indonesia (national),2018-01-01,Q,quarterly,146068.56,IDR billion
bi_seki.gdp_expenditure_constant.government_consumption,0000,Indonesia (national),2018-04-01,Q,quarterly,193533.58,IDR billion
bi_seki.gdp_expenditure_constant.government_consumption,0000,Indonesia (national),2018-07-01,Q,quarterly,205734.33,IDR billion
bi_seki.gdp_expenditure_constant.government_consumption,0000,Indonesia (national),2018-10-01,Q,quarterly,283540.11,IDR billion
bi_seki.gdp_expenditure_constant.government_consumption,0000,Indonesia (national),2019-01-01,Q,quarterly,153748.38,IDR billion
bi_seki.gdp_expenditure_constant.government_consumption,0000,Indonesia (national),2019-04-01,Q,quarterly,209471.3,IDR billion
bi_seki.gdp_expenditure_constant.government_consumption,0000,Indonesia (national),2019-07-01,Q,quarterly,207784.19,IDR billion
bi_seki.gdp_expenditure_constant.government_consumption,0000,Indonesia (national),2019-10-01,Q,quarterly,284959.13,IDR billion
bi_seki.gdp_expenditure_constant.government_consumption,0000,Indonesia (national),2020-01-01,Q,quarterly,159694.34,IDR billion
bi_seki.gdp_expenditure_constant.government_consumption,0000,Indonesia (national),2020-04-01,Q,quarterly,195839.49,IDR billion
bi_seki.gdp_expenditure_constant.government_consumption,0000,Indonesia (national),2020-07-01,Q,quarterly,228164.91,IDR billion
bi_seki.gdp_expenditure_constant.government_consumption,0000,Indonesia (national),2020-10-01,Q,quarterly,290446.83,IDR billion
bi_seki.gdp_expenditure_constant.government_consumption,0000,Indonesia (national),2021-01-01,Q,quarterly,163832.9,IDR billion
bi_seki.gdp_expenditure_constant.government_consumption,0000,Indonesia (national),2021-04-01,Q,quarterly,212083.75,IDR billion
bi_seki.gdp_expenditure_constant.government_consumption,0000,Indonesia (national),2021-07-01,Q,quarterly,229749.47,IDR billion
bi_seki.gdp_expenditure_constant.government_consumption,0000,Indonesia (national),2021-10-01,Q,quarterly,305653.59,IDR billion
bi_seki.gdp_expenditure_constant.government_consumption,0000,Indonesia (national),2022-01-01,Q,quarterly,153026.25,IDR billion
bi_seki.gdp_expenditure_constant.government_consumption,0000,Indonesia (national),2022-04-01,Q,quarterly,202300.26,IDR billion
bi_seki.gdp_expenditure_constant.government_consumption,0000,Indonesia (national),2022-07-01,Q,quarterly,224003.98,IDR billion
bi_seki.gdp_expenditure_constant.government_consumption,0000,Indonesia (national),2022-10-01,Q,quarterly,291227.74,IDR billion
bi_seki.gdp_expenditure_constant.government_consumption,0000,Indonesia (national),2023-01-01,Q,quarterly,158084.72,IDR billion
bi_seki.gdp_expenditure_constant.government_consumption,0000,Indonesia (national),2023-04-01,Q,quarterly,223483.37,IDR billion
bi_seki.gdp_expenditure_constant.government_consumption,0000,Indonesia (national),2023-07-01,Q,quarterly,215206.69,IDR billion
bi_seki.gdp_expenditure_constant.government_consumption,0000,Indonesia (national),2023-10-01,Q,quarterly,299421.62,IDR billion
bi_seki.gdp_expenditure_constant.government_consumption,0000,Indonesia (national),2024-01-01,Q,quarterly,190466.94447,IDR billion
bi_seki.gdp_expenditure_constant.government_consumption,0000,Indonesia (national),2024-04-01,Q,quarterly,228163.25386,IDR billion
bi_seki.gdp_expenditure_constant.government_consumption,0000,Indonesia (national),2024-07-01,Q,quarterly,225496.65861,IDR billion
bi_seki.gdp_expenditure_constant.government_consumption,0000,Indonesia (national),2024-10-01,Q,quarterly,312496.45475,IDR billion
bi_seki.gdp_expenditure_constant.government_consumption,0000,Indonesia (national),2025-01-01,Q,quarterly,188175.34963,IDR billion
bi_seki.gdp_expenditure_constant.government_consumption,0000,Indonesia (national),2025-04-01,Q,quarterly,227453.88726,IDR billion
bi_seki.gdp_expenditure_constant.government_consumption,0000,Indonesia (national),2025-07-01,Q,quarterly,238284.7721,IDR billion
bi_seki.gdp_expenditure_constant.government_consumption,0000,Indonesia (national),2025-10-01,Q,quarterly,328077.1787,IDR billion
bi_seki.gdp_expenditure_constant.government_consumption,0000,Indonesia (national),2026-01-01,Q,quarterly,229222.81786,IDR billion
bi_seki.gdp_expenditure_constant.government_consumption,0000,Indonesia (national),2026-04-01,Q,quarterly,263788.38795,IDR billion
bi_seki.gdp_expenditure_constant.household_consumption,0000,Indonesia (national),2010-01-01,Q,quarterly,926097.5,IDR billion
bi_seki.gdp_expenditure_constant.household_consumption,0000,Indonesia (national),2010-04-01,Q,quarterly,937226.82,IDR billion
bi_seki.gdp_expenditure_constant.household_consumption,0000,Indonesia (national),2010-07-01,Q,quarterly,959649.86,IDR billion
bi_seki.gdp_expenditure_constant.household_consumption,0000,Indonesia (national),2010-10-01,Q,quarterly,963088.73,IDR billion
bi_seki.gdp_expenditure_constant.household_consumption,0000,Indonesia (national),2011-01-01,Q,quarterly,964261.9,IDR billion
bi_seki.gdp_expenditure_constant.household_consumption,0000,Indonesia (national),2011-04-01,Q,quarterly,980156.57,IDR billion
bi_seki.gdp_expenditure_constant.household_consumption,0000,Indonesia (national),2011-07-01,Q,quarterly,1016155.36,IDR billion
bi_seki.gdp_expenditure_constant.household_consumption,0000,Indonesia (national),2011-10-01,Q,quarterly,1016714.74,IDR billion
bi_seki.gdp_expenditure_constant.household_consumption,0000,Indonesia (national),2012-01-01,Q,quarterly,1017752.39,IDR billion
bi_seki.gdp_expenditure_constant.household_consumption,0000,Indonesia (national),2012-04-01,Q,quarterly,1034180.15,IDR billion
bi_seki.gdp_expenditure_constant.household_consumption,0000,Indonesia (national),2012-07-01,Q,quarterly,1071689.62,IDR billion
bi_seki.gdp_expenditure_constant.household_consumption,0000,Indonesia (national),2012-10-01,Q,quarterly,1072165.45,IDR billion
bi_seki.gdp_expenditure_constant.household_consumption,0000,Indonesia (national),2013-01-01,Q,quarterly,1075566.19,IDR billion
bi_seki.gdp_expenditure_constant.household_consumption,0000,Indonesia (national),2013-04-01,Q,quarterly,1089835.21,IDR billion
bi_seki.gdp_expenditure_constant.household_consumption,0000,Indonesia (national),2013-07-01,Q,quarterly,1128699.25,IDR billion
bi_seki.gdp_expenditure_constant.household_consumption,0000,Indonesia (national),2013-10-01,Q,quarterly,1129316.25,IDR billion
bi_seki.gdp_expenditure_constant.household_consumption,0000,Indonesia (national),2014-01-01,Q,quarterly,1131854.55,IDR billion
bi_seki.gdp_expenditure_constant.household_consumption,0000,Indonesia (national),2014-04-01,Q,quarterly,1146012.15,IDR billion
bi_seki.gdp_expenditure_constant.household_consumption,0000,Indonesia (national),2014-07-01,Q,quarterly,1186520.0,IDR billion
bi_seki.gdp_expenditure_constant.household_consumption,0000,Indonesia (national),2014-10-01,Q,quarterly,1186631.74,IDR billion
bi_seki.gdp_expenditure_constant.household_consumption,0000,Indonesia (national),2015-01-01,Q,quarterly,1188361.91,IDR billion
bi_seki.gdp_expenditure_constant.household_consumption,0000,Indonesia (national),2015-04-01,Q,quarterly,1202958.28,IDR billion
bi_seki.gdp_expenditure_constant.household_consumption,0000,Indonesia (national),2015-07-01,Q,quarterly,1245315.92,IDR billion
bi_seki.gdp_expenditure_constant.household_consumption,0000,Indonesia (national),2015-10-01,Q,quarterly,1244994.55,IDR billion
bi_seki.gdp_expenditure_constant.household_consumption,0000,Indonesia (national),2016-01-01,Q,quarterly,1247309.52,IDR billion
bi_seki.gdp_expenditure_constant.household_consumption,0000,Indonesia (national),2016-04-01,Q,quarterly,1264230.04,IDR billion
bi_seki.gdp_expenditure_constant.household_consumption,0000,Indonesia (national),2016-07-01,Q,quarterly,1307794.26,IDR billion
bi_seki.gdp_expenditure_constant.household_consumption,0000,Indonesia (national),2016-10-01,Q,quarterly,1306974.15,IDR billion
bi_seki.gdp_expenditure_constant.household_consumption,0000,Indonesia (national),2017-01-01,Q,quarterly,1308761.65,IDR billion
bi_seki.gdp_expenditure_constant.household_consumption,0000,Indonesia (national),2017-04-01,Q,quarterly,1326685.98,IDR billion
bi_seki.gdp_expenditure_constant.household_consumption,0000,Indonesia (national),2017-07-01,Q,quarterly,1372039.98,IDR billion
bi_seki.gdp_expenditure_constant.household_consumption,0000,Indonesia (national),2017-10-01,Q,quarterly,1372141.03,IDR billion
bi_seki.gdp_expenditure_constant.household_consumption,0000,Indonesia (national),2018-01-01,Q,quarterly,1373633.78,IDR billion
bi_seki.gdp_expenditure_constant.household_consumption,0000,Indonesia (national),2018-04-01,Q,quarterly,1395305.62,IDR billion
bi_seki.gdp_expenditure_constant.household_consumption,0000,Indonesia (national),2018-07-01,Q,quarterly,1440669.1,IDR billion
bi_seki.gdp_expenditure_constant.household_consumption,0000,Indonesia (national),2018-10-01,Q,quarterly,1441847.77,IDR billion
bi_seki.gdp_expenditure_constant.household_consumption,0000,Indonesia (national),2019-01-01,Q,quarterly,1442549.48,IDR billion
bi_seki.gdp_expenditure_constant.household_consumption,0000,Indonesia (national),2019-04-01,Q,quarterly,1467584.81,IDR billion
bi_seki.gdp_expenditure_constant.household_consumption,0000,Indonesia (national),2019-07-01,Q,quarterly,1512796.69,IDR billion
bi_seki.gdp_expenditure_constant.household_consumption,0000,Indonesia (national),2019-10-01,Q,quarterly,1513468.49,IDR billion
bi_seki.gdp_expenditure_constant.household_consumption,0000,Indonesia (national),2020-01-01,Q,quarterly,1483329.23,IDR billion
bi_seki.gdp_expenditure_constant.household_consumption,0000,Indonesia (national),2020-04-01,Q,quarterly,1386530.18,IDR billion
bi_seki.gdp_expenditure_constant.household_consumption,0000,Indonesia (national),2020-07-01,Q,quarterly,1451572.68,IDR billion
bi_seki.gdp_expenditure_constant.household_consumption,0000,Indonesia (national),2020-10-01,Q,quarterly,1458791.35,IDR billion
bi_seki.gdp_expenditure_constant.household_consumption,0000,Indonesia (national),2021-01-01,Q,quarterly,1450447.95,IDR billion
bi_seki.gdp_expenditure_constant.household_consumption,0000,Indonesia (national),2021-04-01,Q,quarterly,1469141.77,IDR billion
bi_seki.gdp_expenditure_constant.household_consumption,0000,Indonesia (national),2021-07-01,Q,quarterly,1466410.51,IDR billion
bi_seki.gdp_expenditure_constant.household_consumption,0000,Indonesia (national),2021-10-01,Q,quarterly,1510661.62,IDR billion
bi_seki.gdp_expenditure_constant.household_consumption,0000,Indonesia (national),2022-01-01,Q,quarterly,1513588.99,IDR billion
bi_seki.gdp_expenditure_constant.household_consumption,0000,Indonesia (national),2022-04-01,Q,quarterly,1550186.39,IDR billion
bi_seki.gdp_expenditure_constant.household_consumption,0000,Indonesia (national),2022-07-01,Q,quarterly,1545569.01,IDR billion
bi_seki.gdp_expenditure_constant.household_consumption,0000,Indonesia (national),2022-10-01,Q,quarterly,1578599.51,IDR billion
bi_seki.gdp_expenditure_constant.household_consumption,0000,Indonesia (national),2023-01-01,Q,quarterly,1582192.0,IDR billion
bi_seki.gdp_expenditure_constant.household_consumption,0000,Indonesia (national),2023-04-01,Q,quarterly,1631160.42,IDR billion
bi_seki.gdp_expenditure_constant.household_consumption,0000,Indonesia (national),2023-07-01,Q,quarterly,1623663.56,IDR billion
bi_seki.gdp_expenditure_constant.household_consumption,0000,Indonesia (national),2023-10-01,Q,quarterly,1649237.89,IDR billion
bi_seki.gdp_expenditure_constant.household_consumption,0000,Indonesia (national),2024-01-01,Q,quarterly,1659855.1185,IDR billion
bi_seki.gdp_expenditure_constant.household_consumption,0000,Indonesia (national),2024-04-01,Q,quarterly,1711656.0744,IDR billion
bi_seki.gdp_expenditure_constant.household_consumption,0000,Indonesia (national),2024-07-01,Q,quarterly,1703460.7336,IDR billion
bi_seki.gdp_expenditure_constant.household_consumption,0000,Indonesia (national),2024-10-01,Q,quarterly,1731431.5334,IDR billion
bi_seki.gdp_expenditure_constant.household_consumption,0000,Indonesia (national),2025-01-01,Q,quarterly,1742140.9509,IDR billion
bi_seki.gdp_expenditure_constant.household_consumption,0000,Indonesia (national),2025-04-01,Q,quarterly,1796840.8944,IDR billion
bi_seki.gdp_expenditure_constant.household_consumption,0000,Indonesia (national),2025-07-01,Q,quarterly,1786928.8033,IDR billion
bi_seki.gdp_expenditure_constant.household_consumption,0000,Indonesia (national),2025-10-01,Q,quarterly,1819891.7337,IDR billion
bi_seki.gdp_expenditure_constant.household_consumption,0000,Indonesia (national),2026-01-01,Q,quarterly,1838295.443,IDR billion
bi_seki.gdp_expenditure_constant.household_consumption,0000,Indonesia (national),2026-04-01,Q,quarterly,1887683.1406,IDR billion
bi_seki.gdp_expenditure_constant.total_consumption,0000,Indonesia (national),2010-01-01,Q,quarterly,1045673.3,IDR billion
bi_seki.gdp_expenditure_constant.total_consumption,0000,Indonesia (national),2010-04-01,Q,quarterly,1090218.49,IDR billion
bi_seki.gdp_expenditure_constant.total_consumption,0000,Indonesia (national),2010-07-01,Q,quarterly,1132942.39,IDR billion
bi_seki.gdp_expenditure_constant.total_consumption,0000,Indonesia (national),2010-10-01,Q,quarterly,1208165.58,IDR billion
bi_seki.gdp_expenditure_constant.total_consumption,0000,Indonesia (national),2011-01-01,Q,quarterly,1093251.96,IDR billion
bi_seki.gdp_expenditure_constant.total_consumption,0000,Indonesia (national),2011-04-01,Q,quarterly,1144598.11,IDR billion
bi_seki.gdp_expenditure_constant.total_consumption,0000,Indonesia (national),2011-07-01,Q,quarterly,1197786.78,IDR billion
bi_seki.gdp_expenditure_constant.total_consumption,0000,Indonesia (national),2011-10-01,Q,quarterly,1270733.73,IDR billion
bi_seki.gdp_expenditure_constant.total_consumption,0000,Indonesia (national),2012-01-01,Q,quarterly,1156445.0,IDR billion
bi_seki.gdp_expenditure_constant.total_consumption,0000,Indonesia (national),2012-04-01,Q,quarterly,1224344.0,IDR billion
bi_seki.gdp_expenditure_constant.total_consumption,0000,Indonesia (national),2012-07-01,Q,quarterly,1251514.0,IDR billion
bi_seki.gdp_expenditure_constant.total_consumption,0000,Indonesia (national),2012-10-01,Q,quarterly,1327222.0,IDR billion
bi_seki.gdp_expenditure_constant.total_consumption,0000,Indonesia (national),2013-01-01,Q,quarterly,1219072.19,IDR billion
bi_seki.gdp_expenditure_constant.total_consumption,0000,Indonesia (national),2013-04-01,Q,quarterly,1286558.92,IDR billion
bi_seki.gdp_expenditure_constant.total_consumption,0000,Indonesia (national),2013-07-01,Q,quarterly,1329060.61,IDR billion
bi_seki.gdp_expenditure_constant.total_consumption,0000,Indonesia (national),2013-10-01,Q,quarterly,1405155.26,IDR billion
bi_seki.gdp_expenditure_constant.total_consumption,0000,Indonesia (national),2014-01-01,Q,quarterly,1287620.79,IDR billion
bi_seki.gdp_expenditure_constant.total_consumption,0000,Indonesia (national),2014-04-01,Q,quarterly,1344308.16,IDR billion
bi_seki.gdp_expenditure_constant.total_consumption,0000,Indonesia (national),2014-07-01,Q,quarterly,1390246.59,IDR billion
bi_seki.gdp_expenditure_constant.total_consumption,0000,Indonesia (national),2014-10-01,Q,quarterly,1464546.02,IDR billion
bi_seki.gdp_expenditure_constant.total_consumption,0000,Indonesia (national),2015-01-01,Q,quarterly,1345850.95,IDR billion
bi_seki.gdp_expenditure_constant.total_consumption,0000,Indonesia (national),2015-04-01,Q,quarterly,1403678.37,IDR billion
bi_seki.gdp_expenditure_constant.total_consumption,0000,Indonesia (national),2015-07-01,Q,quarterly,1463365.26,IDR billion
bi_seki.gdp_expenditure_constant.total_consumption,0000,Indonesia (national),2015-10-01,Q,quarterly,1542934.07,IDR billion
bi_seki.gdp_expenditure_constant.total_consumption,0000,Indonesia (national),2016-01-01,Q,quarterly,1410903.98,IDR billion
bi_seki.gdp_expenditure_constant.total_consumption,0000,Indonesia (national),2016-04-01,Q,quarterly,1477545.25,IDR billion
bi_seki.gdp_expenditure_constant.total_consumption,0000,Indonesia (national),2016-07-01,Q,quarterly,1521814.73,IDR billion
bi_seki.gdp_expenditure_constant.total_consumption,0000,Indonesia (national),2016-10-01,Q,quarterly,1595710.81,IDR billion
bi_seki.gdp_expenditure_constant.total_consumption,0000,Indonesia (national),2017-01-01,Q,quarterly,1478099.99,IDR billion
bi_seki.gdp_expenditure_constant.total_consumption,0000,Indonesia (national),2017-04-01,Q,quarterly,1538578.23,IDR billion
bi_seki.gdp_expenditure_constant.total_consumption,0000,Indonesia (national),2017-07-01,Q,quarterly,1594139.38,IDR billion
bi_seki.gdp_expenditure_constant.total_consumption,0000,Indonesia (national),2017-10-01,Q,quarterly,1672231.79,IDR billion
bi_seki.gdp_expenditure_constant.total_consumption,0000,Indonesia (national),2018-01-01,Q,quarterly,1549010.56,IDR billion
bi_seki.gdp_expenditure_constant.total_consumption,0000,Indonesia (national),2018-04-01,Q,quarterly,1619243.65,IDR billion
bi_seki.gdp_expenditure_constant.total_consumption,0000,Indonesia (national),2018-07-01,Q,quarterly,1677346.88,IDR billion
bi_seki.gdp_expenditure_constant.total_consumption,0000,Indonesia (national),2018-10-01,Q,quarterly,1757452.91,IDR billion
bi_seki.gdp_expenditure_constant.total_consumption,0000,Indonesia (national),2019-01-01,Q,quarterly,1630646.11,IDR billion
bi_seki.gdp_expenditure_constant.total_consumption,0000,Indonesia (national),2019-04-01,Q,quarterly,1712126.55,IDR billion
bi_seki.gdp_expenditure_constant.total_consumption,0000,Indonesia (national),2019-07-01,Q,quarterly,1753819.23,IDR billion
bi_seki.gdp_expenditure_constant.total_consumption,0000,Indonesia (national),2019-10-01,Q,quarterly,1831797.97,IDR billion
bi_seki.gdp_expenditure_constant.total_consumption,0000,Indonesia (national),2020-01-01,Q,quarterly,1675658.73,IDR billion
bi_seki.gdp_expenditure_constant.total_consumption,0000,Indonesia (national),2020-04-01,Q,quarterly,1614710.16,IDR billion
bi_seki.gdp_expenditure_constant.total_consumption,0000,Indonesia (national),2020-07-01,Q,quarterly,1712337.76,IDR billion
bi_seki.gdp_expenditure_constant.total_consumption,0000,Indonesia (national),2020-10-01,Q,quarterly,1781968.82,IDR billion
bi_seki.gdp_expenditure_constant.total_consumption,0000,Indonesia (national),2021-01-01,Q,quarterly,1645725.03,IDR billion
bi_seki.gdp_expenditure_constant.total_consumption,0000,Indonesia (national),2021-04-01,Q,quarterly,1714880.45,IDR billion
bi_seki.gdp_expenditure_constant.total_consumption,0000,Indonesia (national),2021-07-01,Q,quarterly,1729695.65,IDR billion
bi_seki.gdp_expenditure_constant.total_consumption,0000,Indonesia (national),2021-10-01,Q,quarterly,1850092.35,IDR billion
bi_seki.gdp_expenditure_constant.total_consumption,0000,Indonesia (national),2022-01-01,Q,quarterly,1699917.47,IDR billion
bi_seki.gdp_expenditure_constant.total_consumption,0000,Indonesia (national),2022-04-01,Q,quarterly,1787835.31,IDR billion
bi_seki.gdp_expenditure_constant.total_consumption,0000,Indonesia (national),2022-07-01,Q,quarterly,1805117.13,IDR billion
bi_seki.gdp_expenditure_constant.total_consumption,0000,Indonesia (national),2022-10-01,Q,quarterly,1905535.85,IDR billion
bi_seki.gdp_expenditure_constant.total_consumption,0000,Indonesia (national),2023-01-01,Q,quarterly,1775629.68,IDR billion
bi_seki.gdp_expenditure_constant.total_consumption,0000,Indonesia (national),2023-04-01,Q,quarterly,1893029.4,IDR billion
bi_seki.gdp_expenditure_constant.total_consumption,0000,Indonesia (national),2023-07-01,Q,quarterly,1876612.33,IDR billion
bi_seki.gdp_expenditure_constant.total_consumption,0000,Indonesia (national),2023-10-01,Q,quarterly,1990835.48,IDR billion
bi_seki.gdp_expenditure_constant.total_consumption,0000,Indonesia (national),2024-01-01,Q,quarterly,1894261.4032,IDR billion
bi_seki.gdp_expenditure_constant.total_consumption,0000,Indonesia (national),2024-04-01,Q,quarterly,1982037.2755,IDR billion
bi_seki.gdp_expenditure_constant.total_consumption,0000,Indonesia (national),2024-07-01,Q,quarterly,1971110.0547,IDR billion
bi_seki.gdp_expenditure_constant.total_consumption,0000,Indonesia (national),2024-10-01,Q,quarterly,2088760.833,IDR billion
bi_seki.gdp_expenditure_constant.total_consumption,0000,Indonesia (national),2025-01-01,Q,quarterly,1975604.2082,IDR billion
bi_seki.gdp_expenditure_constant.total_consumption,0000,Indonesia (national),2025-04-01,Q,quarterly,2069814.8194,IDR billion
bi_seki.gdp_expenditure_constant.total_consumption,0000,Indonesia (national),2025-07-01,Q,quarterly,2068951.0345,IDR billion
bi_seki.gdp_expenditure_constant.total_consumption,0000,Indonesia (national),2025-10-01,Q,quarterly,2195447.6521,IDR billion
bi_seki.gdp_expenditure_constant.total_consumption,0000,Indonesia (national),2026-01-01,Q,quarterly,2115649.2343,IDR billion
bi_seki.gdp_expenditure_constant.total_consumption,0000,Indonesia (national),2026-04-01,Q,quarterly,2200146.382,IDR billion
bi_seki.gdp_expenditure_current.gdp,0000,Indonesia (national),2010-01-01,Q,quarterly,1603771.9,IDR billion
bi_seki.gdp_expenditure_current.gdp,0000,Indonesia (national),2010-04-01,Q,quarterly,1704509.9,IDR billion
bi_seki.gdp_expenditure_current.gdp,0000,Indonesia (national),2010-07-01,Q,quarterly,1786196.6,IDR billion
bi_seki.gdp_expenditure_current.gdp,0000,Indonesia (national),2010-10-01,Q,quarterly,1769654.7,IDR billion
bi_seki.gdp_expenditure_current.gdp,0000,Indonesia (national),2011-01-01,Q,quarterly,1834355.1,IDR billion
bi_seki.gdp_expenditure_current.gdp,0000,Indonesia (national),2011-04-01,Q,quarterly,1928233.0,IDR billion
bi_seki.gdp_expenditure_current.gdp,0000,Indonesia (national),2011-07-01,Q,quarterly,2053745.4,IDR billion
bi_seki.gdp_expenditure_current.gdp,0000,Indonesia (national),2011-10-01,Q,quarterly,2015392.5,IDR billion
bi_seki.gdp_expenditure_current.gdp,0000,Indonesia (national),2012-01-01,Q,quarterly,2061338.3,IDR billion
bi_seki.gdp_expenditure_current.gdp,0000,Indonesia (national),2012-04-01,Q,quarterly,2162036.9,IDR billion
bi_seki.gdp_expenditure_current.gdp,0000,Indonesia (national),2012-07-01,Q,quarterly,2223641.6,IDR billion
bi_seki.gdp_expenditure_current.gdp,0000,Indonesia (national),2012-10-01,Q,quarterly,2168687.7,IDR billion
bi_seki.gdp_expenditure_current.gdp,0000,Indonesia (national),2013-01-01,Q,quarterly,2235288.5,IDR billion
bi_seki.gdp_expenditure_current.gdp,0000,Indonesia (national),2013-04-01,Q,quarterly,2342589.5,IDR billion
bi_seki.gdp_expenditure_current.gdp,0000,Indonesia (national),2013-07-01,Q,quarterly,2491158.5,IDR billion
bi_seki.gdp_expenditure_current.gdp,0000,Indonesia (national),2013-10-01,Q,quarterly,2477097.5,IDR billion
bi_seki.gdp_expenditure_current.gdp,0000,Indonesia (national),2014-01-01,Q,quarterly,2506300.2,IDR billion
bi_seki.gdp_expenditure_current.gdp,0000,Indonesia (national),2014-04-01,Q,quarterly,2618947.3,IDR billion
bi_seki.gdp_expenditure_current.gdp,0000,Indonesia (national),2014-07-01,Q,quarterly,2746762.4,IDR billion
bi_seki.gdp_expenditure_current.gdp,0000,Indonesia (national),2014-10-01,Q,quarterly,2697695.4,IDR billion
bi_seki.gdp_expenditure_current.gdp,0000,Indonesia (national),2015-01-01,Q,quarterly,2728180.7,IDR billion
bi_seki.gdp_expenditure_current.gdp,0000,Indonesia (national),2015-04-01,Q,quarterly,2867948.4,IDR billion
bi_seki.gdp_expenditure_current.gdp,0000,Indonesia (national),2015-07-01,Q,quarterly,2990645.0,IDR billion
bi_seki.gdp_expenditure_current.gdp,0000,Indonesia (national),2015-10-01,Q,quarterly,2939558.7,IDR billion
bi_seki.gdp_expenditure_current.gdp,0000,Indonesia (national),2016-01-01,Q,quarterly,2929269.0,IDR billion
bi_seki.gdp_expenditure_current.gdp,0000,Indonesia (national),2016-04-01,Q,quarterly,3073536.7,IDR billion
bi_seki.gdp_expenditure_current.gdp,0000,Indonesia (national),2016-07-01,Q,quarterly,3205019.0,IDR billion
bi_seki.gdp_expenditure_current.gdp,0000,Indonesia (national),2016-10-01,Q,quarterly,3193903.8,IDR billion
bi_seki.gdp_expenditure_current.gdp,0000,Indonesia (national),2017-01-01,Q,quarterly,3228172.2,IDR billion
bi_seki.gdp_expenditure_current.gdp,0000,Indonesia (national),2017-04-01,Q,quarterly,3366787.3,IDR billion
bi_seki.gdp_expenditure_current.gdp,0000,Indonesia (national),2017-07-01,Q,quarterly,3504138.5,IDR billion
bi_seki.gdp_expenditure_current.gdp,0000,Indonesia (national),2017-10-01,Q,quarterly,3490727.7,IDR billion
bi_seki.gdp_expenditure_current.gdp,0000,Indonesia (national),2018-01-01,Q,quarterly,3510363.1,IDR billion
bi_seki.gdp_expenditure_current.gdp,0000,Indonesia (national),2018-04-01,Q,quarterly,3686836.4,IDR billion
bi_seki.gdp_expenditure_current.gdp,0000,Indonesia (national),2018-07-01,Q,quarterly,3842343.0,IDR billion
bi_seki.gdp_expenditure_current.gdp,0000,Indonesia (national),2018-10-01,Q,quarterly,3799213.5,IDR billion
bi_seki.gdp_expenditure_current.gdp,0000,Indonesia (national),2019-01-01,Q,quarterly,3782618.3,IDR billion
bi_seki.gdp_expenditure_current.gdp,0000,Indonesia (national),2019-04-01,Q,quarterly,3964074.7,IDR billion
bi_seki.gdp_expenditure_current.gdp,0000,Indonesia (national),2019-07-01,Q,quarterly,4067358.0,IDR billion
bi_seki.gdp_expenditure_current.gdp,0000,Indonesia (national),2019-10-01,Q,quarterly,4018606.2,IDR billion
bi_seki.gdp_expenditure_current.gdp,0000,Indonesia (national),2020-01-01,Q,quarterly,3923347.9,IDR billion
bi_seki.gdp_expenditure_current.gdp,0000,Indonesia (national),2020-04-01,Q,quarterly,3690742.2,IDR billion
bi_seki.gdp_expenditure_current.gdp,0000,Indonesia (national),2020-07-01,Q,quarterly,3897851.9,IDR billion
bi_seki.gdp_expenditure_current.gdp,0000,Indonesia (national),2020-10-01,Q,quarterly,3931411.2,IDR billion
bi_seki.gdp_expenditure_current.gdp,0000,Indonesia (national),2021-01-01,Q,quarterly,3972933.0,IDR billion
bi_seki.gdp_expenditure_current.gdp,0000,Indonesia (national),2021-04-01,Q,quarterly,4178022.0,IDR billion
bi_seki.gdp_expenditure_current.gdp,0000,Indonesia (national),2021-07-01,Q,quarterly,4327383.9,IDR billion
bi_seki.gdp_expenditure_current.gdp,0000,Indonesia (national),2021-10-01,Q,quarterly,4498412.5,IDR billion
bi_seki.gdp_expenditure_current.gdp,0000,Indonesia (national),2022-01-01,Q,quarterly,4508566.3,IDR billion
bi_seki.gdp_expenditure_current.gdp,0000,Indonesia (national),2022-04-01,Q,quarterly,4897889.0,IDR billion
bi_seki.gdp_expenditure_current.gdp,0000,Indonesia (national),2022-07-01,Q,quarterly,5066863.4,IDR billion
bi_seki.gdp_expenditure_current.gdp,0000,Indonesia (national),2022-10-01,Q,quarterly,5114771.2,IDR billion
bi_seki.gdp_expenditure_current.gdp,0000,Indonesia (national),2023-01-01,Q,quarterly,5071483.2,IDR billion
bi_seki.gdp_expenditure_current.gdp,0000,Indonesia (national),2023-04-01,Q,quarterly,5223368.0,IDR billion
bi_seki.gdp_expenditure_current.gdp,0000,Indonesia (national),2023-07-01,Q,quarterly,5294981.9,IDR billion
bi_seki.gdp_expenditure_current.gdp,0000,Indonesia (national),2023-10-01,Q,quarterly,5302543.6,IDR billion
bi_seki.gdp_expenditure_current.gdp,0000,Indonesia (national),2024-01-01,Q,quarterly,5288576.6,IDR billion
bi_seki.gdp_expenditure_current.gdp,0000,Indonesia (national),2024-04-01,Q,quarterly,5536588.5,IDR billion
bi_seki.gdp_expenditure_current.gdp,0000,Indonesia (national),2024-07-01,Q,quarterly,5638869.1,IDR billion
bi_seki.gdp_expenditure_current.gdp,0000,Indonesia (national),2024-10-01,Q,quarterly,5674929.8,IDR billion
bi_seki.gdp_expenditure_current.gdp,0000,Indonesia (national),2025-01-01,Q,quarterly,5665946.7,IDR billion
bi_seki.gdp_expenditure_current.gdp,0000,Indonesia (national),2025-04-01,Q,quarterly,5947526.6,IDR billion
bi_seki.gdp_expenditure_current.gdp,0000,Indonesia (national),2025-07-01,Q,quarterly,6060391.7,IDR billion
bi_seki.gdp_expenditure_current.gdp,0000,Indonesia (national),2025-10-01,Q,quarterly,6147238.6,IDR billion
bi_seki.gdp_expenditure_current.gdp,0000,Indonesia (national),2026-01-01,Q,quarterly,6187598.6,IDR billion
bi_seki.gdp_expenditure_current.gdp,0000,Indonesia (national),2026-04-01,Q,quarterly,6552068.0,IDR billion
bi_seki.gdp_expenditure_current.gfcf,0000,Indonesia (national),2010-01-01,Q,quarterly,482019.61,IDR billion
bi_seki.gdp_expenditure_current.gfcf,0000,Indonesia (national),2010-04-01,Q,quarterly,518919.56,IDR billion
bi_seki.gdp_expenditure_current.gfcf,0000,Indonesia (national),2010-07-01,Q,quarterly,549283.39,IDR billion
bi_seki.gdp_expenditure_current.gfcf,0000,Indonesia (national),2010-10-01,Q,quarterly,577618.12,IDR billion
bi_seki.gdp_expenditure_current.gfcf,0000,Indonesia (national),2011-01-01,Q,quarterly,567169.2,IDR billion
bi_seki.gdp_expenditure_current.gfcf,0000,Indonesia (national),2011-04-01,Q,quarterly,595426.83,IDR billion
bi_seki.gdp_expenditure_current.gfcf,0000,Indonesia (national),2011-07-01,Q,quarterly,620429.48,IDR billion
bi_seki.gdp_expenditure_current.gfcf,0000,Indonesia (national),2011-10-01,Q,quarterly,668888.5,IDR billion
bi_seki.gdp_expenditure_current.gfcf,0000,Indonesia (national),2012-01-01,Q,quarterly,631890.47,IDR billion
bi_seki.gdp_expenditure_current.gfcf,0000,Indonesia (national),2012-04-01,Q,quarterly,694878.73,IDR billion
bi_seki.gdp_expenditure_current.gfcf,0000,Indonesia (national),2012-07-01,Q,quarterly,723805.24,IDR billion
bi_seki.gdp_expenditure_current.gfcf,0000,Indonesia (national),2012-10-01,Q,quarterly,768452.03,IDR billion
bi_seki.gdp_expenditure_current.gfcf,0000,Indonesia (national),2013-01-01,Q,quarterly,698162.51,IDR billion
bi_seki.gdp_expenditure_current.gfcf,0000,Indonesia (national),2013-04-01,Q,quarterly,749671.67,IDR billion
bi_seki.gdp_expenditure_current.gfcf,0000,Indonesia (national),2013-07-01,Q,quarterly,785268.92,IDR billion
bi_seki.gdp_expenditure_current.gfcf,0000,Indonesia (national),2013-10-01,Q,quarterly,818393.06,IDR billion
bi_seki.gdp_expenditure_current.gfcf,0000,Indonesia (national),2014-01-01,Q,quarterly,803255.86,IDR billion
bi_seki.gdp_expenditure_current.gfcf,0000,Indonesia (national),2014-04-01,Q,quarterly,839647.21,IDR billion
bi_seki.gdp_expenditure_current.gfcf,0000,Indonesia (national),2014-07-01,Q,quarterly,870756.39,IDR billion
bi_seki.gdp_expenditure_current.gfcf,0000,Indonesia (national),2014-10-01,Q,quarterly,923264.28,IDR billion
bi_seki.gdp_expenditure_current.gfcf,0000,Indonesia (national),2015-01-01,Q,quarterly,889557.96,IDR billion
bi_seki.gdp_expenditure_current.gfcf,0000,Indonesia (national),2015-04-01,Q,quarterly,924217.81,IDR billion
bi_seki.gdp_expenditure_current.gfcf,0000,Indonesia (national),2015-07-01,Q,quarterly,961083.25,IDR billion
bi_seki.gdp_expenditure_current.gfcf,0000,Indonesia (national),2015-10-01,Q,quarterly,1007152.84,IDR billion
bi_seki.gdp_expenditure_current.gfcf,0000,Indonesia (national),2016-01-01,Q,quarterly,962005.67,IDR billion
bi_seki.gdp_expenditure_current.gfcf,0000,Indonesia (national),2016-04-01,Q,quarterly,985737.21,IDR billion
bi_seki.gdp_expenditure_current.gfcf,0000,Indonesia (national),2016-07-01,Q,quarterly,1021330.01,IDR billion
bi_seki.gdp_expenditure_current.gfcf,0000,Indonesia (national),2016-10-01,Q,quarterly,1071128.92,IDR billion
bi_seki.gdp_expenditure_current.gfcf,0000,Indonesia (national),2017-01-01,Q,quarterly,1017939.44,IDR billion
bi_seki.gdp_expenditure_current.gfcf,0000,Indonesia (national),2017-04-01,Q,quarterly,1055677.47,IDR billion
bi_seki.gdp_expenditure_current.gfcf,0000,Indonesia (national),2017-07-01,Q,quarterly,1115902.5,IDR billion
bi_seki.gdp_expenditure_current.gfcf,0000,Indonesia (national),2017-10-01,Q,quarterly,1181055.36,IDR billion
bi_seki.gdp_expenditure_current.gfcf,0000,Indonesia (national),2018-01-01,Q,quarterly,1125787.84,IDR billion
bi_seki.gdp_expenditure_current.gfcf,0000,Indonesia (national),2018-04-01,Q,quarterly,1146715.26,IDR billion
bi_seki.gdp_expenditure_current.gfcf,0000,Indonesia (national),2018-07-01,Q,quarterly,1231495.8,IDR billion
bi_seki.gdp_expenditure_current.gfcf,0000,Indonesia (national),2018-10-01,Q,quarterly,1287212.39,IDR billion
bi_seki.gdp_expenditure_current.gfcf,0000,Indonesia (national),2019-01-01,Q,quarterly,1216322.26,IDR billion
bi_seki.gdp_expenditure_current.gfcf,0000,Indonesia (national),2019-04-01,Q,quarterly,1232871.09,IDR billion
bi_seki.gdp_expenditure_current.gfcf,0000,Indonesia (national),2019-07-01,Q,quarterly,1311737.83,IDR billion
bi_seki.gdp_expenditure_current.gfcf,0000,Indonesia (national),2019-10-01,Q,quarterly,1360440.17,IDR billion
bi_seki.gdp_expenditure_current.gfcf,0000,Indonesia (national),2020-01-01,Q,quarterly,1249563.48,IDR billion
bi_seki.gdp_expenditure_current.gfcf,0000,Indonesia (national),2020-04-01,Q,quarterly,1128943.41,IDR billion
bi_seki.gdp_expenditure_current.gfcf,0000,Indonesia (national),2020-07-01,Q,quarterly,1226977.9,IDR billion
bi_seki.gdp_expenditure_current.gfcf,0000,Indonesia (national),2020-10-01,Q,quarterly,1291564.9,IDR billion
bi_seki.gdp_expenditure_current.gfcf,0000,Indonesia (national),2021-01-01,Q,quarterly,1269669.39,IDR billion
bi_seki.gdp_expenditure_current.gfcf,0000,Indonesia (national),2021-04-01,Q,quarterly,1246826.9,IDR billion
bi_seki.gdp_expenditure_current.gfcf,0000,Indonesia (national),2021-07-01,Q,quarterly,1316437.11,IDR billion
bi_seki.gdp_expenditure_current.gfcf,0000,Indonesia (national),2021-10-01,Q,quarterly,1394920.55,IDR billion
bi_seki.gdp_expenditure_current.gfcf,0000,Indonesia (national),2022-01-01,Q,quarterly,1373600.42,IDR billion
bi_seki.gdp_expenditure_current.gfcf,0000,Indonesia (national),2022-04-01,Q,quarterly,1343767.28,IDR billion
bi_seki.gdp_expenditure_current.gfcf,0000,Indonesia (national),2022-07-01,Q,quarterly,1453968.07,IDR billion
bi_seki.gdp_expenditure_current.gfcf,0000,Indonesia (national),2022-10-01,Q,quarterly,1525943.4,IDR billion
bi_seki.gdp_expenditure_current.gfcf,0000,Indonesia (national),2023-01-01,Q,quarterly,1476500.27,IDR billion
bi_seki.gdp_expenditure_current.gfcf,0000,Indonesia (national),2023-04-01,Q,quarterly,1458108.72,IDR billion
bi_seki.gdp_expenditure_current.gfcf,0000,Indonesia (national),2023-07-01,Q,quarterly,1572027.33,IDR billion
bi_seki.gdp_expenditure_current.gfcf,0000,Indonesia (national),2023-10-01,Q,quarterly,1621067.74,IDR billion
bi_seki.gdp_expenditure_current.gfcf,0000,Indonesia (national),2024-01-01,Q,quarterly,1541268.741,IDR billion
bi_seki.gdp_expenditure_current.gfcf,0000,Indonesia (national),2024-04-01,Q,quarterly,1535419.2474,IDR billion
bi_seki.gdp_expenditure_current.gfcf,0000,Indonesia (national),2024-07-01,Q,quarterly,1666669.035,IDR billion
bi_seki.gdp_expenditure_current.gfcf,0000,Indonesia (national),2024-10-01,Q,quarterly,1709173.702,IDR billion
bi_seki.gdp_expenditure_current.gfcf,0000,Indonesia (national),2025-01-01,Q,quarterly,1588439.5753,IDR billion
bi_seki.gdp_expenditure_current.gfcf,0000,Indonesia (national),2025-04-01,Q,quarterly,1655713.7663,IDR billion
bi_seki.gdp_expenditure_current.gfcf,0000,Indonesia (national),2025-07-01,Q,quarterly,1762844.9105,IDR billion
bi_seki.gdp_expenditure_current.gfcf,0000,Indonesia (national),2025-10-01,Q,quarterly,1845619.5718,IDR billion
bi_seki.gdp_expenditure_current.gfcf,0000,Indonesia (national),2026-01-01,Q,quarterly,1750540.8764,IDR billion
bi_seki.gdp_expenditure_current.gfcf,0000,Indonesia (national),2026-04-01,Q,quarterly,1923704.2961,IDR billion
bi_seki.gdp_expenditure_current.government_consumption,0000,Indonesia (national),2010-01-01,Q,quarterly,99719.94,IDR billion
bi_seki.gdp_expenditure_current.government_consumption,0000,Indonesia (national),2010-04-01,Q,quarterly,135049.45,IDR billion
bi_seki.gdp_expenditure_current.government_consumption,0000,Indonesia (national),2010-07-01,Q,quarterly,156238.44,IDR billion
bi_seki.gdp_expenditure_current.government_consumption,0000,Indonesia (national),2010-10-01,Q,quarterly,227170.16,IDR billion
bi_seki.gdp_expenditure_current.government_consumption,0000,Indonesia (national),2011-01-01,Q,quarterly,111402.61,IDR billion
bi_seki.gdp_expenditure_current.government_consumption,0000,Indonesia (national),2011-04-01,Q,quarterly,151733.12,IDR billion
bi_seki.gdp_expenditure_current.government_consumption,0000,Indonesia (national),2011-07-01,Q,quarterly,190106.93,IDR billion
bi_seki.gdp_expenditure_current.government_consumption,0000,Indonesia (national),2011-10-01,Q,quarterly,256208.11,IDR billion
bi_seki.gdp_expenditure_current.government_consumption,0000,Indonesia (national),2012-01-01,Q,quarterly,131998.18,IDR billion
bi_seki.gdp_expenditure_current.government_consumption,0000,Indonesia (national),2012-04-01,Q,quarterly,210057.23,IDR billion
bi_seki.gdp_expenditure_current.government_consumption,0000,Indonesia (national),2012-07-01,Q,quarterly,187790.58,IDR billion
bi_seki.gdp_expenditure_current.government_consumption,0000,Indonesia (national),2012-10-01,Q,quarterly,267002.29,IDR billion
bi_seki.gdp_expenditure_current.government_consumption,0000,Indonesia (national),2013-01-01,Q,quarterly,143258.77,IDR billion
bi_seki.gdp_expenditure_current.government_consumption,0000,Indonesia (national),2013-04-01,Q,quarterly,213435.29,IDR billion
bi_seki.gdp_expenditure_current.government_consumption,0000,Indonesia (national),2013-07-01,Q,quarterly,232916.71,IDR billion
bi_seki.gdp_expenditure_current.government_consumption,0000,Indonesia (national),2013-10-01,Q,quarterly,318963.53,IDR billion
bi_seki.gdp_expenditure_current.government_consumption,0000,Indonesia (national),2014-01-01,Q,quarterly,165771.11,IDR billion
bi_seki.gdp_expenditure_current.government_consumption,0000,Indonesia (national),2014-04-01,Q,quarterly,228369.85,IDR billion
bi_seki.gdp_expenditure_current.government_consumption,0000,Indonesia (national),2014-07-01,Q,quarterly,258028.84,IDR billion
bi_seki.gdp_expenditure_current.government_consumption,0000,Indonesia (national),2014-10-01,Q,quarterly,344027.64,IDR billion
bi_seki.gdp_expenditure_current.government_consumption,0000,Indonesia (national),2015-01-01,Q,quarterly,180357.57,IDR billion
bi_seki.gdp_expenditure_current.government_consumption,0000,Indonesia (national),2015-04-01,Q,quarterly,253555.6,IDR billion
bi_seki.gdp_expenditure_current.government_consumption,0000,Indonesia (national),2015-07-01,Q,quarterly,292231.75,IDR billion
bi_seki.gdp_expenditure_current.government_consumption,0000,Indonesia (national),2015-10-01,Q,quarterly,397604.95,IDR billion
bi_seki.gdp_expenditure_current.government_consumption,0000,Indonesia (national),2016-01-01,Q,quarterly,200758.29,IDR billion
bi_seki.gdp_expenditure_current.government_consumption,0000,Indonesia (national),2016-04-01,Q,quarterly,290485.36,IDR billion
bi_seki.gdp_expenditure_current.government_consumption,0000,Indonesia (national),2016-07-01,Q,quarterly,289529.46,IDR billion
bi_seki.gdp_expenditure_current.government_consumption,0000,Indonesia (national),2016-10-01,Q,quarterly,400840.02,IDR billion
bi_seki.gdp_expenditure_current.government_consumption,0000,Indonesia (national),2017-01-01,Q,quarterly,212590.7,IDR billion
bi_seki.gdp_expenditure_current.government_consumption,0000,Indonesia (national),2017-04-01,Q,quarterly,290743.74,IDR billion
bi_seki.gdp_expenditure_current.government_consumption,0000,Indonesia (national),2017-07-01,Q,quarterly,308468.97,IDR billion
bi_seki.gdp_expenditure_current.government_consumption,0000,Indonesia (national),2017-10-01,Q,quarterly,427666.32,IDR billion
bi_seki.gdp_expenditure_current.government_consumption,0000,Indonesia (national),2018-01-01,Q,quarterly,225342.25,IDR billion
bi_seki.gdp_expenditure_current.government_consumption,0000,Indonesia (national),2018-04-01,Q,quarterly,316261.1,IDR billion
bi_seki.gdp_expenditure_current.government_consumption,0000,Indonesia (national),2018-07-01,Q,quarterly,334131.54,IDR billion
bi_seki.gdp_expenditure_current.government_consumption,0000,Indonesia (national),2018-10-01,Q,quarterly,462903.69,IDR billion
bi_seki.gdp_expenditure_current.government_consumption,0000,Indonesia (national),2019-01-01,Q,quarterly,241716.24,IDR billion
bi_seki.gdp_expenditure_current.government_consumption,0000,Indonesia (national),2019-04-01,Q,quarterly,350361.26,IDR billion
bi_seki.gdp_expenditure_current.government_consumption,0000,Indonesia (national),2019-07-01,Q,quarterly,340056.29,IDR billion
bi_seki.gdp_expenditure_current.government_consumption,0000,Indonesia (national),2019-10-01,Q,quarterly,462481.27,IDR billion
bi_seki.gdp_expenditure_current.government_consumption,0000,Indonesia (national),2020-01-01,Q,quarterly,260667.28,IDR billion
bi_seki.gdp_expenditure_current.government_consumption,0000,Indonesia (national),2020-04-01,Q,quarterly,334880.44,IDR billion
bi_seki.gdp_expenditure_current.government_consumption,0000,Indonesia (national),2020-07-01,Q,quarterly,393492.77,IDR billion
bi_seki.gdp_expenditure_current.government_consumption,0000,Indonesia (national),2020-10-01,Q,quarterly,502131.18,IDR billion
bi_seki.gdp_expenditure_current.government_consumption,0000,Indonesia (national),2021-01-01,Q,quarterly,270752.5,IDR billion
bi_seki.gdp_expenditure_current.government_consumption,0000,Indonesia (national),2021-04-01,Q,quarterly,367543.42,IDR billion
bi_seki.gdp_expenditure_current.government_consumption,0000,Indonesia (national),2021-07-01,Q,quarterly,396217.45,IDR billion
bi_seki.gdp_expenditure_current.government_consumption,0000,Indonesia (national),2021-10-01,Q,quarterly,535316.92,IDR billion
bi_seki.gdp_expenditure_current.government_consumption,0000,Indonesia (national),2022-01-01,Q,quarterly,253654.7,IDR billion
bi_seki.gdp_expenditure_current.government_consumption,0000,Indonesia (national),2022-04-01,Q,quarterly,350190.63,IDR billion
bi_seki.gdp_expenditure_current.government_consumption,0000,Indonesia (national),2022-07-01,Q,quarterly,391794.22,IDR billion
bi_seki.gdp_expenditure_current.government_consumption,0000,Indonesia (national),2022-10-01,Q,quarterly,509368.36,IDR billion
bi_seki.gdp_expenditure_current.government_consumption,0000,Indonesia (national),2023-01-01,Q,quarterly,265957.98,IDR billion
bi_seki.gdp_expenditure_current.government_consumption,0000,Indonesia (national),2023-04-01,Q,quarterly,388204.42,IDR billion
bi_seki.gdp_expenditure_current.government_consumption,0000,Indonesia (national),2023-07-01,Q,quarterly,375050.11,IDR billion
bi_seki.gdp_expenditure_current.government_consumption,0000,Indonesia (national),2023-10-01,Q,quarterly,526307.27,IDR billion
bi_seki.gdp_expenditure_current.government_consumption,0000,Indonesia (national),2024-01-01,Q,quarterly,331984.99313,IDR billion
bi_seki.gdp_expenditure_current.government_consumption,0000,Indonesia (national),2024-04-01,Q,quarterly,407232.23387,IDR billion
bi_seki.gdp_expenditure_current.government_consumption,0000,Indonesia (national),2024-07-01,Q,quarterly,407367.90623,IDR billion
bi_seki.gdp_expenditure_current.government_consumption,0000,Indonesia (national),2024-10-01,Q,quarterly,564965.71479,IDR billion
bi_seki.gdp_expenditure_current.government_consumption,0000,Indonesia (national),2025-01-01,Q,quarterly,333940.37042,IDR billion
bi_seki.gdp_expenditure_current.government_consumption,0000,Indonesia (national),2025-04-01,Q,quarterly,412580.17095,IDR billion
bi_seki.gdp_expenditure_current.government_consumption,0000,Indonesia (national),2025-07-01,Q,quarterly,435897.544,IDR billion
bi_seki.gdp_expenditure_current.government_consumption,0000,Indonesia (national),2025-10-01,Q,quarterly,611879.77813,IDR billion
bi_seki.gdp_expenditure_current.government_consumption,0000,Indonesia (national),2026-01-01,Q,quarterly,415611.89053,IDR billion
bi_seki.gdp_expenditure_current.government_consumption,0000,Indonesia (national),2026-04-01,Q,quarterly,496081.24326,IDR billion
bi_seki.gdp_expenditure_current.household_consumption,0000,Indonesia (national),2010-01-01,Q,quarterly,895753.54,IDR billion
bi_seki.gdp_expenditure_current.household_consumption,0000,Indonesia (national),2010-04-01,Q,quarterly,922277.68,IDR billion
bi_seki.gdp_expenditure_current.household_consumption,0000,Indonesia (national),2010-07-01,Q,quarterly,976638.97,IDR billion
bi_seki.gdp_expenditure_current.household_consumption,0000,Indonesia (national),2010-10-01,Q,quarterly,991392.72,IDR billion
bi_seki.gdp_expenditure_current.household_consumption,0000,Indonesia (national),2011-01-01,Q,quarterly,1011406.98,IDR billion
bi_seki.gdp_expenditure_current.household_consumption,0000,Indonesia (national),2011-04-01,Q,quarterly,1032644.96,IDR billion
bi_seki.gdp_expenditure_current.household_consumption,0000,Indonesia (national),2011-07-01,Q,quarterly,1099561.87,IDR billion
bi_seki.gdp_expenditure_current.household_consumption,0000,Indonesia (national),2011-10-01,Q,quarterly,1116461.73,IDR billion
bi_seki.gdp_expenditure_current.household_consumption,0000,Indonesia (national),2012-01-01,Q,quarterly,1133036.72,IDR billion
bi_seki.gdp_expenditure_current.household_consumption,0000,Indonesia (national),2012-04-01,Q,quarterly,1166926.95,IDR billion
bi_seki.gdp_expenditure_current.household_consumption,0000,Indonesia (national),2012-07-01,Q,quarterly,1232273.35,IDR billion
bi_seki.gdp_expenditure_current.household_consumption,0000,Indonesia (national),2012-10-01,Q,quarterly,1236508.04,IDR billion
bi_seki.gdp_expenditure_current.household_consumption,0000,Indonesia (national),2013-01-01,Q,quarterly,1258569.33,IDR billion
bi_seki.gdp_expenditure_current.household_consumption,0000,Indonesia (national),2013-04-01,Q,quarterly,1287548.32,IDR billion
bi_seki.gdp_expenditure_current.household_consumption,0000,Indonesia (national),2013-07-01,Q,quarterly,1382170.76,IDR billion
bi_seki.gdp_expenditure_current.household_consumption,0000,Indonesia (national),2013-10-01,Q,quarterly,1392799.22,IDR billion
bi_seki.gdp_expenditure_current.household_consumption,0000,Indonesia (national),2014-01-01,Q,quarterly,1413501.21,IDR billion
bi_seki.gdp_expenditure_current.household_consumption,0000,Indonesia (national),2014-04-01,Q,quarterly,1438172.18,IDR billion
bi_seki.gdp_expenditure_current.household_consumption,0000,Indonesia (national),2014-07-01,Q,quarterly,1506784.96,IDR billion
bi_seki.gdp_expenditure_current.household_consumption,0000,Indonesia (national),2014-10-01,Q,quarterly,1556735.88,IDR billion
bi_seki.gdp_expenditure_current.household_consumption,0000,Indonesia (national),2015-01-01,Q,quarterly,1558274.33,IDR billion
bi_seki.gdp_expenditure_current.household_consumption,0000,Indonesia (national),2015-04-01,Q,quarterly,1590742.3,IDR billion
bi_seki.gdp_expenditure_current.household_consumption,0000,Indonesia (national),2015-07-01,Q,quarterly,1667108.94,IDR billion
bi_seki.gdp_expenditure_current.household_consumption,0000,Indonesia (national),2015-10-01,Q,quarterly,1674804.11,IDR billion
bi_seki.gdp_expenditure_current.household_consumption,0000,Indonesia (national),2016-01-01,Q,quarterly,1694520.23,IDR billion
bi_seki.gdp_expenditure_current.household_consumption,0000,Indonesia (national),2016-04-01,Q,quarterly,1723162.37,IDR billion
bi_seki.gdp_expenditure_current.household_consumption,0000,Indonesia (national),2016-07-01,Q,quarterly,1799929.55,IDR billion
bi_seki.gdp_expenditure_current.household_consumption,0000,Indonesia (national),2016-10-01,Q,quarterly,1809411.31,IDR billion
bi_seki.gdp_expenditure_current.household_consumption,0000,Indonesia (national),2017-01-01,Q,quarterly,1838351.06,IDR billion
bi_seki.gdp_expenditure_current.household_consumption,0000,Indonesia (national),2017-04-01,Q,quarterly,1871559.07,IDR billion
bi_seki.gdp_expenditure_current.household_consumption,0000,Indonesia (national),2017-07-01,Q,quarterly,1950543.19,IDR billion
bi_seki.gdp_expenditure_current.household_consumption,0000,Indonesia (national),2017-10-01,Q,quarterly,1962602.79,IDR billion
bi_seki.gdp_expenditure_current.household_consumption,0000,Indonesia (national),2018-01-01,Q,quarterly,1992971.36,IDR billion
bi_seki.gdp_expenditure_current.household_consumption,0000,Indonesia (national),2018-04-01,Q,quarterly,2036114.11,IDR billion
bi_seki.gdp_expenditure_current.household_consumption,0000,Indonesia (national),2018-07-01,Q,quarterly,2115546.01,IDR billion
bi_seki.gdp_expenditure_current.household_consumption,0000,Indonesia (national),2018-10-01,Q,quarterly,2129582.95,IDR billion
bi_seki.gdp_expenditure_current.household_consumption,0000,Indonesia (national),2019-01-01,Q,quarterly,2150541.12,IDR billion
bi_seki.gdp_expenditure_current.household_consumption,0000,Indonesia (national),2019-04-01,Q,quarterly,2213275.4,IDR billion
bi_seki.gdp_expenditure_current.household_consumption,0000,Indonesia (national),2019-07-01,Q,quarterly,2298377.08,IDR billion
bi_seki.gdp_expenditure_current.household_consumption,0000,Indonesia (national),2019-10-01,Q,quarterly,2303643.78,IDR billion
bi_seki.gdp_expenditure_current.household_consumption,0000,Indonesia (national),2020-01-01,Q,quarterly,2280068.94,IDR billion
bi_seki.gdp_expenditure_current.household_consumption,0000,Indonesia (national),2020-04-01,Q,quarterly,2133196.3,IDR billion
bi_seki.gdp_expenditure_current.household_consumption,0000,Indonesia (national),2020-07-01,Q,quarterly,2231944.53,IDR billion
bi_seki.gdp_expenditure_current.household_consumption,0000,Indonesia (national),2020-10-01,Q,quarterly,2254707.82,IDR billion
bi_seki.gdp_expenditure_current.household_consumption,0000,Indonesia (national),2021-01-01,Q,quarterly,2259704.73,IDR billion
bi_seki.gdp_expenditure_current.household_consumption,0000,Indonesia (national),2021-04-01,Q,quarterly,2300324.56,IDR billion
bi_seki.gdp_expenditure_current.household_consumption,0000,Indonesia (national),2021-07-01,Q,quarterly,2296253.41,IDR billion
bi_seki.gdp_expenditure_current.household_consumption,0000,Indonesia (national),2021-10-01,Q,quarterly,2379766.4,IDR billion
bi_seki.gdp_expenditure_current.household_consumption,0000,Indonesia (national),2022-01-01,Q,quarterly,2421658.67,IDR billion
bi_seki.gdp_expenditure_current.household_consumption,0000,Indonesia (national),2022-04-01,Q,quarterly,2532669.28,IDR billion
bi_seki.gdp_expenditure_current.household_consumption,0000,Indonesia (national),2022-07-01,Q,quarterly,2564964.34,IDR billion
bi_seki.gdp_expenditure_current.household_consumption,0000,Indonesia (national),2022-10-01,Q,quarterly,2642441.17,IDR billion
bi_seki.gdp_expenditure_current.household_consumption,0000,Indonesia (national),2023-01-01,Q,quarterly,2682147.26,IDR billion
bi_seki.gdp_expenditure_current.household_consumption,0000,Indonesia (national),2023-04-01,Q,quarterly,2786297.38,IDR billion
bi_seki.gdp_expenditure_current.household_consumption,0000,Indonesia (national),2023-07-01,Q,quarterly,2787017.43,IDR billion
bi_seki.gdp_expenditure_current.household_consumption,0000,Indonesia (national),2023-10-01,Q,quarterly,2854103.9,IDR billion
bi_seki.gdp_expenditure_current.household_consumption,0000,Indonesia (national),2024-01-01,Q,quarterly,2905129.7789,IDR billion
bi_seki.gdp_expenditure_current.household_consumption,0000,Indonesia (national),2024-04-01,Q,quarterly,3019138.9616,IDR billion
bi_seki.gdp_expenditure_current.household_consumption,0000,Indonesia (national),2024-07-01,Q,quarterly,2992599.8909,IDR billion
bi_seki.gdp_expenditure_current.household_consumption,0000,Indonesia (national),2024-10-01,Q,quarterly,3048077.9871,IDR billion
bi_seki.gdp_expenditure_current.household_consumption,0000,Indonesia (national),2025-01-01,Q,quarterly,3091225.4793,IDR billion
bi_seki.gdp_expenditure_current.household_consumption,0000,Indonesia (national),2025-04-01,Q,quarterly,3226244.6489,IDR billion
bi_seki.gdp_expenditure_current.household_consumption,0000,Indonesia (national),2025-07-01,Q,quarterly,3220536.2733,IDR billion
bi_seki.gdp_expenditure_current.household_consumption,0000,Indonesia (national),2025-10-01,Q,quarterly,3296788.2532,IDR billion
bi_seki.gdp_expenditure_current.household_consumption,0000,Indonesia (national),2026-01-01,Q,quarterly,3363168.9271,IDR billion
bi_seki.gdp_expenditure_current.household_consumption,0000,Indonesia (national),2026-04-01,Q,quarterly,3493504.817,IDR billion
bi_seki.gdp_expenditure_current.npish_consumption,0000,Indonesia (national),2010-01-01,Q,quarterly,17210.82,IDR billion
bi_seki.gdp_expenditure_current.npish_consumption,0000,Indonesia (national),2010-04-01,Q,quarterly,17607.78,IDR billion
bi_seki.gdp_expenditure_current.npish_consumption,0000,Indonesia (national),2010-07-01,Q,quarterly,18730.22,IDR billion
bi_seki.gdp_expenditure_current.npish_consumption,0000,Indonesia (national),2010-10-01,Q,quarterly,19210.06,IDR billion
bi_seki.gdp_expenditure_current.npish_consumption,0000,Indonesia (national),2011-01-01,Q,quarterly,19055.44,IDR billion
bi_seki.gdp_expenditure_current.npish_consumption,0000,Indonesia (national),2011-04-01,Q,quarterly,19537.86,IDR billion
bi_seki.gdp_expenditure_current.npish_consumption,0000,Indonesia (national),2011-07-01,Q,quarterly,20689.02,IDR billion
bi_seki.gdp_expenditure_current.npish_consumption,0000,Indonesia (national),2011-10-01,Q,quarterly,21247.57,IDR billion
bi_seki.gdp_expenditure_current.npish_consumption,0000,Indonesia (national),2012-01-01,Q,quarterly,21039.64,IDR billion
bi_seki.gdp_expenditure_current.npish_consumption,0000,Indonesia (national),2012-04-01,Q,quarterly,21826.21,IDR billion
bi_seki.gdp_expenditure_current.npish_consumption,0000,Indonesia (national),2012-07-01,Q,quarterly,23083.9,IDR billion
bi_seki.gdp_expenditure_current.npish_consumption,0000,Indonesia (national),2012-10-01,Q,quarterly,23636.02,IDR billion
bi_seki.gdp_expenditure_current.npish_consumption,0000,Indonesia (national),2013-01-01,Q,quarterly,23732.0,IDR billion
bi_seki.gdp_expenditure_current.npish_consumption,0000,Indonesia (national),2013-04-01,Q,quarterly,24601.0,IDR billion
bi_seki.gdp_expenditure_current.npish_consumption,0000,Indonesia (national),2013-07-01,Q,quarterly,26698.0,IDR billion
bi_seki.gdp_expenditure_current.npish_consumption,0000,Indonesia (national),2013-10-01,Q,quarterly,28898.0,IDR billion
bi_seki.gdp_expenditure_current.npish_consumption,0000,Indonesia (national),2014-01-01,Q,quarterly,31361.0,IDR billion
bi_seki.gdp_expenditure_current.npish_consumption,0000,Indonesia (national),2014-04-01,Q,quarterly,32212.0,IDR billion
bi_seki.gdp_expenditure_current.npish_consumption,0000,Indonesia (national),2014-07-01,Q,quarterly,29506.0,IDR billion
bi_seki.gdp_expenditure_current.npish_consumption,0000,Indonesia (national),2014-10-01,Q,quarterly,31163.0,IDR billion
bi_seki.gdp_expenditure_current.npish_consumption,0000,Indonesia (national),2015-01-01,Q,quarterly,30676.24,IDR billion
bi_seki.gdp_expenditure_current.npish_consumption,0000,Indonesia (national),2015-04-01,Q,quarterly,31793.59,IDR billion
bi_seki.gdp_expenditure_current.npish_consumption,0000,Indonesia (national),2015-07-01,Q,quarterly,33591.8,IDR billion
bi_seki.gdp_expenditure_current.npish_consumption,0000,Indonesia (national),2015-10-01,Q,quarterly,34888.94,IDR billion
bi_seki.gdp_expenditure_current.npish_consumption,0000,Indonesia (national),2016-01-01,Q,quarterly,34092.75,IDR billion
bi_seki.gdp_expenditure_current.npish_consumption,0000,Indonesia (national),2016-04-01,Q,quarterly,35104.79,IDR billion
bi_seki.gdp_expenditure_current.npish_consumption,0000,Indonesia (national),2016-07-01,Q,quarterly,36931.97,IDR billion
bi_seki.gdp_expenditure_current.npish_consumption,0000,Indonesia (national),2016-10-01,Q,quarterly,38369.86,IDR billion
bi_seki.gdp_expenditure_current.npish_consumption,0000,Indonesia (national),2017-01-01,Q,quarterly,38317.83,IDR billion
bi_seki.gdp_expenditure_current.npish_consumption,0000,Indonesia (national),2017-04-01,Q,quarterly,39704.12,IDR billion
bi_seki.gdp_expenditure_current.npish_consumption,0000,Indonesia (national),2017-07-01,Q,quarterly,40770.88,IDR billion
bi_seki.gdp_expenditure_current.npish_consumption,0000,Indonesia (national),2017-10-01,Q,quarterly,41801.6,IDR billion
bi_seki.gdp_expenditure_current.npish_consumption,0000,Indonesia (national),2018-01-01,Q,quarterly,42796.47,IDR billion
bi_seki.gdp_expenditure_current.npish_consumption,0000,Indonesia (national),2018-04-01,Q,quarterly,44608.15,IDR billion
bi_seki.gdp_expenditure_current.npish_consumption,0000,Indonesia (national),2018-07-01,Q,quarterly,45671.41,IDR billion
bi_seki.gdp_expenditure_current.npish_consumption,0000,Indonesia (national),2018-10-01,Q,quarterly,47817.23,IDR billion
bi_seki.gdp_expenditure_current.npish_consumption,0000,Indonesia (national),2019-01-01,Q,quarterly,51368.08,IDR billion
bi_seki.gdp_expenditure_current.npish_consumption,0000,Indonesia (national),2019-04-01,Q,quarterly,53041.56,IDR billion
bi_seki.gdp_expenditure_current.npish_consumption,0000,Indonesia (national),2019-07-01,Q,quarterly,50719.66,IDR billion
bi_seki.gdp_expenditure_current.npish_consumption,0000,Indonesia (national),2019-10-01,Q,quarterly,50965.18,IDR billion
bi_seki.gdp_expenditure_current.npish_consumption,0000,Indonesia (national),2020-01-01,Q,quarterly,50283.85,IDR billion
bi_seki.gdp_expenditure_current.npish_consumption,0000,Indonesia (national),2020-04-01,Q,quarterly,49998.24,IDR billion
bi_seki.gdp_expenditure_current.npish_consumption,0000,Indonesia (national),2020-07-01,Q,quarterly,50394.67,IDR billion
bi_seki.gdp_expenditure_current.npish_consumption,0000,Indonesia (national),2020-10-01,Q,quarterly,50774.8,IDR billion
bi_seki.gdp_expenditure_current.npish_consumption,0000,Indonesia (national),2021-01-01,Q,quarterly,49142.1,IDR billion
bi_seki.gdp_expenditure_current.npish_consumption,0000,Indonesia (national),2021-04-01,Q,quarterly,52798.84,IDR billion
bi_seki.gdp_expenditure_current.npish_consumption,0000,Indonesia (national),2021-07-01,Q,quarterly,52654.56,IDR billion
bi_seki.gdp_expenditure_current.npish_consumption,0000,Indonesia (national),2021-10-01,Q,quarterly,53320.72,IDR billion
bi_seki.gdp_expenditure_current.npish_consumption,0000,Indonesia (national),2022-01-01,Q,quarterly,53238.46,IDR billion
bi_seki.gdp_expenditure_current.npish_consumption,0000,Indonesia (national),2022-04-01,Q,quarterly,57558.74,IDR billion
bi_seki.gdp_expenditure_current.npish_consumption,0000,Indonesia (national),2022-07-01,Q,quarterly,58706.37,IDR billion
bi_seki.gdp_expenditure_current.npish_consumption,0000,Indonesia (national),2022-10-01,Q,quarterly,59495.45,IDR billion
bi_seki.gdp_expenditure_current.npish_consumption,0000,Indonesia (national),2023-01-01,Q,quarterly,59477.71,IDR billion
bi_seki.gdp_expenditure_current.npish_consumption,0000,Indonesia (national),2023-04-01,Q,quarterly,64972.03,IDR billion
bi_seki.gdp_expenditure_current.npish_consumption,0000,Indonesia (national),2023-07-01,Q,quarterly,64127.49,IDR billion
bi_seki.gdp_expenditure_current.npish_consumption,0000,Indonesia (national),2023-10-01,Q,quarterly,72154.17,IDR billion
bi_seki.gdp_expenditure_current.npish_consumption,0000,Indonesia (national),2024-01-01,Q,quarterly,75820.01849,IDR billion
bi_seki.gdp_expenditure_current.npish_consumption,0000,Indonesia (national),2024-04-01,Q,quarterly,73343.896328,IDR billion
bi_seki.gdp_expenditure_current.npish_consumption,0000,Indonesia (national),2024-07-01,Q,quarterly,73007.838459,IDR billion
bi_seki.gdp_expenditure_current.npish_consumption,0000,Indonesia (national),2024-10-01,Q,quarterly,77908.645649,IDR billion
bi_seki.gdp_expenditure_current.npish_consumption,0000,Indonesia (national),2025-01-01,Q,quarterly,78588.46559,IDR billion
bi_seki.gdp_expenditure_current.npish_consumption,0000,Indonesia (national),2025-04-01,Q,quarterly,80508.200842,IDR billion
bi_seki.gdp_expenditure_current.npish_consumption,0000,Indonesia (national),2025-07-01,Q,quarterly,77603.157248,IDR billion
bi_seki.gdp_expenditure_current.npish_consumption,0000,Indonesia (national),2025-10-01,Q,quarterly,84843.662758,IDR billion
bi_seki.gdp_expenditure_current.npish_consumption,0000,Indonesia (national),2026-01-01,Q,quarterly,86800.477383,IDR billion
bi_seki.gdp_expenditure_current.npish_consumption,0000,Indonesia (national),2026-04-01,Q,quarterly,88622.412571,IDR billion
bi_seki.gdp_expenditure_current.total_consumption,0000,Indonesia (national),2010-01-01,Q,quarterly,1012684.3,IDR billion
bi_seki.gdp_expenditure_current.total_consumption,0000,Indonesia (national),2010-04-01,Q,quarterly,1074934.91,IDR billion
bi_seki.gdp_expenditure_current.total_consumption,0000,Indonesia (national),2010-07-01,Q,quarterly,1151607.62,IDR billion
bi_seki.gdp_expenditure_current.total_consumption,0000,Indonesia (national),2010-10-01,Q,quarterly,1237772.94,IDR billion
bi_seki.gdp_expenditure_current.total_consumption,0000,Indonesia (national),2011-01-01,Q,quarterly,1141865.02,IDR billion
bi_seki.gdp_expenditure_current.total_consumption,0000,Indonesia (national),2011-04-01,Q,quarterly,1203915.94,IDR billion
bi_seki.gdp_expenditure_current.total_consumption,0000,Indonesia (national),2011-07-01,Q,quarterly,1310357.82,IDR billion
bi_seki.gdp_expenditure_current.total_consumption,0000,Indonesia (national),2011-10-01,Q,quarterly,1393917.42,IDR billion
bi_seki.gdp_expenditure_current.total_consumption,0000,Indonesia (national),2012-01-01,Q,quarterly,1286075.0,IDR billion
bi_seki.gdp_expenditure_current.total_consumption,0000,Indonesia (national),2012-04-01,Q,quarterly,1398810.0,IDR billion
bi_seki.gdp_expenditure_current.total_consumption,0000,Indonesia (national),2012-07-01,Q,quarterly,1443148.0,IDR billion
bi_seki.gdp_expenditure_current.total_consumption,0000,Indonesia (national),2012-10-01,Q,quarterly,1527146.0,IDR billion
bi_seki.gdp_expenditure_current.total_consumption,0000,Indonesia (national),2013-01-01,Q,quarterly,1425560.1,IDR billion
bi_seki.gdp_expenditure_current.total_consumption,0000,Indonesia (national),2013-04-01,Q,quarterly,1525584.62,IDR billion
bi_seki.gdp_expenditure_current.total_consumption,0000,Indonesia (national),2013-07-01,Q,quarterly,1641785.47,IDR billion
bi_seki.gdp_expenditure_current.total_consumption,0000,Indonesia (national),2013-10-01,Q,quarterly,1740660.74,IDR billion
bi_seki.gdp_expenditure_current.total_consumption,0000,Indonesia (national),2014-01-01,Q,quarterly,1610633.32,IDR billion
bi_seki.gdp_expenditure_current.total_consumption,0000,Indonesia (national),2014-04-01,Q,quarterly,1698754.04,IDR billion
bi_seki.gdp_expenditure_current.total_consumption,0000,Indonesia (national),2014-07-01,Q,quarterly,1794319.8,IDR billion
bi_seki.gdp_expenditure_current.total_consumption,0000,Indonesia (national),2014-10-01,Q,quarterly,1931926.52,IDR billion
bi_seki.gdp_expenditure_current.total_consumption,0000,Indonesia (national),2015-01-01,Q,quarterly,1769308.14,IDR billion
bi_seki.gdp_expenditure_current.total_consumption,0000,Indonesia (national),2015-04-01,Q,quarterly,1876091.5,IDR billion
bi_seki.gdp_expenditure_current.total_consumption,0000,Indonesia (national),2015-07-01,Q,quarterly,1992932.49,IDR billion
bi_seki.gdp_expenditure_current.total_consumption,0000,Indonesia (national),2015-10-01,Q,quarterly,2107298.0,IDR billion
bi_seki.gdp_expenditure_current.total_consumption,0000,Indonesia (national),2016-01-01,Q,quarterly,1929371.28,IDR billion
bi_seki.gdp_expenditure_current.total_consumption,0000,Indonesia (national),2016-04-01,Q,quarterly,2048752.52,IDR billion
bi_seki.gdp_expenditure_current.total_consumption,0000,Indonesia (national),2016-07-01,Q,quarterly,2126390.99,IDR billion
bi_seki.gdp_expenditure_current.total_consumption,0000,Indonesia (national),2016-10-01,Q,quarterly,2248621.19,IDR billion
bi_seki.gdp_expenditure_current.total_consumption,0000,Indonesia (national),2017-01-01,Q,quarterly,2089259.59,IDR billion
bi_seki.gdp_expenditure_current.total_consumption,0000,Indonesia (national),2017-04-01,Q,quarterly,2202006.93,IDR billion
bi_seki.gdp_expenditure_current.total_consumption,0000,Indonesia (national),2017-07-01,Q,quarterly,2299783.04,IDR billion
bi_seki.gdp_expenditure_current.total_consumption,0000,Indonesia (national),2017-10-01,Q,quarterly,2432070.7,IDR billion
bi_seki.gdp_expenditure_current.total_consumption,0000,Indonesia (national),2018-01-01,Q,quarterly,2261110.08,IDR billion
bi_seki.gdp_expenditure_current.total_consumption,0000,Indonesia (national),2018-04-01,Q,quarterly,2396983.36,IDR billion
bi_seki.gdp_expenditure_current.total_consumption,0000,Indonesia (national),2018-07-01,Q,quarterly,2495348.96,IDR billion
bi_seki.gdp_expenditure_current.total_consumption,0000,Indonesia (national),2018-10-01,Q,quarterly,2640303.86,IDR billion
bi_seki.gdp_expenditure_current.total_consumption,0000,Indonesia (national),2019-01-01,Q,quarterly,2443625.44,IDR billion
bi_seki.gdp_expenditure_current.total_consumption,0000,Indonesia (national),2019-04-01,Q,quarterly,2616678.22,IDR billion
bi_seki.gdp_expenditure_current.total_consumption,0000,Indonesia (national),2019-07-01,Q,quarterly,2689153.03,IDR billion
bi_seki.gdp_expenditure_current.total_consumption,0000,Indonesia (national),2019-10-01,Q,quarterly,2817090.24,IDR billion
bi_seki.gdp_expenditure_current.total_consumption,0000,Indonesia (national),2020-01-01,Q,quarterly,2591020.07,IDR billion
bi_seki.gdp_expenditure_current.total_consumption,0000,Indonesia (national),2020-04-01,Q,quarterly,2518074.97,IDR billion
bi_seki.gdp_expenditure_current.total_consumption,0000,Indonesia (national),2020-07-01,Q,quarterly,2675831.96,IDR billion
bi_seki.gdp_expenditure_current.total_consumption,0000,Indonesia (national),2020-10-01,Q,quarterly,2807613.8,IDR billion
bi_seki.gdp_expenditure_current.total_consumption,0000,Indonesia (national),2021-01-01,Q,quarterly,2579599.33,IDR billion
bi_seki.gdp_expenditure_current.total_consumption,0000,Indonesia (national),2021-04-01,Q,quarterly,2720666.82,IDR billion
bi_seki.gdp_expenditure_current.total_consumption,0000,Indonesia (national),2021-07-01,Q,quarterly,2745125.42,IDR billion
bi_seki.gdp_expenditure_current.total_consumption,0000,Indonesia (national),2021-10-01,Q,quarterly,2968404.04,IDR billion
bi_seki.gdp_expenditure_current.total_consumption,0000,Indonesia (national),2022-01-01,Q,quarterly,2728551.82,IDR billion
bi_seki.gdp_expenditure_current.total_consumption,0000,Indonesia (national),2022-04-01,Q,quarterly,2940418.64,IDR billion
bi_seki.gdp_expenditure_current.total_consumption,0000,Indonesia (national),2022-07-01,Q,quarterly,3015464.94,IDR billion
bi_seki.gdp_expenditure_current.total_consumption,0000,Indonesia (national),2022-10-01,Q,quarterly,3211304.97,IDR billion
bi_seki.gdp_expenditure_current.total_consumption,0000,Indonesia (national),2023-01-01,Q,quarterly,3007582.96,IDR billion
bi_seki.gdp_expenditure_current.total_consumption,0000,Indonesia (national),2023-04-01,Q,quarterly,3239473.83,IDR billion
bi_seki.gdp_expenditure_current.total_consumption,0000,Indonesia (national),2023-07-01,Q,quarterly,3226195.02,IDR billion
bi_seki.gdp_expenditure_current.total_consumption,0000,Indonesia (national),2023-10-01,Q,quarterly,3452565.33,IDR billion
bi_seki.gdp_expenditure_current.total_consumption,0000,Indonesia (national),2024-01-01,Q,quarterly,3312934.7906,IDR billion
bi_seki.gdp_expenditure_current.total_consumption,0000,Indonesia (national),2024-04-01,Q,quarterly,3499715.0918,IDR billion
bi_seki.gdp_expenditure_current.total_consumption,0000,Indonesia (national),2024-07-01,Q,quarterly,3472975.6356,IDR billion
bi_seki.gdp_expenditure_current.total_consumption,0000,Indonesia (national),2024-10-01,Q,quarterly,3690952.3475,IDR billion
bi_seki.gdp_expenditure_current.total_consumption,0000,Indonesia (national),2025-01-01,Q,quarterly,3503754.3153,IDR billion
bi_seki.gdp_expenditure_current.total_consumption,0000,Indonesia (national),2025-04-01,Q,quarterly,3719333.0206,IDR billion
bi_seki.gdp_expenditure_current.total_consumption,0000,Indonesia (national),2025-07-01,Q,quarterly,3734036.9745,IDR billion
bi_seki.gdp_expenditure_current.total_consumption,0000,Indonesia (national),2025-10-01,Q,quarterly,3993511.6941,IDR billion
bi_seki.gdp_expenditure_current.total_consumption,0000,Indonesia (national),2026-01-01,Q,quarterly,3865581.295,IDR billion
bi_seki.gdp_expenditure_current.total_consumption,0000,Indonesia (national),2026-04-01,Q,quarterly,4078208.4729,IDR billion
